hour_ts,avg_speed_mph,temp_f,precip_mm,wind_mph,hour,day_of_week,month
2024-01-01 00:00:00,17.08,33.08,0.1,18.8896784,0,0,1
2024-01-01 01:00:00,19.092000000000002,32.72,0.1,18.8896784,1,0,1
2024-01-01 02:00:00,18.368000000000002,32.9,0.1,18.7032671,2,0,1
2024-01-01 03:00:00,20.658333333333335,33.44,0.1,17.274113800000002,3,0,1
2024-01-01 04:00:00,21.215,33.08,0.0,15.7828234,4,0,1
2024-01-01 05:00:00,22.05666666666667,32.18,0.0,14.3536701,5,0,1
2024-01-01 06:00:00,22.875,30.74,0.0,14.5400814,6,0,1
2024-01-01 07:00:00,22.125,30.02,0.0,14.5400814,7,0,1
2024-01-01 08:00:00,21.933333333333334,30.02,0.0,12.986653899999999,8,0,1
2024-01-01 09:00:00,21.511666666666667,29.3,0.0,11.371089300000001,9,0,1
2024-01-01 10:00:00,20.454,29.48,0.0,10.004073100000001,10,0,1
2024-01-01 11:00:00,19.658333333333335,30.92,0.0,9.0098795,11,0,1
2024-01-01 12:00:00,18.75,32.36,0.0,8.2642343,12,0,1
2024-01-01 13:00:00,18.433333333333334,33.26,0.0,7.3321778,13,0,1
2024-01-01 14:00:00,18.523333333333333,34.52,0.0,9.0098795,14,0,1
2024-01-01 15:00:00,18.253999999999998,34.52,0.0,9.1962908,15,0,1
2024-01-01 16:00:00,17.94,33.98,0.0,8.947742400000001,16,0,1
2024-01-01 17:00:00,17.843333333333334,32.18,0.0,8.2642343,17,0,1
2024-01-01 18:00:00,18.296666666666667,29.48,0.0,7.7050004,18,0,1
2024-01-01 19:00:00,19.316666666666666,28.04,0.0,7.0836294,19,0,1
2024-01-01 20:00:00,20.794999999999998,28.76,0.0,8.015685900000001,20,0,1
2024-01-01 21:00:00,20.965,28.580000000000002,0.0,10.004073100000001,21,0,1
2024-01-01 22:00:00,22.045,27.86,0.0,10.811855399999999,22,0,1
2024-01-01 23:00:00,22.5,27.32,0.0,11.246815100000001,23,0,1
2024-01-02 00:00:00,23.753333333333334,26.240000000000002,0.0,11.122540899999999,0,1,1
2024-01-02 01:00:00,25.56833333333333,25.34,0.0,11.743911899999999,1,1,1
2024-01-02 02:00:00,24.35166666666667,24.439999999999998,0.0,10.936129600000001,2,1,1
2024-01-02 03:00:00,23.688333333333333,23.9,0.0,10.501169899999999,3,1,1
2024-01-02 04:00:00,24.65833333333333,23.72,0.0,10.1283473,4,1,1
2024-01-02 05:00:00,22.06833333333333,23.72,0.0,10.501169899999999,5,1,1
2024-01-02 06:00:00,19.656666666666666,23.72,0.0,10.936129600000001,6,1,1
2024-01-02 07:00:00,17.16,23.9,0.0,10.811855399999999,7,1,1
2024-01-02 08:00:00,15.226666666666667,23.9,0.0,11.246815100000001,8,1,1
2024-01-02 09:00:00,16.591666666666665,24.8,0.0,13.235202300000001,9,1,1
2024-01-02 10:00:00,18.296666666666667,27.5,0.0,13.9187104,10,1,1
2024-01-02 11:00:00,18.07,30.38,0.0,15.4721379,11,1,1
2024-01-02 12:00:00,17.616666666666667,33.44,0.0,16.777017,12,1,1
2024-01-02 13:00:00,17.843333333333334,35.24,0.0,16.839154100000002,13,1,1
2024-01-02 14:00:00,17.656666666666666,36.14,0.0,16.652742800000002,14,1,1
2024-01-02 15:00:00,16.24833333333333,36.5,0.0,14.8507669,15,1,1
2024-01-02 16:00:00,14.660000000000002,36.5,0.0,13.297339399999998,16,1,1
2024-01-02 17:00:00,14.341666666666667,35.78,0.0,12.1788716,17,1,1
2024-01-02 18:00:00,15.501666666666667,34.52,0.0,11.4953635,18,1,1
2024-01-02 19:00:00,17.843333333333334,33.44,0.0,11.9303232,19,1,1
2024-01-02 20:00:00,18.75,30.92,0.0,8.947742400000001,20,1,1
2024-01-02 21:00:00,19.883333333333333,29.12,0.0,8.077823,21,1,1
2024-01-02 22:00:00,20.68,28.22,0.0,7.3943149,22,1,1
2024-01-02 23:00:00,22.30666666666667,28.94,0.0,7.0214923,23,1,1
2024-01-03 00:00:00,23.18166666666667,29.3,0.0,6.4622584000000005,0,2,1
2024-01-03 01:00:00,24.626666666666665,30.02,0.0,6.7108068,1,2,1
2024-01-03 02:00:00,24.916666666666668,30.2,0.0,7.1457665,2,2,1
2024-01-03 03:00:00,26.293333333333333,30.02,0.0,7.2700407,3,2,1
2024-01-03 04:00:00,26.403333333333336,30.2,0.0,7.5807262,4,2,1
2024-01-03 05:00:00,22.058333333333334,30.38,0.0,7.3943149,5,2,1
2024-01-03 06:00:00,19.658333333333335,30.38,0.0,6.9593552,6,2,1
2024-01-03 07:00:00,17.271666666666665,30.38,0.0,6.2758471,7,2,1
2024-01-03 08:00:00,14.773333333333333,30.2,0.0,6.2758471,8,2,1
2024-01-03 09:00:00,16.021666666666665,30.56,0.0,6.5243955,9,2,1
2024-01-03 10:00:00,18.12666666666667,31.82,0.0,7.3321778,10,2,1
2024-01-03 11:00:00,17.599999999999998,32.9,0.0,7.4564520000000005,11,2,1
2024-01-03 12:00:00,17.656666666666666,34.7,0.0,8.4506456,12,2,1
2024-01-03 13:00:00,17.616666666666667,35.42,0.0,10.6875812,13,2,1
2024-01-03 14:00:00,17.73,35.42,0.0,10.004073100000001,14,2,1
2024-01-03 15:00:00,16.361666666666668,35.78,0.0,9.8176618,15,2,1
2024-01-03 16:00:00,14.205,35.78,0.0,9.941936,16,2,1
2024-01-03 17:00:00,14.091666666666667,35.06,0.0,7.7671375000000005,17,2,1
2024-01-03 18:00:00,15.568333333333333,34.34,0.0,7.1457665,18,2,1
2024-01-03 19:00:00,17.843333333333334,33.98,0.0,7.5807262,19,2,1
2024-01-03 20:00:00,18.75,32.72,0.0,8.326371400000001,20,2,1
2024-01-03 21:00:00,19.77,32.18,0.0,8.202097199999999,21,2,1
2024-01-03 22:00:00,20.566666666666666,31.64,0.0,9.1962908,22,2,1
2024-01-03 23:00:00,22.16,30.2,0.0,9.0098795,23,2,1
2024-01-04 00:00:00,23.52333333333333,30.02,0.0,9.258427900000001,0,3,1
2024-01-04 01:00:00,23.16,29.48,0.0,10.0662102,1,3,1
2024-01-04 02:00:00,20.648333333333333,29.66,0.0,11.6196377,2,3,1
2024-01-04 03:00:00,19.94333333333333,30.56,0.0,12.2410087,3,3,1
2024-01-04 04:00:00,23.521666666666665,29.66,0.0,12.303145800000001,4,3,1
2024-01-04 05:00:00,22.84,27.68,0.0,11.743911899999999,5,3,1
2024-01-04 06:00:00,19.99833333333333,27.32,0.0,11.184678,6,3,1
2024-01-04 07:00:00,17.273333333333333,28.04,0.0,10.004073100000001,7,3,1
2024-01-04 08:00:00,15.113333333333335,28.76,0.0,9.134153699999999,8,3,1
2024-01-04 09:00:00,16.386666666666667,28.4,0.0,8.3885085,9,3,1
2024-01-04 10:00:00,17.956666666666667,29.48,0.0,8.202097199999999,10,3,1
2024-01-04 11:00:00,17.843333333333334,31.28,0.0,8.015685900000001,11,3,1
2024-01-04 12:00:00,17.503333333333334,32.18,0.0,6.9593552,12,3,1
2024-01-04 13:00:00,17.616666666666667,32.9,0.0,3.7903631,13,3,1
2024-01-04 14:00:00,17.273333333333333,33.26,0.0,1.3670162000000001,14,3,1
2024-01-04 15:00:00,15.589999999999998,33.62,0.0,0.3106855,15,3,1
2024-01-04 16:00:00,14.088333333333333,33.8,0.0,2.2990727,16,3,1
2024-01-04 17:00:00,13.75,32.72,0.0,3.7282260000000003,17,3,1
2024-01-04 18:00:00,15.228333333333333,29.12,0.0,3.9767744,18,3,1
2024-01-04 19:00:00,17.503333333333334,27.5,0.0,5.4680648000000005,19,3,1
2024-01-04 20:00:00,18.07,26.240000000000002,0.0,5.4680648000000005,20,3,1
2024-01-04 21:00:00,19.543333333333333,24.8,0.0,4.411734099999999,21,3,1
2024-01-04 22:00:00,20.683333333333334,23.9,0.0,4.1631857000000005,22,3,1
2024-01-04 23:00:00,21.135,23.72,0.0,3.6660889,23,3,1
2024-01-05 00:00:00,22.501666666666665,24.26,0.0,3.106855,0,4,1
2024-01-05 01:00:00,22.69333333333333,24.08,0.0,3.0447179,1,4,1
2024-01-05 02:00:00,21.615,22.28,0.0,3.7903631,2,4,1
2024-01-05 03:00:00,20.900000000000002,22.28,0.0,5.592339,3,4,1
2024-01-05 04:00:00,22.956666666666667,22.28,0.0,5.840887400000001,4,4,1
2024-01-05 05:00:00,22.46666666666667,23.0,0.0,6.027298699999999,5,4,1
2024-01-05 06:00:00,20.099999999999998,22.82,0.0,6.4622584000000005,6,4,1
2024-01-05 07:00:00,16.935,23.18,0.0,6.21371,7,4,1
2024-01-05 08:00:00,15.113333333333335,24.8,0.0,6.7729439000000005,8,4,1
2024-01-05 09:00:00,16.406666666666666,25.7,0.0,6.648669699999999,9,4,1
2024-01-05 10:00:00,18.07,28.4,0.0,7.5185891,10,4,1
2024-01-05 11:00:00,18.002000000000002,31.46,0.0,6.835081,11,4,1
2024-01-05 12:00:00,17.458000000000002,33.8,0.0,6.7108068,12,4,1
2024-01-05 13:00:00,17.503333333333334,34.52,0.0,7.1457665,13,4,1
2024-01-05 14:00:00,17.688,35.42,0.0,6.21371,14,4,1
2024-01-05 15:00:00,16.363333333333333,35.78,0.0,9.3827021,15,4,1
2024-01-05 16:00:00,14.545,35.6,0.0,6.648669699999999,16,4,1
2024-01-05 17:00:00,13.976666666666667,33.98,0.0,5.530201900000001,17,4,1
2024-01-05 18:00:00,15.908333333333333,31.28,0.0,6.027298699999999,18,4,1
2024-01-05 19:00:00,17.956666666666667,31.82,0.0,7.0214923,19,4,1
2024-01-05 20:00:00,17.956666666666667,32.54,0.0,9.6312505,20,4,1
2024-01-05 21:00:00,18.976666666666667,32.54,0.0,10.501169899999999,21,4,1
2024-01-05 22:00:00,20.318,32.18,0.0,9.6933876,22,4,1
2024-01-05 23:00:00,20.304,31.82,0.0,10.8739925,23,4,1
2024-01-06 00:00:00,20.454,31.28,0.2,9.1962908,0,5,1
2024-01-06 01:00:00,22.4125,30.74,0.5,10.190484399999999,1,5,1
2024-01-06 02:00:00,20.9825,30.74,0.5,10.1283473,2,5,1
2024-01-06 03:00:00,19.825,30.92,0.4,9.5691134,3,5,1
2024-01-06 04:00:00,21.9875,30.74,0.5,9.0720166,4,5,1
2024-01-06 05:00:00,21.990000000000002,30.38,0.6,9.258427900000001,5,5,1
2024-01-06 06:00:00,21.48,30.38,0.4,9.0720166,6,5,1
2024-01-06 07:00:00,20.455,30.38,0.4,8.202097199999999,7,5,1
2024-01-06 08:00:00,19.226,30.92,0.2,7.2700407,8,5,1
2024-01-06 09:00:00,18.240000000000002,30.92,0.1,6.4622584000000005,9,5,1
2024-01-06 10:00:00,18.274,31.28,0.1,6.9593552,10,5,1
2024-01-06 11:00:00,17.866,32.0,0.1,7.7671375000000005,11,5,1
2024-01-06 12:00:00,17.322,31.82,0.1,6.4622584000000005,12,5,1
2024-01-06 13:00:00,16.774,32.18,0.2,5.6544761,13,5,1
2024-01-06 14:00:00,17.322,32.54,0.1,5.2816535,14,5,1
2024-01-06 15:00:00,17.046,33.08,0.1,4.4738712000000005,15,5,1
2024-01-06 16:00:00,16.705,33.26,0.0,2.7961695,16,5,1
2024-01-06 17:00:00,16.8775,33.26,0.0,2.6097582,17,5,1
2024-01-06 18:00:00,17.458000000000002,32.36,0.0,3.3554034,18,5,1
2024-01-06 19:00:00,17.274,32.54,0.1,3.106855,19,5,1
2024-01-06 20:00:00,17.388333333333332,32.18,0.2,2.9825808,20,5,1
2024-01-06 21:00:00,17.616666666666667,32.18,0.1,2.9204437000000003,21,5,1
2024-01-06 22:00:00,18.183333333333334,32.0,0.1,3.3554034,22,5,1
2024-01-06 23:00:00,19.885,31.82,0.2,4.1010485999999995,23,5,1
2024-01-07 00:00:00,21.215,31.64,0.2,4.4738712000000005,0,6,1
2024-01-07 01:00:00,20.68166666666667,31.46,0.2,5.592339,1,6,1
2024-01-07 02:00:00,20.195,31.46,0.2,6.835081,2,6,1
2024-01-07 03:00:00,20.669999999999998,31.1,0.3,7.7050004,3,6,1
2024-01-07 04:00:00,20.885,31.1,0.2,8.512782699999999,4,6,1
2024-01-07 05:00:00,23.183333333333334,30.92,0.0,9.8797989,5,6,1
2024-01-07 06:00:00,21.77333333333333,30.74,0.0,10.2526215,6,6,1
2024-01-07 07:00:00,21.136666666666667,30.2,0.0,10.4390328,7,6,1
2024-01-07 08:00:00,20.226666666666667,30.56,0.1,10.625444100000001,8,6,1
2024-01-07 09:00:00,19.43,30.38,0.0,10.3768957,9,6,1
2024-01-07 10:00:00,18.863333333333333,30.92,0.0,12.5516942,10,6,1
2024-01-07 11:00:00,18.75,32.18,0.0,10.563307,11,6,1
2024-01-07 12:00:00,18.41,33.26,0.0,11.433226399999999,12,6,1
2024-01-07 13:00:00,17.728333333333335,34.16,0.0,12.7381055,13,6,1
2024-01-07 14:00:00,17.383333333333336,34.52,0.0,12.054597399999999,14,6,1
2024-01-07 15:00:00,17.73,34.7,0.0,13.235202300000001,15,6,1
2024-01-07 16:00:00,17.503333333333334,34.52,0.0,8.512782699999999,16,6,1
2024-01-07 17:00:00,17.50166666666667,33.98,0.0,9.6933876,17,6,1
2024-01-07 18:00:00,17.388333333333332,33.62,0.0,9.7555247,18,6,1
2024-01-07 19:00:00,18.183333333333334,33.62,0.0,7.7671375000000005,19,6,1
2024-01-07 20:00:00,18.75166666666667,31.1,0.0,4.2874599,20,6,1
2024-01-07 21:00:00,20.794999999999998,28.76,0.0,7.2079036,21,6,1
2024-01-07 22:00:00,19.656666666666666,27.32,0.0,7.3321778,22,6,1
2024-01-07 23:00:00,22.046666666666667,26.96,0.0,6.9593552,23,6,1
2024-01-08 00:00:00,22.956666666666667,26.78,0.0,7.7671375000000005,0,0,1
2024-01-08 01:00:00,22.35166666666667,26.78,0.0,6.7108068,1,0,1
2024-01-08 02:00:00,20.683333333333334,27.32,0.0,5.4680648000000005,2,0,1
2024-01-08 03:00:00,22.113333333333333,28.04,0.0,5.0331051,3,0,1
2024-01-08 04:00:00,22.386666666666667,28.94,0.0,4.2874599,4,0,1
2024-01-08 05:00:00,22.498333333333335,28.4,0.0,2.2990727,5,0,1
2024-01-08 06:00:00,19.43,29.12,0.0,4.0389115,6,0,1
2024-01-08 07:00:00,17.044999999999998,29.48,0.0,3.6660889,7,0,1
2024-01-08 08:00:00,14.773333333333333,30.92,0.0,5.4059276999999994,8,0,1
2024-01-08 09:00:00,16.02,31.64,0.0,8.512782699999999,9,0,1
2024-01-08 10:00:00,17.843333333333334,32.36,0.0,9.0098795,10,0,1
2024-01-08 11:00:00,17.474999999999998,33.8,0.0,11.433226399999999,11,0,1
2024-01-08 12:00:00,17.275000000000002,35.24,0.0,12.054597399999999,12,0,1
2024-01-08 13:00:00,16.705000000000002,36.5,0.0,13.9187104,13,0,1
2024-01-08 14:00:00,17.046666666666667,37.04,0.0,14.1672588,14,0,1
2024-01-08 15:00:00,16.136666666666667,37.4,0.0,13.4837507,15,0,1
2024-01-08 16:00:00,14.545,37.04,0.0,9.1962908,16,0,1
2024-01-08 17:00:00,13.748333333333333,35.78,0.0,11.9303232,17,0,1
2024-01-08 18:00:00,15.453333333333333,35.42,0.0,12.8623797,18,0,1
2024-01-08 19:00:00,17.458333333333332,35.78,0.0,14.0429846,19,0,1
2024-01-08 20:00:00,17.956666666666667,34.7,0.0,16.155646,20,0,1
2024-01-08 21:00:00,18.296666666666667,34.52,0.0,16.2799202,21,0,1
2024-01-08 22:00:00,18.603333333333335,34.16,0.1,15.7206863,22,0,1
2024-01-08 23:00:00,19.66,34.16,0.1,13.9808475,23,0,1
2024-01-09 00:00:00,21.59166666666667,33.98,0.3,14.1051217,0,1,1
2024-01-09 01:00:00,21.183333333333334,33.44,0.9,14.0429846,1,1,1
2024-01-09 02:00:00,19.365,33.44,0.6,13.9808475,2,1,1
2024-01-09 03:00:00,18.613333333333333,33.62,1.0,14.9750411,3,1,1
2024-01-09 04:00:00,22.60166666666667,33.62,1.1,17.5226622,4,1,1
2024-01-09 05:00:00,21.07,33.44,1.7,19.0760897,5,1,1
2024-01-09 06:00:00,18.273333333333333,33.44,0.9,20.7537914,6,1,1
2024-01-09 07:00:00,16.361666666666668,34.34,0.2,17.398388,7,1,1
2024-01-09 08:00:00,13.976666666666667,34.34,1.2,15.5964121,8,1,1
2024-01-09 09:00:00,15.111666666666666,33.8,1.3,18.1440332,9,1,1
2024-01-09 10:00:00,16.705000000000002,34.34,0.7,18.5789929,10,1,1
2024-01-09 11:00:00,16.361666666666668,34.16,1.1,17.025565399999998,11,1,1
2024-01-09 12:00:00,16.474999999999998,33.98,2.0,17.025565399999998,12,1,1
2024-01-09 13:00:00,16.533333333333335,35.6,1.1,16.0935089,13,1,1
2024-01-09 14:00:00,16.82,36.32,2.1,12.303145800000001,14,1,1
2024-01-09 15:00:00,15.453333333333333,34.88,3.1,11.122540899999999,15,1,1
2024-01-09 16:00:00,14.433333333333332,34.88,2.0,11.4953635,16,1,1
2024-01-09 17:00:00,13.635,34.34,1.8,14.4158072,17,1,1
2024-01-09 18:00:00,15.0,33.98,1.7,14.6022185,18,1,1
2024-01-09 19:00:00,16.561666666666667,34.16,0.6,14.4779443,19,1,1
2024-01-09 20:00:00,17.73,33.98,0.6,9.1962908,20,1,1
2024-01-09 21:00:00,17.775000000000002,34.34,0.7,14.7264927,21,1,1
2024-01-09 22:00:00,20.11,34.16,0.5,16.217783100000002,22,1,1
2024-01-09 23:00:00,20.715,33.8,0.7,16.5906057,23,1,1
2024-01-10 00:00:00,22.15833333333333,33.44,0.8,19.9460091,0,2,1
2024-01-10 01:00:00,22.048333333333332,32.72,0.1,20.8780656,1,2,1
2024-01-10 02:00:00,20.531666666666666,32.18,0.1,20.1324204,2,2,1
2024-01-10 03:00:00,19.31833333333333,32.18,0.0,18.8275413,3,2,1
2024-01-10 04:00:00,20.978333333333335,32.18,0.0,17.7712106,4,2,1
2024-01-10 05:00:00,21.603333333333335,30.74,0.0,16.155646,5,2,1
2024-01-10 06:00:00,19.05,30.02,0.0,15.3478637,6,2,1
2024-01-10 07:00:00,16.705000000000002,28.94,0.0,14.9750411,7,2,1
2024-01-10 08:00:00,14.545,31.64,0.0,13.670162,8,2,1
2024-01-10 09:00:00,15.453333333333333,31.46,0.0,13.8565733,9,2,1
2024-01-10 10:00:00,17.50166666666667,32.0,0.0,14.7264927,10,2,1
2024-01-10 11:00:00,17.163333333333334,32.36,0.0,14.5400814,11,2,1
2024-01-10 12:00:00,17.048333333333336,33.44,0.0,15.5964121,12,2,1
2024-01-10 13:00:00,16.82,33.44,0.0,16.155646,13,2,1
2024-01-10 14:00:00,16.912,32.54,0.0,15.534275000000001,14,2,1
2024-01-10 15:00:00,16.0225,31.82,0.0,15.0993153,15,2,1
2024-01-10 16:00:00,14.180000000000001,30.92,0.0,12.924516800000001,16,2,1
2024-01-10 17:00:00,12.898,29.84,0.0,13.3594765,17,2,1
2024-01-10 18:00:00,15.455,29.48,0.0,9.6933876,18,2,1
2024-01-10 19:00:00,17.048333333333336,29.66,0.0,7.2079036,19,2,1
2024-01-10 20:00:00,18.07,29.84,0.0,8.947742400000001,20,2,1
2024-01-10 21:00:00,18.41,29.12,0.0,11.433226399999999,21,2,1
2024-01-10 22:00:00,19.771666666666665,29.12,0.0,11.743911899999999,22,2,1
2024-01-10 23:00:00,20.906666666666666,29.66,0.2,10.314758600000001,23,2,1
2024-01-11 00:00:00,23.521666666666665,30.02,0.2,10.749718300000001,0,3,1
2024-01-11 01:00:00,22.01,30.2,0.2,11.371089300000001,1,3,1
2024-01-11 02:00:00,19.554,30.2,0.2,11.3089522,2,3,1
2024-01-11 03:00:00,19.772,30.74,0.1,10.004073100000001,3,3,1
2024-01-11 04:00:00,21.466,31.28,0.0,9.1962908,4,3,1
2024-01-11 05:00:00,21.478333333333335,29.66,0.1,8.8856053,5,3,1
2024-01-11 06:00:00,19.095,29.84,0.1,10.2526215,6,3,1
2024-01-11 07:00:00,16.24833333333333,29.12,0.0,12.2410087,7,3,1
2024-01-11 08:00:00,14.089999999999998,30.74,0.0,14.6643556,8,3,1
2024-01-11 09:00:00,15.453333333333333,31.1,0.0,15.223589500000001,9,3,1
2024-01-11 10:00:00,17.388333333333332,31.82,0.0,16.031371800000002,10,3,1
2024-01-11 11:00:00,17.39,32.54,0.0,14.9750411,11,3,1
2024-01-11 12:00:00,17.151666666666667,32.72,0.0,13.9187104,12,3,1
2024-01-11 13:00:00,17.105,32.9,0.0,12.1788716,13,3,1
2024-01-11 14:00:00,16.935,33.44,0.0,8.947742400000001,14,3,1
2024-01-11 15:00:00,15.906666666666666,33.8,0.0,9.320565,15,3,1
2024-01-11 16:00:00,14.318333333333333,33.44,0.0,8.4506456,16,3,1
2024-01-11 17:00:00,13.611666666666666,31.82,0.0,7.8292746,17,3,1
2024-01-11 18:00:00,15.272,28.4,0.0,6.648669699999999,18,3,1
2024-01-11 19:00:00,17.322,26.240000000000002,0.0,5.7787503000000005,19,3,1
2024-01-11 20:00:00,17.594,25.880000000000003,0.0,6.027298699999999,20,3,1
2024-01-11 21:00:00,17.594,25.34,0.0,2.3612098,21,3,1
2024-01-11 22:00:00,19.2625,25.52,0.0,3.4796776,22,3,1
2024-01-11 23:00:00,21.24833333333333,28.580000000000002,0.0,7.2079036,23,3,1
2024-01-12 00:00:00,21.808333333333334,29.84,0.0,9.320565,0,4,1
2024-01-12 01:00:00,21.226666666666667,30.02,0.0,9.8176618,1,4,1
2024-01-12 02:00:00,20.861666666666668,30.74,0.0,12.613831300000001,2,4,1
2024-01-12 03:00:00,19.31833333333333,31.28,0.0,14.3536701,3,4,1
2024-01-12 04:00:00,21.203333333333333,32.0,0.0,15.3478637,4,4,1
2024-01-12 05:00:00,21.205000000000002,32.36,0.1,17.646936399999998,5,4,1
2024-01-12 06:00:00,16.898333333333333,32.72,0.9,18.4547187,6,4,1
2024-01-12 07:00:00,13.863333333333335,32.72,2.1,19.5110494,7,4,1
2024-01-12 08:00:00,14.206666666666669,33.44,3.6,21.623710799999998,8,4,1
2024-01-12 09:00:00,15.818000000000001,33.62,2.5,28.0238321,9,4,1
2024-01-12 10:00:00,17.39,33.44,1.3,25.973307799999997,10,4,1
2024-01-12 11:00:00,16.705000000000002,33.8,0.6,24.3577432,11,4,1
2024-01-12 12:00:00,16.82,34.52,0.6,22.3072189,12,4,1
2024-01-12 13:00:00,16.36,34.52,1.2,20.6916543,13,4,1
2024-01-12 14:00:00,16.683333333333334,35.6,1.2,19.5731865,14,4,1
2024-01-12 15:00:00,15.544,37.58,1.3,17.5226622,15,4,1
2024-01-12 16:00:00,14.433333333333332,37.58,1.5,23.1771383,16,4,1
2024-01-12 17:00:00,14.093333333333334,36.68,2.1,20.3188317,17,4,1
2024-01-12 18:00:00,15.888333333333334,36.5,2.6,16.7148799,18,4,1
2024-01-12 19:00:00,17.275000000000002,36.86,1.1,13.8565733,19,4,1
2024-01-12 20:00:00,17.80333333333333,33.98,0.1,15.6585492,20,4,1
2024-01-12 21:00:00,18.830000000000002,32.9,0.0,17.3362509,21,4,1
2024-01-12 22:00:00,18.863333333333333,33.26,0.0,16.839154100000002,22,4,1
2024-01-12 23:00:00,19.99833333333333,33.26,0.0,16.839154100000002,23,4,1
2024-01-13 00:00:00,20.566666666666666,33.26,0.1,15.5964121,0,5,1
2024-01-13 01:00:00,21.12666666666667,32.9,0.2,16.777017,1,5,1
2024-01-13 02:00:00,20.34,31.28,0.3,19.883872,2,5,1
2024-01-13 03:00:00,21.97666666666667,30.2,0.3,21.002339799999998,3,5,1
2024-01-13 04:00:00,21.06833333333333,27.32,0.2,22.9285899,4,5,1
2024-01-13 05:00:00,21.47666666666667,25.880000000000003,0.2,21.9343963,5,5,1
2024-01-13 06:00:00,21.135,25.880000000000003,0.1,20.815928500000002,6,5,1
2024-01-13 07:00:00,20.451666666666664,26.060000000000002,0.0,19.6353236,7,5,1
2024-01-13 08:00:00,18.976666666666667,26.78,0.2,18.3304445,8,5,1
2024-01-13 09:00:00,19.886666666666667,26.42,0.2,19.262501,9,5,1
2024-01-13 10:00:00,18.863333333333333,26.42,0.1,19.9460091,10,5,1
2024-01-13 11:00:00,18.296666666666667,25.880000000000003,0.1,19.4489123,11,5,1
2024-01-13 12:00:00,17.73,27.14,0.0,21.126614,12,5,1
2024-01-13 13:00:00,17.503333333333334,27.14,0.0,20.5673801,13,5,1
2024-01-13 14:00:00,17.616666666666667,24.8,0.0,20.6916543,14,5,1
2024-01-13 15:00:00,17.161666666666665,23.36,0.0,18.5789929,15,5,1
2024-01-13 16:00:00,17.046666666666667,21.74,0.0,19.4489123,16,5,1
2024-01-13 17:00:00,16.82,17.240000000000002,0.0,19.883872,17,5,1
2024-01-13 18:00:00,16.82,12.740000000000002,0.0,21.002339799999998,18,5,1
2024-01-13 19:00:00,17.616666666666667,10.579999999999998,0.0,20.3188317,19,5,1
2024-01-13 20:00:00,18.06833333333333,8.779999999999998,0.1,20.1324204,20,5,1
2024-01-13 21:00:00,18.75,7.16,0.0,21.3130253,21,5,1
2024-01-13 22:00:00,19.146666666666665,5.359999999999996,0.1,22.182944700000004,22,5,1
2024-01-13 23:00:00,20.34,3.919999999999998,0.1,22.5557673,23,5,1
2024-01-14 00:00:00,21.023333333333333,2.8400000000000034,0.1,23.8606464,0,6,1
2024-01-14 01:00:00,22.02333333333333,1.3999999999999986,0.1,23.612098,1,6,1
2024-01-14 02:00:00,23.271666666666665,-0.04000000000000625,0.1,24.2956061,2,6,1
2024-01-14 03:00:00,24.278333333333336,-1.1199999999999974,0.1,24.047057700000003,3,6,1
2024-01-14 04:00:00,21.771666666666665,-2.3800000000000026,0.1,23.984920600000002,4,6,1
2024-01-14 05:00:00,23.47666666666667,-3.8200000000000003,0.0,22.6179044,5,6,1
2024-01-14 06:00:00,22.115,-5.980000000000004,0.0,21.3130253,6,6,1
2024-01-14 07:00:00,21.775000000000002,-7.240000000000002,0.0,20.3188317,7,6,1
2024-01-14 08:00:00,22.386666666666667,-9.040000000000006,0.0,20.6916543,8,6,1
2024-01-14 09:00:00,21.933333333333334,-9.759999999999998,0.0,19.5110494,9,6,1
2024-01-14 10:00:00,21.228333333333335,-9.579999999999998,0.0,20.3188317,10,6,1
2024-01-14 11:00:00,20.453333333333333,-8.5,0.0,20.815928500000002,11,6,1
2024-01-14 12:00:00,18.925,-6.880000000000003,0.0,20.505243,12,6,1
2024-01-14 13:00:00,19.22,-5.619999999999997,0.0,21.250888200000002,13,6,1
2024-01-14 14:00:00,18.75,-5.440000000000005,0.0,21.5615737,14,6,1
2024-01-14 15:00:00,18.41,-5.259999999999998,0.0,19.4489123,15,6,1
2024-01-14 16:00:00,18.183333333333334,-5.619999999999997,0.0,19.0139526,16,6,1
2024-01-14 17:00:00,17.73,-7.059999999999995,0.0,19.8217349,17,6,1
2024-01-14 18:00:00,18.75,-8.14,0.0,20.1324204,18,6,1
2024-01-14 19:00:00,19.794999999999998,-7.959999999999994,0.0,19.1382268,19,6,1
2024-01-14 20:00:00,20.55666666666667,-7.780000000000001,0.0,16.155646,20,6,1
2024-01-14 21:00:00,21.138333333333332,-8.5,0.0,15.0371782,21,6,1
2024-01-14 22:00:00,20.794999999999998,-9.040000000000006,0.0,14.912904000000001,22,6,1
2024-01-14 23:00:00,22.011666666666667,-9.579999999999998,0.0,14.1051217,23,6,1
2024-01-15 00:00:00,22.27333333333333,-9.759999999999998,0.0,14.7886298,0,0,1
2024-01-15 01:00:00,23.058333333333334,-10.480000000000004,0.0,15.5964121,1,0,1
2024-01-15 02:00:00,22.125,-11.200000000000003,0.0,15.7206863,2,0,1
2024-01-15 03:00:00,22.995,-11.559999999999995,0.0,15.5964121,3,0,1
2024-01-15 04:00:00,24.83,-11.740000000000002,0.0,14.8507669,4,0,1
2024-01-15 05:00:00,23.60166666666667,-12.280000000000001,0.0,14.1051217,5,0,1
2024-01-15 06:00:00,20.565,-12.64,0.0,13.608024899999998,6,0,1
2024-01-15 07:00:00,17.5,-12.82,0.0,13.545887800000001,7,0,1
2024-01-15 08:00:00,16.41,-9.759999999999998,0.0,13.4216136,8,0,1
2024-01-15 09:00:00,17.84,-9.040000000000006,0.0,13.4837507,9,0,1
2024-01-15 10:00:00,18.183333333333334,-7.780000000000001,0.0,15.5964121,10,0,1
2024-01-15 11:00:00,18.41,-5.440000000000005,0.0,15.3478637,11,0,1
2024-01-15 12:00:00,18.07,-2.740000000000002,0.0,14.8507669,12,0,1
2024-01-15 13:00:00,17.956666666666667,-0.9400000000000048,0.0,15.1614524,13,0,1
2024-01-15 14:00:00,18.183333333333334,0.3200000000000003,0.0,14.4158072,14,0,1
2024-01-15 15:00:00,17.16,0.6799999999999997,0.0,13.545887800000001,15,0,1
2024-01-15 16:00:00,15.453333333333333,0.14000000000000412,0.0,13.545887800000001,16,0,1
2024-01-15 17:00:00,14.705,-1.1199999999999974,0.0,13.4837507,17,0,1
2024-01-15 18:00:00,16.363333333333333,-2.9200000000000017,0.0,13.3594765,18,0,1
2024-01-15 19:00:00,17.616666666666667,-3.1000000000000014,0.0,13.4216136,19,0,1
2024-01-15 20:00:00,18.274,-2.559999999999995,0.0,12.613831300000001,20,0,1
2024-01-15 21:00:00,20.316,-2.559999999999995,0.0,13.4216136,21,0,1
2024-01-15 22:00:00,21.218333333333334,-2.559999999999995,0.0,15.223589500000001,22,0,1
2024-01-15 23:00:00,21.021666666666665,-2.740000000000002,0.0,15.4721379,23,0,1
2024-01-16 00:00:00,23.988333333333333,-2.559999999999995,0.0,14.7264927,0,1,1
2024-01-16 01:00:00,24.59166666666667,-2.3800000000000026,0.0,16.5284686,1,1,1
2024-01-16 02:00:00,23.353333333333335,-2.200000000000003,0.0,15.7828234,2,1,1
2024-01-16 03:00:00,23.34166666666667,-2.200000000000003,0.0,15.3478637,3,1,1
2024-01-16 04:00:00,23.903333333333332,-2.3800000000000026,0.0,15.7206863,4,1,1
2024-01-16 05:00:00,22.72666666666667,-3.8200000000000003,0.0,16.031371800000002,5,1,1
2024-01-16 06:00:00,19.976666666666667,-5.799999999999997,0.0,15.4721379,6,1,1
2024-01-16 07:00:00,17.615,-7.420000000000002,0.0,14.4158072,7,1,1
2024-01-16 08:00:00,15.795,-6.700000000000003,0.0,15.0371782,8,1,1
2024-01-16 09:00:00,16.478333333333335,-7.059999999999995,0.0,15.2857266,9,1,1
2024-01-16 10:00:00,17.843333333333334,-5.619999999999997,0.0,17.398388,10,1,1
2024-01-16 11:00:00,17.843333333333334,-3.280000000000001,0.0,18.7032671,11,1,1
2024-01-16 12:00:00,17.39,-1.2999999999999972,0.0,21.002339799999998,12,1,1
2024-01-16 13:00:00,16.935,0.5,0.0,21.9343963,13,1,1
2024-01-16 14:00:00,17.39,1.3999999999999986,0.0,21.872259200000002,14,1,1
2024-01-16 15:00:00,16.363333333333333,1.9400000000000048,0.0,21.8101221,15,1,1
2024-01-16 16:00:00,15.113333333333335,1.9400000000000048,0.0,21.623710799999998,16,1,1
2024-01-16 17:00:00,13.979999999999999,1.2199999999999989,0.0,20.7537914,17,1,1
2024-01-16 18:00:00,15.953999999999999,-0.04000000000000625,0.0,18.64113,18,1,1
2024-01-16 19:00:00,17.73,-0.3999999999999986,0.0,18.7032671,19,1,1
2024-01-16 20:00:00,18.58,1.0400000000000027,0.0,18.019759,20,1,1
2024-01-16 21:00:00,19.259999999999998,0.8599999999999959,0.0,18.3925816,21,1,1
2024-01-16 22:00:00,20.863999999999997,1.0400000000000027,0.0,18.3925816,22,1,1
2024-01-16 23:00:00,21.656,1.2199999999999989,0.0,18.0818961,23,1,1
2024-01-17 00:00:00,23.672,1.2199999999999989,0.0,17.895484800000002,0,2,1
2024-01-17 01:00:00,24.0,1.2199999999999989,0.0,18.0818961,1,2,1
2024-01-17 02:00:00,21.93166666666667,1.2199999999999989,0.0,17.3362509,2,2,1
2024-01-17 03:00:00,24.685000000000002,1.2199999999999989,0.0,16.2799202,3,2,1
2024-01-17 04:00:00,23.296666666666667,1.0400000000000027,0.0,15.4100008,4,2,1
2024-01-17 05:00:00,22.728333333333335,0.8599999999999959,0.0,14.912904000000001,5,2,1
2024-01-17 06:00:00,20.101666666666667,1.2199999999999989,0.0,15.0993153,6,2,1
2024-01-17 07:00:00,18.274,2.3000000000000007,0.0,15.4100008,7,2,1
2024-01-17 08:00:00,15.68,3.919999999999998,0.0,14.5400814,8,2,1
2024-01-17 09:00:00,16.705,5.359999999999996,0.0,14.4158072,9,2,1
2024-01-17 10:00:00,18.523333333333333,8.240000000000002,0.0,13.9187104,10,2,1
2024-01-17 11:00:00,17.75166666666667,11.84,0.0,15.7206863,11,2,1
2024-01-17 12:00:00,17.843333333333334,15.079999999999998,0.0,17.646936399999998,12,2,1
2024-01-17 13:00:00,17.763333333333332,16.88,0.0,18.7654042,13,2,1
2024-01-17 14:00:00,17.276666666666667,17.779999999999998,0.0,18.019759,14,2,1
2024-01-17 15:00:00,16.226,18.32,0.0,17.025565399999998,15,2,1
2024-01-17 16:00:00,14.886666666666665,18.14,0.0,16.5284686,16,2,1
2024-01-17 17:00:00,13.865,17.240000000000002,0.0,14.291533,17,2,1
2024-01-17 18:00:00,15.341666666666667,15.259999999999998,0.0,11.806049,18,2,1
2024-01-17 19:00:00,17.39,15.079999999999998,0.0,10.501169899999999,19,2,1
2024-01-17 20:00:00,18.41,16.16,0.0,10.625444100000001,20,2,1
2024-01-17 21:00:00,19.658333333333335,17.240000000000002,0.0,10.4390328,21,2,1
2024-01-17 22:00:00,20.566666666666666,17.779999999999998,0.0,10.190484399999999,22,2,1
2024-01-17 23:00:00,21.25,18.14,0.1,10.314758600000001,23,2,1
2024-01-18 00:00:00,22.613333333333333,18.32,0.1,8.7613311,0,3,1
2024-01-18 01:00:00,20.796666666666667,18.68,0.1,7.2079036,1,3,1
2024-01-18 02:00:00,22.816666666666666,18.68,0.1,5.4059276999999994,2,3,1
2024-01-18 03:00:00,21.46166666666667,18.14,0.1,3.5418147,3,3,1
2024-01-18 04:00:00,21.613333333333333,17.779999999999998,0.0,3.1689920999999996,4,3,1
2024-01-18 05:00:00,21.135,17.240000000000002,0.0,2.9204437000000003,5,3,1
2024-01-18 06:00:00,18.976666666666667,17.06,0.0,3.6039518,6,3,1
2024-01-18 07:00:00,17.386666666666667,15.979999999999997,0.0,4.9088309,7,3,1
2024-01-18 08:00:00,15.0,17.779999999999998,0.0,4.2874599,8,3,1
2024-01-18 09:00:00,15.795,18.32,0.0,4.5981454,9,3,1
2024-01-18 10:00:00,17.843333333333334,19.58,0.0,5.716613199999999,10,3,1
2024-01-18 11:00:00,17.843333333333334,21.2,0.0,4.349597,11,3,1
2024-01-18 12:00:00,17.39,22.82,0.0,3.8525002,12,3,1
2024-01-18 13:00:00,17.593333333333334,23.9,0.0,3.4175405,13,3,1
2024-01-18 14:00:00,17.276666666666667,24.62,0.0,4.5981454,14,3,1
2024-01-18 15:00:00,16.135,24.439999999999998,0.0,7.2079036,15,3,1
2024-01-18 16:00:00,14.773333333333333,23.18,0.0,9.6933876,16,3,1
2024-01-18 17:00:00,13.638333333333334,22.46,0.0,10.3768957,17,3,1
2024-01-18 18:00:00,15.339999999999998,21.74,0.0,10.2526215,18,3,1
2024-01-18 19:00:00,17.086666666666666,21.560000000000002,0.0,10.811855399999999,19,3,1
2024-01-18 20:00:00,17.790000000000003,20.84,0.1,10.625444100000001,20,3,1
2024-01-18 21:00:00,18.75,19.58,0.1,11.6196377,21,3,1
2024-01-18 22:00:00,18.478333333333335,17.779999999999998,0.1,13.1109281,22,3,1
2024-01-18 23:00:00,18.523333333333333,15.259999999999998,0.2,14.5400814,23,3,1
2024-01-19 00:00:00,20.24833333333333,13.64,0.3,12.42742,0,4,1
2024-01-19 01:00:00,20.06833333333333,12.559999999999999,0.4,12.8002426,1,4,1
2024-01-19 02:00:00,21.25,13.100000000000001,0.5,14.912904000000001,2,4,1
2024-01-19 03:00:00,22.045,13.100000000000001,0.5,14.291533,3,4,1
2024-01-19 04:00:00,21.021666666666665,12.740000000000002,0.4,16.155646,4,4,1
2024-01-19 05:00:00,19.885,13.100000000000001,0.2,16.839154100000002,5,4,1
2024-01-19 06:00:00,18.523333333333333,12.020000000000003,0.2,18.8275413,6,4,1
2024-01-19 07:00:00,16.933333333333334,11.3,0.2,18.9518155,7,4,1
2024-01-19 08:00:00,15.339999999999998,11.120000000000001,0.1,18.1440332,8,4,1
2024-01-19 09:00:00,16.088333333333335,11.120000000000001,0.1,18.2061703,9,4,1
2024-01-19 10:00:00,17.73,10.579999999999998,0.1,16.9012912,10,4,1
2024-01-19 11:00:00,17.503333333333334,10.220000000000002,0.1,16.404194399999998,11,4,1
2024-01-19 12:00:00,17.078333333333333,10.399999999999999,0.1,15.223589500000001,12,4,1
2024-01-19 13:00:00,16.93166666666667,11.66,0.1,14.7264927,13,4,1
2024-01-19 14:00:00,17.156666666666666,12.920000000000002,0.1,14.8507669,14,4,1
2024-01-19 15:00:00,16.206666666666667,13.100000000000001,0.0,14.8507669,15,4,1
2024-01-19 16:00:00,15.226666666666667,12.559999999999999,0.0,14.7886298,16,4,1
2024-01-19 17:00:00,13.865,10.940000000000001,0.0,14.8507669,17,4,1
2024-01-19 18:00:00,15.228333333333333,9.86,0.0,15.0371782,18,4,1
2024-01-19 19:00:00,17.161666666666665,9.5,0.1,16.2799202,19,4,1
2024-01-19 20:00:00,17.28,9.32,0.1,15.844960500000001,20,4,1
2024-01-19 21:00:00,18.976666666666667,8.779999999999998,0.0,15.534275000000001,21,4,1
2024-01-19 22:00:00,19.43,8.059999999999999,0.0,14.6022185,22,4,1
2024-01-19 23:00:00,19.77,7.16,0.0,14.4779443,23,4,1
2024-01-20 00:00:00,22.150000000000002,6.440000000000001,0.0,15.5964121,0,5,1
2024-01-20 01:00:00,22.136666666666667,6.080000000000002,0.0,15.4100008,1,5,1
2024-01-20 02:00:00,22.33666666666667,6.080000000000002,0.0,15.0993153,2,5,1
2024-01-20 03:00:00,22.761666666666667,5.0,0.0,14.9750411,3,5,1
2024-01-20 04:00:00,22.92,6.080000000000002,0.0,15.844960500000001,4,5,1
2024-01-20 05:00:00,21.570000000000004,6.259999999999998,0.0,14.912904000000001,5,5,1
2024-01-20 06:00:00,22.046666666666667,5.899999999999999,0.0,15.3478637,6,5,1
2024-01-20 07:00:00,21.81833333333333,5.540000000000003,0.0,15.2857266,7,5,1
2024-01-20 08:00:00,20.816666666666666,6.800000000000001,0.0,14.3536701,8,5,1
2024-01-20 09:00:00,19.546666666666667,7.520000000000003,0.0,12.675968399999999,9,5,1
2024-01-20 10:00:00,19.091666666666665,10.04,0.0,12.5516942,10,5,1
2024-01-20 11:00:00,18.296666666666667,12.2,0.0,14.1672588,11,5,1
2024-01-20 12:00:00,18.002000000000002,14.720000000000002,0.0,13.9808475,12,5,1
2024-01-20 13:00:00,17.73,17.240000000000002,0.0,12.8002426,13,5,1
2024-01-20 14:00:00,17.508333333333333,19.04,0.0,12.613831300000001,14,5,1
2024-01-20 15:00:00,17.161666666666665,19.76,0.0,12.8623797,15,5,1
2024-01-20 16:00:00,17.03,19.04,0.0,12.4895571,16,5,1
2024-01-20 17:00:00,16.935,17.240000000000002,0.0,11.184678,17,5,1
2024-01-20 18:00:00,17.39,13.82,0.0,10.1283473,18,5,1
2024-01-20 19:00:00,17.503333333333334,11.66,0.0,10.811855399999999,19,5,1
2024-01-20 20:00:00,17.815,10.04,0.0,10.749718300000001,20,5,1
2024-01-20 21:00:00,18.296666666666667,8.600000000000001,0.0,8.947742400000001,21,5,1
2024-01-20 22:00:00,19.43166666666667,7.16,0.0,8.077823,22,5,1
2024-01-20 23:00:00,20.56833333333333,5.899999999999999,0.0,8.5749198,23,5,1
2024-01-21 00:00:00,22.5,5.18,0.0,7.7050004,0,6,1
2024-01-21 01:00:00,23.058,4.100000000000001,0.0,8.1399601,1,6,1
2024-01-21 02:00:00,22.14833333333333,3.3800000000000026,0.0,8.202097199999999,2,6,1
2024-01-21 03:00:00,23.13,2.4800000000000004,0.0,7.4564520000000005,3,6,1
2024-01-21 04:00:00,35.72,1.5800000000000018,0.0,7.5185891,4,6,1
2024-01-21 05:00:00,24.35166666666667,0.6799999999999997,0.0,6.21371,5,6,1
2024-01-21 06:00:00,23.53333333333333,-0.04000000000000625,0.0,6.648669699999999,6,6,1
2024-01-21 07:00:00,23.179999999999996,-0.5799999999999983,0.0,6.5865326,7,6,1
2024-01-21 08:00:00,22.72666666666667,-0.3999999999999986,0.0,6.4622584000000005,8,6,1
2024-01-21 09:00:00,21.136666666666667,0.6799999999999997,0.0,6.4001213,9,6,1
2024-01-21 10:00:00,19.885,4.280000000000001,0.0,6.7108068,10,6,1
2024-01-21 11:00:00,20.113333333333333,10.220000000000002,0.0,8.077823,11,6,1
2024-01-21 12:00:00,18.636666666666667,15.8,0.0,11.122540899999999,12,6,1
2024-01-21 13:00:00,18.41,18.86,0.0,13.1109281,13,6,1
2024-01-21 14:00:00,18.07,21.02,0.0,13.8565733,14,6,1
2024-01-21 15:00:00,18.07,22.28,0.0,14.1672588,15,6,1
2024-01-21 16:00:00,17.503333333333334,22.82,0.0,12.613831300000001,16,6,1
2024-01-21 17:00:00,17.275000000000002,22.28,0.0,11.681774800000001,17,6,1
2024-01-21 18:00:00,17.843333333333334,20.3,0.0,11.433226399999999,18,6,1
2024-01-21 19:00:00,19.363999999999997,20.12,0.0,12.5516942,19,6,1
2024-01-21 20:00:00,19.226,17.779999999999998,0.0,13.670162,20,6,1
2024-01-21 21:00:00,19.906,18.14,0.0,14.7886298,21,6,1
2024-01-21 22:00:00,20.688,17.96,0.0,15.0371782,22,6,1
2024-01-21 23:00:00,22.4325,18.14,0.0,15.5964121,23,6,1
2024-01-22 00:00:00,23.046,18.32,0.0,15.7206863,0,0,1
2024-01-22 01:00:00,22.774,19.4,0.0,15.3478637,1,0,1
2024-01-22 02:00:00,23.91,21.02,0.0,15.7828234,2,0,1
2024-01-22 03:00:00,22.5,22.1,0.0,15.7828234,3,0,1
2024-01-22 04:00:00,22.84166666666667,23.0,0.0,15.534275000000001,4,0,1
2024-01-22 05:00:00,22.965,23.36,0.1,15.3478637,5,0,1
2024-01-22 06:00:00,19.4325,24.26,0.0,15.223589500000001,6,0,1
2024-01-22 07:00:00,16.968,24.8,0.0,14.291533,7,0,1
2024-01-22 08:00:00,15.0,26.060000000000002,0.2,14.4158072,8,0,1
2024-01-22 09:00:00,16.189999999999998,26.42,0.1,13.608024899999998,9,0,1
2024-01-22 10:00:00,17.458000000000002,27.68,0.0,14.4158072,10,0,1
2024-01-22 11:00:00,17.184,30.38,0.1,14.6022185,11,0,1
2024-01-22 12:00:00,16.933333333333334,30.02,0.3,14.5400814,12,0,1
2024-01-22 13:00:00,16.705000000000002,30.92,0.1,12.986653899999999,13,0,1
2024-01-22 14:00:00,17.161666666666665,32.0,0.0,12.613831300000001,14,0,1
2024-01-22 15:00:00,16.363999999999997,32.54,0.0,12.5516942,15,0,1
2024-01-22 16:00:00,13.772,32.9,0.0,13.7322991,16,0,1
2024-01-22 17:00:00,13.228,32.72,0.0,11.9303232,17,0,1
2024-01-22 18:00:00,14.886666666666665,32.36,0.0,10.749718300000001,18,0,1
2024-01-22 19:00:00,16.361666666666668,32.0,0.0,10.811855399999999,19,0,1
2024-01-22 20:00:00,17.048333333333336,31.64,0.1,9.320565,20,0,1
2024-01-22 21:00:00,17.73,31.82,0.1,10.501169899999999,21,0,1
2024-01-22 22:00:00,18.523333333333333,31.82,0.2,8.326371400000001,22,0,1
2024-01-22 23:00:00,19.543333333333333,31.82,0.3,6.5865326,23,0,1
2024-01-23 00:00:00,20.933333333333334,31.64,0.2,5.4059276999999994,0,1,1
2024-01-23 01:00:00,21.091666666666665,31.46,0.1,4.970968,1,1,1
2024-01-23 02:00:00,20.386666666666667,31.64,0.3,4.5360083,2,1,1
2024-01-23 03:00:00,20.113333333333333,31.46,0.6,5.3437906,3,1,1
2024-01-23 04:00:00,22.108333333333334,31.46,0.7,5.6544761,4,1,1
2024-01-23 05:00:00,19.863333333333333,31.46,1.0,7.2700407,5,1,1
2024-01-23 06:00:00,18.405,31.46,0.8,6.7108068,6,1,1
2024-01-23 07:00:00,16.30666666666667,31.64,1.0,6.5243955,7,1,1
2024-01-23 08:00:00,14.205,32.54,0.9,7.7050004,8,1,1
2024-01-23 09:00:00,14.43,32.9,1.6,8.7613311,9,1,1
2024-01-23 10:00:00,16.511666666666667,33.26,0.8,9.134153699999999,10,1,1
2024-01-23 11:00:00,16.705000000000002,34.52,0.3,8.3885085,11,1,1
2024-01-23 12:00:00,16.59,34.34,0.3,5.530201900000001,12,1,1
2024-01-23 13:00:00,16.476666666666667,34.52,0.3,4.5981454,13,1,1
2024-01-23 14:00:00,16.474999999999998,34.88,0.2,2.7961695,14,1,1
2024-01-23 15:00:00,15.339999999999998,35.42,0.0,2.8583065999999997,15,1,1
2024-01-23 16:00:00,13.978333333333333,35.6,0.0,2.4233469,16,1,1
2024-01-23 17:00:00,13.523333333333333,35.6,0.0,2.2990727,17,1,1
2024-01-23 18:00:00,14.886666666666665,34.52,0.0,3.2311292000000003,18,1,1
2024-01-23 19:00:00,16.82,34.16,0.0,4.8466938,19,1,1
2024-01-23 20:00:00,17.996666666666666,30.02,0.0,4.9088309,20,1,1
2024-01-23 21:00:00,19.09,30.56,0.0,3.3554034,21,1,1
2024-01-23 22:00:00,20.213333333333335,30.38,0.0,3.2311292000000003,22,1,1
2024-01-23 23:00:00,20.863333333333333,30.92,0.0,2.2369356000000002,23,1,1
2024-01-24 00:00:00,23.06833333333333,30.92,0.0,2.6718953,0,2,1
2024-01-24 01:00:00,22.06833333333333,30.92,0.0,2.7961695,1,2,1
2024-01-24 02:00:00,22.956666666666667,30.92,0.0,1.1806049,2,2,1
2024-01-24 03:00:00,22.938333333333333,30.92,0.0,2.3612098,3,2,1
2024-01-24 04:00:00,22.386666666666667,30.92,0.1,2.5476210999999997,4,2,1
2024-01-24 05:00:00,22.10166666666667,31.1,0.3,2.1126614,5,2,1
2024-01-24 06:00:00,19.773333333333333,31.64,0.5,4.1010485999999995,6,2,1
2024-01-24 07:00:00,16.816666666666666,32.18,0.2,4.7224196,7,2,1
2024-01-24 08:00:00,15.0,33.26,0.1,5.840887400000001,8,2,1
2024-01-24 09:00:00,14.771666666666667,33.8,0.1,6.21371,9,2,1
2024-01-24 10:00:00,17.023333333333333,34.52,0.3,6.21371,10,2,1
2024-01-24 11:00:00,16.82,35.24,0.3,6.9593552,11,2,1
2024-01-24 12:00:00,16.935,35.42,0.6,7.4564520000000005,12,2,1
2024-01-24 13:00:00,16.705000000000002,35.42,1.3,9.320565,13,2,1
2024-01-24 14:00:00,16.361666666666668,35.96,0.2,8.077823,14,2,1
2024-01-24 15:00:00,15.453333333333333,36.68,0.1,7.7050004,15,2,1
2024-01-24 16:00:00,13.863333333333335,35.78,0.2,7.5185891,16,2,1
2024-01-24 17:00:00,12.496666666666664,35.6,0.1,8.512782699999999,17,2,1
2024-01-24 18:00:00,14.206666666666669,35.42,0.3,8.202097199999999,18,2,1
2024-01-24 19:00:00,16.945,35.24,0.7,8.5749198,19,2,1
2024-01-24 20:00:00,17.843333333333334,35.42,0.1,8.2642343,20,2,1
2024-01-24 21:00:00,18.32,35.24,0.0,8.3885085,21,2,1
2024-01-24 22:00:00,20.213333333333335,35.06,0.0,8.1399601,22,2,1
2024-01-24 23:00:00,21.158333333333335,34.7,0.0,6.835081,23,2,1
2024-01-25 00:00:00,22.613333333333333,34.34,0.0,5.840887400000001,0,3,1
2024-01-25 01:00:00,22.16,33.8,0.0,6.4001213,1,3,1
2024-01-25 02:00:00,21.169999999999998,34.34,0.0,8.202097199999999,2,3,1
2024-01-25 03:00:00,23.425,33.98,0.0,8.326371400000001,3,3,1
2024-01-25 04:00:00,23.01,34.16,0.0,8.7613311,4,3,1
2024-01-25 05:00:00,21.886666666666667,33.8,0.0,8.7613311,5,3,1
2024-01-25 06:00:00,19.771666666666665,33.98,0.0,8.8856053,6,3,1
2024-01-25 07:00:00,16.816666666666666,34.34,0.0,8.1399601,7,3,1
2024-01-25 08:00:00,14.773333333333333,33.98,0.0,6.0894358,8,3,1
2024-01-25 09:00:00,15.795,34.52,0.0,4.6602825,9,3,1
2024-01-25 10:00:00,18.07,36.68,0.0,4.1631857000000005,10,3,1
2024-01-25 11:00:00,17.048333333333336,38.3,0.0,3.4796776,11,3,1
2024-01-25 12:00:00,17.048333333333336,39.38,0.0,5.592339,12,3,1
2024-01-25 13:00:00,17.048333333333336,39.56,0.0,7.7050004,13,3,1
2024-01-25 14:00:00,17.161666666666665,38.839999999999996,0.0,9.3827021,14,3,1
2024-01-25 15:00:00,16.136666666666667,38.12,0.0,11.4953635,15,3,1
2024-01-25 16:00:00,14.203333333333333,37.04,0.0,10.936129600000001,16,3,1
2024-01-25 17:00:00,12.726666666666667,36.32,0.0,10.625444100000001,17,3,1
2024-01-25 18:00:00,14.32,36.5,0.1,9.0098795,18,3,1
2024-01-25 19:00:00,16.705000000000002,36.5,0.8,9.5069763,19,3,1
2024-01-25 20:00:00,17.503333333333334,36.86,1.3,11.557500600000001,20,3,1
2024-01-25 21:00:00,18.863333333333333,37.04,1.8,13.235202300000001,21,3,1
2024-01-25 22:00:00,19.838333333333335,37.04,1.6,12.1167345,22,3,1
2024-01-25 23:00:00,20.338333333333335,37.04,1.9,13.4837507,23,3,1
2024-01-26 00:00:00,21.81833333333333,36.68,1.7,13.608024899999998,0,4,1
2024-01-26 01:00:00,21.58,36.5,1.0,12.8623797,1,4,1
2024-01-26 02:00:00,20.971666666666668,36.32,1.5,11.433226399999999,2,4,1
2024-01-26 03:00:00,21.293333333333333,36.14,1.6,10.749718300000001,3,4,1
2024-01-26 04:00:00,21.60166666666667,35.96,0.7,13.1730652,4,4,1
2024-01-26 05:00:00,21.41,36.14,0.1,12.1788716,5,4,1
2024-01-26 06:00:00,19.6025,36.32,0.0,10.4390328,6,4,1
2024-01-26 07:00:00,16.497999999999998,35.96,0.0,10.563307,7,4,1
2024-01-26 08:00:00,14.728,35.78,0.1,7.8292746,8,4,1
2024-01-26 09:00:00,16.226,35.96,0.0,6.4001213,9,4,1
2024-01-26 10:00:00,17.616666666666667,36.68,0.0,9.0720166,10,4,1
2024-01-26 11:00:00,17.048333333333336,38.660000000000004,0.0,8.823468199999999,11,4,1
2024-01-26 12:00:00,16.933333333333334,39.2,0.0,8.7613311,12,4,1
2024-01-26 13:00:00,16.705000000000002,38.839999999999996,0.0,7.8292746,13,4,1
2024-01-26 14:00:00,16.813333333333333,38.12,0.1,8.2642343,14,4,1
2024-01-26 15:00:00,15.906666666666666,37.4,0.2,8.512782699999999,15,4,1
2024-01-26 16:00:00,14.5,37.4,0.1,7.7671375000000005,16,4,1
2024-01-26 17:00:00,13.408333333333333,36.5,0.3,7.2079036,17,4,1
2024-01-26 18:00:00,15.115,35.78,0.9,4.970968,18,4,1
2024-01-26 19:00:00,16.561666666666667,35.78,0.9,5.1573793000000006,19,4,1
2024-01-26 20:00:00,18.183333333333334,36.14,0.2,4.970968,20,4,1
2024-01-26 21:00:00,18.421666666666667,35.6,0.1,5.4059276999999994,21,4,1
2024-01-26 22:00:00,19.497999999999998,35.24,0.0,6.21371,22,4,1
2024-01-26 23:00:00,20.848,35.06,0.0,4.970968,23,4,1
2024-01-27 00:00:00,21.546,34.88,0.0,4.7224196,0,5,1
2024-01-27 01:00:00,22.1425,34.52,0.0,3.9767744,1,5,1
2024-01-27 02:00:00,22.3625,34.52,0.0,4.1010485999999995,2,5,1
2024-01-27 03:00:00,21.556,34.52,0.0,5.4680648000000005,3,5,1
2024-01-27 04:00:00,23.578,33.62,0.0,5.840887400000001,4,5,1
2024-01-27 05:00:00,22.5175,32.18,0.0,3.8525002,5,5,1
2024-01-27 06:00:00,21.87,33.26,0.0,1.6777017,6,5,1
2024-01-27 07:00:00,20.795,33.8,0.0,4.7845567,7,5,1
2024-01-27 08:00:00,19.259999999999998,34.16,0.0,3.4175405,8,5,1
2024-01-27 09:00:00,18.41,34.34,0.0,5.2195164,9,5,1
2024-01-27 10:00:00,18.58,35.6,0.0,4.970968,10,5,1
2024-01-27 11:00:00,17.9,36.68,0.0,6.5865326,11,5,1
2024-01-27 12:00:00,17.39,37.4,0.0,6.4001213,12,5,1
2024-01-27 13:00:00,17.05,37.76,0.0,7.2079036,13,5,1
2024-01-27 14:00:00,16.365000000000002,37.58,0.0,8.326371400000001,14,5,1
2024-01-27 15:00:00,16.36,36.86,0.0,9.8797989,15,5,1
2024-01-27 16:00:00,16.636000000000003,36.32,0.0,9.1962908,16,5,1
2024-01-27 17:00:00,16.534,35.78,0.1,8.326371400000001,17,5,1
2024-01-27 18:00:00,16.5,35.6,0.2,9.6933876,18,5,1
2024-01-27 19:00:00,16.933333333333334,35.6,0.1,9.941936,19,5,1
2024-01-27 20:00:00,17.503333333333334,35.42,0.2,11.060403800000001,20,5,1
2024-01-27 21:00:00,18.75,35.42,0.4,12.8002426,21,5,1
2024-01-27 22:00:00,19.18,35.24,0.5,13.9187104,22,5,1
2024-01-27 23:00:00,19.703333333333333,35.06,0.8,14.7886298,23,5,1
2024-01-28 00:00:00,21.59166666666667,35.06,0.7,15.223589500000001,0,6,1
2024-01-28 01:00:00,20.62333333333333,35.24,0.5,15.4721379,1,6,1
2024-01-28 02:00:00,22.84,35.42,0.3,15.6585492,2,6,1
2024-01-28 03:00:00,22.386666666666667,35.6,0.4,16.777017,3,6,1
2024-01-28 04:00:00,21.625,35.42,0.3,17.7090735,4,6,1
2024-01-28 05:00:00,22.27333333333333,35.6,0.3,17.2119767,5,6,1
2024-01-28 06:00:00,21.661666666666665,35.6,0.3,16.839154100000002,6,6,1
2024-01-28 07:00:00,21.933333333333334,35.42,0.1,16.839154100000002,7,6,1
2024-01-28 08:00:00,22.613333333333333,35.24,0.0,16.2799202,8,6,1
2024-01-28 09:00:00,21.023333333333333,35.42,0.0,16.4663315,9,6,1
2024-01-28 10:00:00,19.773333333333333,35.78,0.0,18.1440332,10,6,1
2024-01-28 11:00:00,19.43,36.68,0.0,20.6916543,11,6,1
2024-01-28 12:00:00,18.41,36.68,0.0,19.6974607,12,6,1
2024-01-28 13:00:00,18.41,37.04,0.0,18.3304445,13,6,1
2024-01-28 14:00:00,18.183333333333334,37.22,0.0,18.0818961,14,6,1
2024-01-28 15:00:00,18.07,37.4,0.0,16.031371800000002,15,6,1
2024-01-28 16:00:00,17.728333333333335,36.68,0.0,14.5400814,16,6,1
2024-01-28 17:00:00,17.503333333333334,35.78,0.0,12.303145800000001,17,6,1
2024-01-28 18:00:00,17.73,34.7,0.0,8.947742400000001,18,6,1
2024-01-28 19:00:00,19.011666666666667,33.98,0.0,7.2079036,19,6,1
2024-01-28 20:00:00,20.34,33.44,0.0,3.3554034,20,6,1
2024-01-28 21:00:00,20.34,32.72,0.0,5.592339,21,6,1
2024-01-28 22:00:00,21.025000000000002,32.72,0.0,7.8292746,22,6,1
2024-01-28 23:00:00,21.366666666666664,32.18,0.0,7.5807262,23,6,1
2024-01-29 00:00:00,22.52333333333333,31.82,0.0,6.648669699999999,0,0,1
2024-01-29 01:00:00,23.646666666666665,32.18,0.0,6.2758471,1,0,1
2024-01-29 02:00:00,20.73,31.46,0.0,6.8972181,2,0,1
2024-01-29 03:00:00,23.0,30.02,0.0,7.1457665,3,0,1
2024-01-29 04:00:00,22.828333333333333,28.4,0.0,7.3943149,4,0,1
2024-01-29 05:00:00,22.84,28.4,0.0,7.1457665,5,0,1
2024-01-29 06:00:00,19.658333333333335,27.5,0.0,7.3321778,6,0,1
2024-01-29 07:00:00,17.388333333333332,26.6,0.0,8.1399601,7,0,1
2024-01-29 08:00:00,15.568333333333333,26.6,0.0,8.512782699999999,8,0,1
2024-01-29 09:00:00,16.591666666666665,27.32,0.0,8.8856053,9,0,1
2024-01-29 10:00:00,17.638333333333332,28.94,0.0,10.1283473,10,0,1
2024-01-29 11:00:00,17.843333333333334,31.64,0.0,10.0662102,11,0,1
2024-01-29 12:00:00,17.046666666666667,35.42,0.0,9.5069763,12,0,1
2024-01-29 13:00:00,16.82,38.839999999999996,0.0,10.9982667,13,0,1
2024-01-29 14:00:00,17.616666666666667,41.36,0.0,11.371089300000001,14,0,1
2024-01-29 15:00:00,16.25,42.8,0.0,12.1167345,15,0,1
2024-01-29 16:00:00,14.318333333333333,43.34,0.0,12.365282899999999,16,0,1
2024-01-29 17:00:00,13.155,42.620000000000005,0.0,11.681774800000001,17,0,1
2024-01-29 18:00:00,15.681666666666667,39.74,0.0,12.1167345,18,0,1
2024-01-29 19:00:00,17.236666666666668,37.94,0.0,11.992460300000001,19,0,1
2024-01-29 20:00:00,18.41,32.72,0.0,12.986653899999999,20,0,1
2024-01-29 21:00:00,19.011666666666667,32.54,0.0,13.9187104,21,0,1
2024-01-29 22:00:00,20.68166666666667,32.36,0.0,13.608024899999998,22,0,1
2024-01-29 23:00:00,21.125,32.72,0.0,14.291533,23,0,1
2024-01-30 00:00:00,22.5,33.26,0.0,12.924516800000001,0,1,1
2024-01-30 01:00:00,21.66,34.16,0.0,12.42742,1,1,1
2024-01-30 02:00:00,22.429999999999996,34.34,0.9,11.681774800000001,2,1,1
2024-01-30 03:00:00,23.396666666666665,33.98,1.7,11.9303232,3,1,1
2024-01-30 04:00:00,20.648333333333333,34.16,0.6,10.936129600000001,4,1,1
2024-01-30 05:00:00,22.271666666666665,33.44,0.0,9.5691134,5,1,1
2024-01-30 06:00:00,19.43,32.36,0.0,8.3885085,6,1,1
2024-01-30 07:00:00,17.271666666666665,32.18,0.0,7.8292746,7,1,1
2024-01-30 08:00:00,14.886666666666665,33.44,0.0,6.7729439000000005,8,1,1
2024-01-30 09:00:00,15.339999999999998,34.34,0.0,7.0214923,9,1,1
2024-01-30 10:00:00,17.378333333333334,35.6,0.0,7.0214923,10,1,1
2024-01-30 11:00:00,16.82,37.04,0.0,9.6312505,11,1,1
2024-01-30 12:00:00,17.155,37.58,0.0,8.512782699999999,12,1,1
2024-01-30 13:00:00,17.161666666666665,40.1,0.0,9.6933876,13,1,1
2024-01-30 14:00:00,17.048333333333336,40.46,0.0,13.545887800000001,14,1,1
2024-01-30 15:00:00,15.113333333333335,38.660000000000004,0.0,12.8623797,15,1,1
2024-01-30 16:00:00,14.205,38.3,0.0,10.8739925,16,1,1
2024-01-30 17:00:00,12.953333333333333,37.76,0.0,9.941936,17,1,1
2024-01-30 18:00:00,15.226666666666667,36.5,0.0,8.512782699999999,18,1,1
2024-01-30 19:00:00,17.161666666666665,35.96,0.0,7.7671375000000005,19,1,1
2024-01-30 20:00:00,18.591666666666665,35.6,0.0,7.3943149,20,1,1
2024-01-30 21:00:00,18.523333333333333,35.42,0.0,8.947742400000001,21,1,1
2024-01-30 22:00:00,20.338333333333335,35.06,0.0,8.637056900000001,22,1,1
2024-01-30 23:00:00,22.613333333333333,34.88,0.0,8.4506456,23,1,1
2024-01-31 00:00:00,22.853333333333335,34.88,0.0,8.077823,0,2,1
2024-01-31 01:00:00,23.06833333333333,34.34,0.0,8.7613311,1,2,1
2024-01-31 02:00:00,22.276666666666667,33.62,0.0,7.2700407,2,2,1
2024-01-31 03:00:00,21.021666666666665,32.36,0.0,6.7729439000000005,3,2,1
2024-01-31 04:00:00,22.55666666666667,30.56,0.0,7.0214923,4,2,1
2024-01-31 05:00:00,22.386666666666667,29.66,0.0,7.5185891,5,2,1
2024-01-31 06:00:00,19.883333333333333,28.580000000000002,0.0,6.4622584000000005,6,2,1
2024-01-31 07:00:00,17.73,27.68,0.0,6.2758471,7,2,1
2024-01-31 08:00:00,15.226666666666667,29.66,0.0,6.7108068,8,2,1
2024-01-31 09:00:00,16.25166666666667,30.38,0.0,6.337984199999999,9,2,1
2024-01-31 10:00:00,17.784,33.8,0.0,6.7729439000000005,10,2,1
2024-01-31 11:00:00,17.380000000000003,38.12,0.0,8.512782699999999,11,2,1
2024-01-31 12:00:00,17.73,40.82,0.0,11.992460300000001,12,2,1
2024-01-31 13:00:00,17.048333333333336,42.44,0.0,13.1730652,13,2,1
2024-01-31 14:00:00,17.145,43.879999999999995,0.0,12.7381055,14,2,1
2024-01-31 15:00:00,15.793333333333331,44.78,0.0,13.048791,15,2,1
2024-01-31 16:00:00,14.205,44.96,0.0,12.7381055,16,2,1
2024-01-31 17:00:00,12.953333333333333,44.06,0.0,12.054597399999999,17,2,1
2024-01-31 18:00:00,15.676666666666668,41.0,0.0,11.557500600000001,18,2,1
2024-01-31 19:00:00,16.935,39.02,0.0,12.1788716,19,2,1
2024-01-31 20:00:00,18.636666666666667,33.62,0.0,13.4216136,20,2,1
2024-01-31 21:00:00,18.41,33.8,0.0,13.4837507,21,2,1
2024-01-31 22:00:00,20.84,33.8,0.0,13.608024899999998,22,2,1
2024-01-31 23:00:00,21.94333333333333,33.62,0.0,13.608024899999998,23,2,1
2024-02-01 00:00:00,22.5,33.62,0.0,13.235202300000001,0,3,2
2024-02-01 01:00:00,22.5,33.62,0.0,11.8681861,1,3,2
2024-02-01 02:00:00,23.154,33.62,0.0,11.060403800000001,2,3,2
2024-02-01 03:00:00,20.03,33.8,0.0,11.6196377,3,3,2
2024-02-01 04:00:00,24.035,33.8,0.0,11.060403800000001,4,3,2
2024-02-01 05:00:00,23.046,33.8,0.0,12.1788716,5,3,2
2024-02-01 06:00:00,19.658333333333335,33.8,0.0,11.184678,6,3,2
2024-02-01 07:00:00,17.388333333333332,33.44,0.0,10.6875812,7,3,2
2024-02-01 08:00:00,15.795,34.34,0.0,9.8797989,8,3,2
2024-02-01 09:00:00,16.135,35.96,0.0,7.3321778,9,3,2
2024-02-01 10:00:00,17.458000000000002,39.38,0.0,6.7108068,10,3,2
2024-02-01 11:00:00,17.594,43.7,0.0,8.512782699999999,11,3,2
2024-02-01 12:00:00,17.23,47.48,0.0,7.0836294,12,3,2
2024-02-01 13:00:00,16.774,49.82,0.0,6.2758471,13,3,2
2024-02-01 14:00:00,17.05,51.08,0.0,4.5981454,14,3,2
2024-02-01 15:00:00,16.25,49.46,0.0,7.9535488,15,3,2
2024-02-01 16:00:00,14.771666666666667,42.620000000000005,0.0,12.613831300000001,16,3,2
2024-02-01 17:00:00,13.09,39.38,0.0,12.613831300000001,17,3,2
2024-02-01 18:00:00,15.546000000000001,36.5,0.0,12.8623797,18,3,2
2024-02-01 19:00:00,17.458000000000002,35.78,0.0,12.8002426,19,3,2
2024-02-01 20:00:00,17.458000000000002,35.42,0.0,10.749718300000001,20,3,2
2024-02-01 21:00:00,19.066666666666666,35.24,0.0,10.9982667,21,3,2
2024-02-01 22:00:00,21.0,35.42,0.0,12.42742,22,3,2
2024-02-01 23:00:00,21.478333333333335,35.24,0.0,13.670162,23,3,2
2024-02-02 00:00:00,22.72666666666667,35.06,0.0,13.7322991,0,4,2
2024-02-02 01:00:00,23.40833333333333,34.88,0.0,13.608024899999998,1,4,2
2024-02-02 02:00:00,22.261666666666667,35.06,0.0,13.7944362,2,4,2
2024-02-02 03:00:00,21.478333333333335,34.88,0.0,13.4837507,3,4,2
2024-02-02 04:00:00,23.75,34.34,0.0,11.806049,4,4,2
2024-02-02 05:00:00,22.433333333333334,32.9,0.0,10.1283473,5,4,2
2024-02-02 06:00:00,20.224999999999998,32.18,0.0,9.6312505,6,4,2
2024-02-02 07:00:00,17.5,32.18,0.0,10.2526215,7,4,2
2024-02-02 08:00:00,15.339999999999998,33.8,0.0,10.190484399999999,8,4,2
2024-02-02 09:00:00,16.705000000000002,35.42,0.0,12.054597399999999,9,4,2
2024-02-02 10:00:00,17.73,36.5,0.0,12.054597399999999,10,4,2
2024-02-02 11:00:00,17.73,36.86,0.0,11.743911899999999,11,4,2
2024-02-02 12:00:00,17.73,37.76,0.0,12.303145800000001,12,4,2
2024-02-02 13:00:00,17.39,37.76,0.0,11.433226399999999,13,4,2
2024-02-02 14:00:00,17.276666666666667,37.04,0.0,11.246815100000001,14,4,2
2024-02-02 15:00:00,15.818000000000001,35.96,0.0,10.625444100000001,15,4,2
2024-02-02 16:00:00,15.566666666666668,35.42,0.0,11.371089300000001,16,4,2
2024-02-02 17:00:00,14.091666666666667,34.88,0.0,12.613831300000001,17,4,2
2024-02-02 18:00:00,15.681666666666667,33.26,0.0,10.811855399999999,18,4,2
2024-02-02 19:00:00,17.161666666666665,32.36,0.0,10.749718300000001,19,4,2
2024-02-02 20:00:00,17.956666666666667,32.54,0.0,9.6933876,20,4,2
2024-02-02 21:00:00,19.43,32.72,0.0,9.7555247,21,4,2
2024-02-02 22:00:00,19.99833333333333,33.26,0.0,9.8797989,22,4,2
2024-02-02 23:00:00,20.566666666666666,32.54,0.0,8.4506456,23,4,2
2024-02-03 00:00:00,22.27333333333333,30.92,0.0,7.4564520000000005,0,5,2
2024-02-03 01:00:00,23.486666666666665,29.12,0.0,6.4001213,1,5,2
2024-02-03 02:00:00,23.44333333333333,27.86,0.0,5.9030245,2,5,2
2024-02-03 03:00:00,20.396666666666665,27.5,0.0,6.027298699999999,3,5,2
2024-02-03 04:00:00,22.96666666666667,28.04,0.0,7.2079036,4,5,2
2024-02-03 05:00:00,23.06833333333333,28.580000000000002,0.0,8.4506456,5,5,2
2024-02-03 06:00:00,21.96666666666667,28.76,0.0,8.8856053,6,5,2
2024-02-03 07:00:00,22.456666666666667,28.76,0.0,9.0720166,7,5,2
2024-02-03 08:00:00,21.478333333333335,28.4,0.0,8.512782699999999,8,5,2
2024-02-03 09:00:00,19.656666666666666,30.38,0.0,8.202097199999999,9,5,2
2024-02-03 10:00:00,19.316666666666666,32.0,0.0,9.0720166,10,5,2
2024-02-03 11:00:00,18.863333333333333,33.44,0.0,8.2642343,11,5,2
2024-02-03 12:00:00,18.171666666666667,35.42,0.0,7.5807262,12,5,2
2024-02-03 13:00:00,17.73,36.86,0.0,8.077823,13,5,2
2024-02-03 14:00:00,17.73,37.4,0.0,9.0720166,14,5,2
2024-02-03 15:00:00,17.843333333333334,37.94,0.0,10.1283473,15,5,2
2024-02-03 16:00:00,16.933333333333334,37.76,0.0,10.8739925,16,5,2
2024-02-03 17:00:00,17.161666666666665,36.5,0.0,10.4390328,17,5,2
2024-02-03 18:00:00,16.933333333333334,34.88,0.0,9.320565,18,5,2
2024-02-03 19:00:00,17.50166666666667,34.34,0.0,9.1962908,19,5,2
2024-02-03 20:00:00,18.07,33.08,0.0,9.7555247,20,5,2
2024-02-03 21:00:00,18.636666666666667,33.26,0.0,9.8797989,21,5,2
2024-02-03 22:00:00,18.761666666666667,32.9,0.0,9.1962908,22,5,2
2024-02-03 23:00:00,20.908333333333335,31.82,0.0,8.7613311,23,5,2
2024-02-04 00:00:00,22.30666666666667,30.92,0.0,8.077823,0,6,2
2024-02-04 01:00:00,22.02333333333333,30.56,0.0,8.512782699999999,1,6,2
2024-02-04 02:00:00,23.33666666666667,30.56,0.0,9.5691134,2,6,2
2024-02-04 03:00:00,23.661666666666665,30.02,0.0,8.202097199999999,3,6,2
2024-02-04 04:00:00,22.14833333333333,29.12,0.0,7.2700407,4,6,2
2024-02-04 05:00:00,23.465,29.3,0.0,8.3885085,5,6,2
2024-02-04 06:00:00,22.386666666666667,29.48,0.0,8.823468199999999,6,6,2
2024-02-04 07:00:00,22.218333333333334,29.48,0.0,9.134153699999999,7,6,2
2024-02-04 08:00:00,22.5,29.12,0.0,9.0098795,8,6,2
2024-02-04 09:00:00,22.070000000000004,31.64,0.0,8.823468199999999,9,6,2
2024-02-04 10:00:00,20.113333333333333,33.62,0.0,8.8856053,10,6,2
2024-02-04 11:00:00,19.658333333333335,34.7,0.0,7.6428633,11,6,2
2024-02-04 12:00:00,19.09,35.78,0.0,7.7050004,12,6,2
2024-02-04 13:00:00,18.393333333333334,36.5,0.0,9.4448392,13,6,2
2024-02-04 14:00:00,17.843333333333334,37.04,0.0,12.2410087,14,6,2
2024-02-04 15:00:00,18.07,37.4,0.0,13.235202300000001,15,6,2
2024-02-04 16:00:00,18.296666666666667,37.22,0.0,13.235202300000001,16,6,2
2024-02-04 17:00:00,17.503333333333334,36.32,0.0,12.42742,17,6,2
2024-02-04 18:00:00,18.183333333333334,34.52,0.0,11.371089300000001,18,6,2
2024-02-04 19:00:00,19.656666666666666,33.8,0.0,11.4953635,19,6,2
2024-02-04 20:00:00,20.566666666666666,33.62,0.0,11.557500600000001,20,6,2
2024-02-04 21:00:00,20.338333333333335,33.44,0.0,10.811855399999999,21,6,2
2024-02-04 22:00:00,21.501666666666665,33.26,0.0,9.7555247,22,6,2
2024-02-04 23:00:00,21.478333333333335,32.9,0.0,9.6933876,23,6,2
2024-02-05 00:00:00,23.55666666666667,33.08,0.0,10.6875812,0,0,2
2024-02-05 01:00:00,23.75,33.26,0.0,10.9982667,1,0,2
2024-02-05 02:00:00,23.295,33.08,0.0,10.4390328,2,0,2
2024-02-05 03:00:00,25.31833333333333,32.18,0.0,10.4390328,3,0,2
2024-02-05 04:00:00,22.751666666666665,31.82,0.0,10.1283473,4,0,2
2024-02-05 05:00:00,23.179999999999996,31.64,0.0,10.0662102,5,0,2
2024-02-05 06:00:00,20.453333333333333,30.92,0.0,9.3827021,6,0,2
2024-02-05 07:00:00,17.388333333333332,30.02,0.0,8.947742400000001,7,0,2
2024-02-05 08:00:00,15.453333333333333,30.56,0.0,9.8797989,8,0,2
2024-02-05 09:00:00,16.361666666666668,33.26,0.0,9.4448392,9,0,2
2024-02-05 10:00:00,17.956666666666667,35.42,0.0,12.7381055,10,0,2
2024-02-05 11:00:00,17.616666666666667,36.68,0.0,13.4837507,11,0,2
2024-02-05 12:00:00,17.276666666666667,37.4,0.0,14.1672588,12,0,2
2024-02-05 13:00:00,17.503333333333334,37.58,0.0,14.5400814,13,0,2
2024-02-05 14:00:00,17.548333333333336,37.58,0.0,14.5400814,14,0,2
2024-02-05 15:00:00,16.478333333333335,37.4,0.0,13.8565733,15,0,2
2024-02-05 16:00:00,14.545,36.5,0.0,13.1730652,16,0,2
2024-02-05 17:00:00,13.738,35.6,0.0,11.4953635,17,0,2
2024-02-05 18:00:00,15.818000000000001,33.98,0.0,9.1962908,18,0,2
2024-02-05 19:00:00,17.161666666666665,32.18,0.0,8.5749198,19,0,2
2024-02-05 20:00:00,18.002000000000002,31.82,0.0,8.947742400000001,20,0,2
2024-02-05 21:00:00,19.203333333333333,31.46,0.0,8.5749198,21,0,2
2024-02-05 22:00:00,20.966666666666665,31.28,0.0,7.8292746,22,0,2
2024-02-05 23:00:00,21.138333333333332,30.92,0.0,7.2079036,23,0,2
2024-02-06 00:00:00,22.921666666666667,30.38,0.0,7.0214923,0,1,2
2024-02-06 01:00:00,23.070000000000004,30.02,0.0,7.0836294,1,1,2
2024-02-06 02:00:00,22.238,30.2,0.0,7.1457665,2,1,2
2024-02-06 03:00:00,21.792,30.02,0.0,6.7108068,3,1,2
2024-02-06 04:00:00,22.611666666666665,29.48,0.0,6.027298699999999,4,1,2
2024-02-06 05:00:00,21.933333333333334,30.02,0.0,7.3321778,5,1,2
2024-02-06 06:00:00,20.793333333333333,27.86,0.0,6.648669699999999,6,1,2
2024-02-06 07:00:00,17.273333333333333,27.32,0.0,4.0389115,7,1,2
2024-02-06 08:00:00,15.226666666666667,30.74,0.0,1.6777017,8,1,2
2024-02-06 09:00:00,15.339999999999998,31.1,0.0,4.5981454,9,1,2
2024-02-06 10:00:00,17.728333333333335,32.0,0.0,7.0836294,10,1,2
2024-02-06 11:00:00,17.616666666666667,35.24,0.0,6.8972181,11,1,2
2024-02-06 12:00:00,17.225,38.660000000000004,0.0,5.7787503000000005,12,1,2
2024-02-06 13:00:00,17.253333333333334,41.36,0.0,1.4912904,13,1,2
2024-02-06 14:00:00,17.503333333333334,43.16,0.0,6.027298699999999,14,1,2
2024-02-06 15:00:00,16.25,44.42,0.0,5.840887400000001,15,1,2
2024-02-06 16:00:00,14.545,44.6,0.0,5.716613199999999,16,1,2
2024-02-06 17:00:00,13.316666666666668,43.34,0.0,6.151572900000001,17,1,2
2024-02-06 18:00:00,15.407999999999998,39.92,0.0,5.6544761,18,1,2
2024-02-06 19:00:00,17.594,36.5,0.0,6.21371,19,1,2
2024-02-06 20:00:00,18.546,32.9,0.0,6.8972181,20,1,2
2024-02-06 21:00:00,19.31,32.36,0.0,7.4564520000000005,21,1,2
2024-02-06 22:00:00,21.65,31.82,0.0,8.1399601,22,1,2
2024-02-06 23:00:00,21.47666666666667,31.28,0.0,7.5185891,23,1,2
2024-02-07 00:00:00,23.179999999999996,30.92,0.0,7.8914117,0,2,2
2024-02-07 01:00:00,22.53333333333333,31.28,0.0,7.8914117,1,2,2
2024-02-07 02:00:00,22.785,30.92,0.0,8.2642343,2,2,2
2024-02-07 03:00:00,21.011666666666667,30.2,0.0,7.8914117,3,2,2
2024-02-07 04:00:00,22.0,29.84,0.0,6.7108068,4,2,2
2024-02-07 05:00:00,22.84,29.12,0.0,7.0214923,5,2,2
2024-02-07 06:00:00,19.849999999999998,29.66,0.0,6.2758471,6,2,2
2024-02-07 07:00:00,17.50166666666667,28.04,0.0,4.349597,7,2,2
2024-02-07 08:00:00,15.680000000000001,28.76,0.0,5.0952421999999995,8,2,2
2024-02-07 09:00:00,15.796666666666667,30.74,0.0,5.3437906,9,2,2
2024-02-07 10:00:00,17.843333333333334,33.98,0.0,6.7108068,10,2,2
2024-02-07 11:00:00,17.616666666666667,38.3,0.0,6.5243955,11,2,2
2024-02-07 12:00:00,17.73,41.18,0.0,7.0214923,12,2,2
2024-02-07 13:00:00,17.50166666666667,43.879999999999995,0.0,7.9535488,13,2,2
2024-02-07 14:00:00,17.276666666666667,44.96,0.0,9.134153699999999,14,2,2
2024-02-07 15:00:00,15.68,45.68,0.0,9.0720166,15,2,2
2024-02-07 16:00:00,14.318333333333333,46.04,0.0,9.941936,16,2,2
2024-02-07 17:00:00,13.521666666666667,45.86,0.0,9.5069763,17,2,2
2024-02-07 18:00:00,15.001666666666667,43.7,0.0,8.512782699999999,18,2,2
2024-02-07 19:00:00,17.503333333333334,41.72,0.0,9.134153699999999,19,2,2
2024-02-07 20:00:00,18.636666666666667,40.1,0.0,12.4895571,20,2,2
2024-02-07 21:00:00,19.543333333333333,39.56,0.0,11.6196377,21,2,2
2024-02-07 22:00:00,20.793333333333333,39.2,0.0,11.433226399999999,22,2,2
2024-02-07 23:00:00,21.42,38.660000000000004,0.0,11.8681861,23,2,2
2024-02-08 00:00:00,24.093333333333334,39.2,0.0,13.297339399999998,0,3,2
2024-02-08 01:00:00,23.39833333333333,39.2,0.0,13.8565733,1,3,2
2024-02-08 02:00:00,21.771666666666665,39.02,0.0,13.4837507,2,3,2
2024-02-08 03:00:00,23.575,39.74,0.0,13.9187104,3,3,2
2024-02-08 04:00:00,23.75,40.64,0.0,13.4216136,4,3,2
2024-02-08 05:00:00,22.046666666666667,41.54,0.0,13.235202300000001,5,3,2
2024-02-08 06:00:00,19.993333333333332,41.54,0.0,12.986653899999999,6,3,2
2024-02-08 07:00:00,17.388333333333332,41.72,0.0,13.235202300000001,7,3,2
2024-02-08 08:00:00,15.453333333333333,45.32,0.0,14.9750411,8,3,2
2024-02-08 09:00:00,15.795,45.86,0.0,15.0371782,9,3,2
2024-02-08 10:00:00,17.73,49.1,0.0,16.7148799,10,3,2
2024-02-08 11:00:00,17.39,51.08,0.0,17.895484800000002,11,3,2
2024-02-08 12:00:00,17.275000000000002,54.14,0.0,19.9460091,12,3,2
2024-02-08 13:00:00,17.276666666666667,56.3,0.0,19.5110494,13,3,2
2024-02-08 14:00:00,17.161666666666665,56.84,0.0,19.8217349,14,3,2
2024-02-08 15:00:00,15.908333333333333,57.74,0.0,20.8780656,15,3,2
2024-02-08 16:00:00,14.660000000000002,56.120000000000005,0.0,18.7032671,16,3,2
2024-02-08 17:00:00,13.75,55.76,0.0,19.5731865,17,3,2
2024-02-08 18:00:00,14.886666666666665,54.5,0.0,19.9460091,18,3,2
2024-02-08 19:00:00,16.638333333333332,53.78,0.0,20.380968799999998,19,3,2
2024-02-08 20:00:00,17.401666666666667,53.06,0.0,20.7537914,20,3,2
2024-02-08 21:00:00,17.871666666666666,51.98,0.0,15.223589500000001,21,3,2
2024-02-08 22:00:00,19.543333333333333,51.44,0.0,18.9518155,22,3,2
2024-02-08 23:00:00,21.478333333333335,50.9,0.0,18.1440332,23,3,2
2024-02-09 00:00:00,22.728333333333335,51.26,0.0,20.8780656,0,4,2
2024-02-09 01:00:00,22.953333333333333,50.36,0.0,19.3246381,1,4,2
2024-02-09 02:00:00,22.67,48.2,0.0,15.223589500000001,2,4,2
2024-02-09 03:00:00,23.018333333333334,44.96,0.0,13.297339399999998,3,4,2
2024-02-09 04:00:00,24.228333333333335,42.44,0.0,11.743911899999999,4,4,2
2024-02-09 05:00:00,21.933333333333334,40.64,0.0,10.9982667,5,4,2
2024-02-09 06:00:00,19.771666666666665,39.56,0.0,11.184678,6,4,2
2024-02-09 07:00:00,17.023333333333333,39.02,0.0,11.992460300000001,7,4,2
2024-02-09 08:00:00,14.546666666666667,39.56,0.0,11.681774800000001,8,4,2
2024-02-09 09:00:00,16.363333333333333,41.54,0.0,12.054597399999999,9,4,2
2024-02-09 10:00:00,17.956666666666667,45.5,0.0,12.2410087,10,4,2
2024-02-09 11:00:00,17.616666666666667,48.74,0.0,14.4158072,11,4,2
2024-02-09 12:00:00,17.388333333333332,51.44,0.0,16.0935089,12,4,2
2024-02-09 13:00:00,17.616666666666667,53.42,0.0,16.2799202,13,4,2
2024-02-09 14:00:00,17.503333333333334,54.86,0.0,17.1498396,14,4,2
2024-02-09 15:00:00,16.363333333333333,55.22,0.0,16.217783100000002,15,4,2
2024-02-09 16:00:00,15.566666666666668,54.5,0.0,14.291533,16,4,2
2024-02-09 17:00:00,14.431666666666667,53.24,0.0,13.1730652,17,4,2
2024-02-09 18:00:00,15.796666666666667,50.54,0.0,12.7381055,18,4,2
2024-02-09 19:00:00,17.163333333333334,47.3,0.0,11.060403800000001,19,4,2
2024-02-09 20:00:00,17.956666666666667,43.879999999999995,0.0,8.5749198,20,4,2
2024-02-09 21:00:00,18.636666666666667,41.9,0.0,10.314758600000001,21,4,2
2024-02-09 22:00:00,19.31833333333333,39.74,0.0,10.8739925,22,4,2
2024-02-09 23:00:00,21.42,37.94,0.0,9.3827021,23,4,2
2024-02-10 00:00:00,21.923333333333332,35.6,0.0,7.0214923,0,5,2
2024-02-10 01:00:00,22.385,33.44,0.0,5.6544761,1,5,2
2024-02-10 02:00:00,22.53333333333333,32.0,0.0,5.840887400000001,2,5,2
2024-02-10 03:00:00,22.203333333333333,30.92,0.0,6.0894358,3,5,2
2024-02-10 04:00:00,22.84,29.84,0.0,5.840887400000001,4,5,2
2024-02-10 05:00:00,22.96666666666667,29.3,0.0,6.7729439000000005,5,5,2
2024-02-10 06:00:00,22.5,28.580000000000002,0.0,7.3943149,6,5,2
2024-02-10 07:00:00,21.68166666666667,27.86,0.0,8.326371400000001,7,5,2
2024-02-10 08:00:00,20.341666666666665,29.48,0.0,9.258427900000001,8,5,2
2024-02-10 09:00:00,19.316666666666666,30.74,0.0,8.326371400000001,9,5,2
2024-02-10 10:00:00,18.976666666666667,33.08,0.0,10.501169899999999,10,5,2
2024-02-10 11:00:00,18.296666666666667,34.7,0.0,12.1167345,11,5,2
2024-02-10 12:00:00,17.956666666666667,36.14,0.0,11.3089522,12,5,2
2024-02-10 13:00:00,17.456666666666667,38.3,0.0,10.004073100000001,13,5,2
2024-02-10 14:00:00,17.843333333333334,40.1,0.0,7.8292746,14,5,2
2024-02-10 15:00:00,17.161666666666665,41.72,0.0,8.077823,15,5,2
2024-02-10 16:00:00,17.05,41.72,0.0,9.0098795,16,5,2
2024-02-10 17:00:00,17.161666666666665,40.82,0.0,10.936129600000001,17,5,2
2024-02-10 18:00:00,17.39,38.48,0.0,9.5691134,18,5,2
2024-02-10 19:00:00,16.8775,35.78,0.0,7.8914117,19,5,2
2024-02-10 20:00:00,17.956666666666667,35.42,0.0,0.4970968,20,5,2
2024-02-10 21:00:00,18.07,33.62,0.0,2.3612098,21,5,2
2024-02-10 22:00:00,19.118000000000002,29.12,0.0,4.5981454,22,5,2
2024-02-10 23:00:00,20.565,29.12,0.0,6.5865326,23,5,2
2024-02-11 00:00:00,22.5,28.580000000000002,0.0,5.7787503000000005,0,6,2
2024-02-11 01:00:00,23.974999999999998,29.3,0.0,6.648669699999999,1,6,2
2024-02-11 02:00:00,23.150000000000002,29.84,0.0,7.8914117,2,6,2
2024-02-11 03:00:00,25.311666666666667,29.12,0.0,7.1457665,3,6,2
2024-02-11 04:00:00,23.08,29.3,0.0,8.077823,4,6,2
2024-02-11 05:00:00,23.25,28.22,0.0,7.2700407,5,6,2
2024-02-11 06:00:00,23.31833333333333,27.86,0.0,8.326371400000001,6,6,2
2024-02-11 07:00:00,24.26,27.32,0.0,8.015685900000001,7,6,2
2024-02-11 08:00:00,22.986666666666665,27.86,0.0,7.5807262,8,6,2
2024-02-11 09:00:00,19.99833333333333,29.48,0.0,5.7787503000000005,9,6,2
2024-02-11 10:00:00,19.43,31.46,0.0,6.0894358,10,6,2
2024-02-11 11:00:00,19.771666666666665,33.08,0.0,5.0331051,11,6,2
2024-02-11 12:00:00,18.636666666666667,34.52,0.0,3.7282260000000003,12,6,2
2024-02-11 13:00:00,18.93166666666667,36.32,0.0,3.2311292000000003,13,6,2
2024-02-11 14:00:00,17.843333333333334,37.94,0.0,3.4796776,14,6,2
2024-02-11 15:00:00,18.398333333333333,38.48,0.0,2.7961695,15,6,2
2024-02-11 16:00:00,17.728333333333335,38.3,0.0,2.8583065999999997,16,6,2
2024-02-11 17:00:00,17.73,37.04,0.0,4.2253228,17,6,2
2024-02-11 18:00:00,18.546,34.7,0.0,4.4738712000000005,18,6,2
2024-02-11 19:00:00,18.546,32.0,0.0,4.411734099999999,19,6,2
2024-02-11 20:00:00,21.255,31.1,0.0,1.9262501,20,6,2
2024-02-11 21:00:00,21.3075,30.92,0.0,2.0505242999999997,21,6,2
2024-02-11 22:00:00,20.863999999999997,27.32,0.0,3.3554034,22,6,2
2024-02-11 23:00:00,23.142000000000003,26.060000000000002,0.0,3.3554034,23,6,2
2024-02-12 00:00:00,24.736,25.52,0.0,4.8466938,0,0,2
2024-02-12 01:00:00,23.195000000000004,24.98,0.0,4.7224196,1,0,2
2024-02-12 02:00:00,22.868333333333336,24.439999999999998,0.0,4.9088309,2,0,2
2024-02-12 03:00:00,24.778333333333332,24.08,0.0,5.0331051,3,0,2
2024-02-12 04:00:00,22.073333333333334,23.9,0.0,5.4059276999999994,4,0,2
2024-02-12 05:00:00,22.728333333333335,23.18,0.0,5.0331051,5,0,2
2024-02-12 06:00:00,19.6,22.46,0.0,4.2874599,6,0,2
2024-02-12 07:00:00,17.458000000000002,21.74,0.0,4.411734099999999,7,0,2
2024-02-12 08:00:00,15.85,21.92,0.0,5.4059276999999994,8,0,2
2024-02-12 09:00:00,16.28,26.240000000000002,0.0,4.2874599,9,0,2
2024-02-12 10:00:00,18.07,31.46,0.0,5.6544761,10,0,2
2024-02-12 11:00:00,17.163333333333334,36.32,0.0,5.592339,11,0,2
2024-02-12 12:00:00,17.161666666666665,38.48,0.0,3.4796776,12,0,2
2024-02-12 13:00:00,16.935,40.64,0.0,5.530201900000001,13,0,2
2024-02-12 14:00:00,17.276666666666667,41.9,0.0,3.6039518,14,0,2
2024-02-12 15:00:00,16.09,42.8,0.0,3.4175405,15,0,2
2024-02-12 16:00:00,14.319999999999999,42.980000000000004,0.0,2.9204437000000003,16,0,2
2024-02-12 17:00:00,13.362,42.8,0.0,4.349597,17,0,2
2024-02-12 18:00:00,14.886666666666665,39.02,0.0,5.6544761,18,0,2
2024-02-12 19:00:00,17.50166666666667,35.24,0.0,7.4564520000000005,19,0,2
2024-02-12 20:00:00,18.41,35.24,0.0,6.7729439000000005,20,0,2
2024-02-12 21:00:00,18.183333333333334,32.54,0.0,6.5865326,21,0,2
2024-02-12 22:00:00,21.023333333333333,30.74,0.0,6.337984199999999,22,0,2
2024-02-12 23:00:00,21.478333333333335,30.02,0.0,6.835081,23,0,2
2024-02-13 00:00:00,22.615,30.02,0.0,7.2079036,0,1,2
2024-02-13 01:00:00,23.011666666666667,29.48,0.0,7.0836294,1,1,2
2024-02-13 02:00:00,21.820000000000004,29.66,0.0,8.077823,2,1,2
2024-02-13 03:00:00,21.665000000000003,30.38,0.0,10.4390328,3,1,2
2024-02-13 04:00:00,23.43166666666667,30.02,0.0,11.122540899999999,4,1,2
2024-02-13 05:00:00,22.885,29.48,0.0,10.9982667,5,1,2
2024-02-13 06:00:00,19.99833333333333,28.580000000000002,0.0,10.811855399999999,6,1,2
2024-02-13 07:00:00,17.385,27.68,0.0,10.1283473,7,1,2
2024-02-13 08:00:00,15.226666666666667,27.68,0.0,9.320565,8,1,2
2024-02-13 09:00:00,15.566666666666668,29.48,0.0,7.8914117,9,1,2
2024-02-13 10:00:00,17.615,32.36,0.0,8.3885085,10,1,2
2024-02-13 11:00:00,17.503333333333334,34.88,0.0,8.5749198,11,1,2
2024-02-13 12:00:00,17.39,36.86,0.0,7.6428633,12,1,2
2024-02-13 13:00:00,17.05,38.3,0.0,6.835081,13,1,2
2024-02-13 14:00:00,17.048333333333336,39.74,0.0,6.9593552,14,1,2
2024-02-13 15:00:00,16.021666666666665,39.2,0.0,6.027298699999999,15,1,2
2024-02-13 16:00:00,14.206666666666669,37.22,0.0,8.2642343,16,1,2
2024-02-13 17:00:00,13.293333333333331,35.06,0.0,8.8856053,17,1,2
2024-02-13 18:00:00,15.453333333333333,33.26,0.0,5.9651616,18,1,2
2024-02-13 19:00:00,17.73,30.38,0.0,4.1010485999999995,19,1,2
2024-02-13 20:00:00,18.05333333333333,30.56,0.0,3.1689920999999996,20,1,2
2024-02-13 21:00:00,18.75,31.28,0.0,2.4233469,21,1,2
2024-02-13 22:00:00,20.338333333333335,30.74,0.0,1.9262501,22,1,2
2024-02-13 23:00:00,22.046666666666667,28.94,0.0,2.8583065999999997,23,1,2
2024-02-14 00:00:00,23.363333333333333,27.32,0.0,4.7845567,0,2,2
2024-02-14 01:00:00,22.613333333333333,27.68,0.0,4.4738712000000005,1,2,2
2024-02-14 02:00:00,22.85166666666667,28.04,0.0,4.411734099999999,2,2,2
2024-02-14 03:00:00,21.396666666666665,27.5,0.0,5.2195164,3,2,2
2024-02-14 04:00:00,23.636666666666667,26.96,0.0,5.0952421999999995,4,2,2
2024-02-14 05:00:00,22.27333333333333,26.78,0.0,4.1010485999999995,5,2,2
2024-02-14 06:00:00,19.77,24.8,0.0,4.5360083,6,2,2
2024-02-14 07:00:00,17.158333333333335,24.08,0.0,5.6544761,7,2,2
2024-02-14 08:00:00,15.453333333333333,24.26,0.0,6.337984199999999,8,2,2
2024-02-14 09:00:00,15.908333333333333,28.580000000000002,0.0,4.970968,9,2,2
2024-02-14 10:00:00,17.616666666666667,32.72,0.0,5.3437906,10,2,2
2024-02-14 11:00:00,16.705000000000002,36.5,0.0,6.7729439000000005,11,2,2
2024-02-14 12:00:00,17.088333333333335,38.660000000000004,0.0,7.8292746,12,2,2
2024-02-14 13:00:00,17.05,40.64,0.0,8.077823,13,2,2
2024-02-14 14:00:00,17.163333333333334,41.9,0.0,7.5807262,14,2,2
2024-02-14 15:00:00,16.25,42.620000000000005,0.0,7.5807262,15,2,2
2024-02-14 16:00:00,14.205,42.620000000000005,0.0,7.7671375000000005,16,2,2
2024-02-14 17:00:00,13.638333333333334,41.54,0.0,6.9593552,17,2,2
2024-02-14 18:00:00,15.228333333333333,38.12,0.0,7.9535488,18,2,2
2024-02-14 19:00:00,17.39,35.96,0.0,8.5749198,19,2,2
2024-02-14 20:00:00,17.503333333333334,37.4,0.0,9.3827021,20,2,2
2024-02-14 21:00:00,18.978333333333335,36.68,0.0,10.4390328,21,2,2
2024-02-14 22:00:00,20.703333333333333,36.32,0.0,11.9303232,22,2,2
2024-02-14 23:00:00,21.25,35.96,0.0,13.4216136,23,2,2
2024-02-15 00:00:00,23.965,35.6,0.0,12.613831300000001,0,3,2
2024-02-15 01:00:00,23.296666666666667,35.24,0.0,10.1283473,1,3,2
2024-02-15 02:00:00,23.41,35.42,0.0,13.4216136,2,3,2
2024-02-15 03:00:00,23.06833333333333,35.42,0.1,12.8623797,3,3,2
2024-02-15 04:00:00,23.035,36.86,3.4,14.3536701,4,3,2
2024-02-15 05:00:00,22.16,35.24,1.3,3.9767744,5,3,2
2024-02-15 06:00:00,19.06833333333333,36.68,1.2,9.941936,6,3,2
2024-02-15 07:00:00,16.59,39.38,0.4,13.9187104,7,3,2
2024-02-15 08:00:00,15.226666666666667,41.72,0.1,18.019759,8,3,2
2024-02-15 09:00:00,15.453333333333333,39.92,0.0,18.0818961,9,3,2
2024-02-15 10:00:00,17.421666666666667,39.56,0.0,18.5789929,10,3,2
2024-02-15 11:00:00,16.933333333333334,39.92,0.0,20.4431059,11,3,2
2024-02-15 12:00:00,17.05,41.36,0.0,19.5731865,12,3,2
2024-02-15 13:00:00,16.59,41.72,0.0,17.5847993,13,3,2
2024-02-15 14:00:00,16.705000000000002,42.260000000000005,0.0,16.777017,14,3,2
2024-02-15 15:00:00,15.566666666666668,42.44,0.0,17.3362509,15,3,2
2024-02-15 16:00:00,14.089999999999998,41.72,0.0,16.839154100000002,16,3,2
2024-02-15 17:00:00,13.066666666666668,40.46,0.0,15.0371782,17,3,2
2024-02-15 18:00:00,15.0,37.76,0.0,11.992460300000001,18,3,2
2024-02-15 19:00:00,17.275000000000002,34.34,0.0,10.749718300000001,19,3,2
2024-02-15 20:00:00,17.615,32.0,0.0,8.3885085,20,3,2
2024-02-15 21:00:00,18.296666666666667,30.56,0.0,9.0098795,21,3,2
2024-02-15 22:00:00,19.546666666666667,30.2,0.0,9.5069763,22,3,2
2024-02-15 23:00:00,21.226666666666667,29.3,0.0,10.190484399999999,23,3,2
2024-02-16 00:00:00,22.84166666666667,29.48,0.0,10.563307,0,4,2
2024-02-16 01:00:00,23.742,29.12,0.0,11.3089522,1,4,2
2024-02-16 02:00:00,21.705,28.22,0.0,11.743911899999999,2,4,2
2024-02-16 03:00:00,22.921666666666667,27.5,0.0,11.060403800000001,3,4,2
2024-02-16 04:00:00,23.304999999999996,27.5,0.0,10.314758600000001,4,4,2
2024-02-16 05:00:00,22.228,27.32,0.0,9.6933876,5,4,2
2024-02-16 06:00:00,20.224999999999998,27.14,0.0,8.512782699999999,6,4,2
2024-02-16 07:00:00,17.386666666666667,26.6,0.0,7.9535488,7,4,2
2024-02-16 08:00:00,15.566666666666668,27.14,0.0,8.4506456,8,4,2
2024-02-16 09:00:00,16.365,27.32,0.1,8.077823,9,4,2
2024-02-16 10:00:00,17.503333333333334,26.96,0.1,7.5807262,10,4,2
2024-02-16 11:00:00,17.076666666666668,27.68,0.1,6.835081,11,4,2
2024-02-16 12:00:00,17.503333333333334,28.04,0.1,6.027298699999999,12,4,2
2024-02-16 13:00:00,17.388333333333332,28.580000000000002,0.1,6.337984199999999,13,4,2
2024-02-16 14:00:00,16.933333333333334,29.12,0.1,6.8972181,14,4,2
2024-02-16 15:00:00,16.591666666666665,29.3,0.1,6.7729439000000005,15,4,2
2024-02-16 16:00:00,14.885,30.02,0.1,7.0214923,16,4,2
2024-02-16 17:00:00,14.091666666666667,30.38,0.0,7.6428633,17,4,2
2024-02-16 18:00:00,15.910000000000002,30.02,0.0,8.077823,18,4,2
2024-02-16 19:00:00,17.503333333333334,27.86,0.0,7.2079036,19,4,2
2024-02-16 20:00:00,17.843333333333334,28.580000000000002,0.0,9.3827021,20,4,2
2024-02-16 21:00:00,18.682,28.4,0.0,9.5069763,21,4,2
2024-02-16 22:00:00,19.369999999999997,28.22,0.0,11.3089522,22,4,2
2024-02-16 23:00:00,20.946,27.86,0.0,13.297339399999998,23,4,2
2024-02-17 00:00:00,22.195,23.54,0.0,20.505243,0,5,2
2024-02-17 01:00:00,23.32,18.86,0.0,19.5110494,1,5,2
2024-02-17 02:00:00,22.866,15.979999999999997,0.0,17.9576219,2,5,2
2024-02-17 03:00:00,22.34166666666667,14.899999999999999,0.0,16.5906057,3,5,2
2024-02-17 04:00:00,23.486666666666665,14.36,0.0,15.0371782,4,5,2
2024-02-17 05:00:00,22.52333333333333,13.82,0.0,13.7944362,5,5,2
2024-02-17 06:00:00,23.316,13.64,0.0,13.3594765,6,5,2
2024-02-17 07:00:00,21.954,13.279999999999998,0.0,13.297339399999998,7,5,2
2024-02-17 08:00:00,20.044,13.100000000000001,0.0,12.42742,8,5,2
2024-02-17 09:00:00,18.954,14.720000000000002,0.0,13.1109281,9,5,2
2024-02-17 10:00:00,18.41,16.88,0.0,12.924516800000001,10,5,2
2024-02-17 11:00:00,17.73,19.4,0.0,13.048791,11,5,2
2024-02-17 12:00:00,17.594,22.28,0.0,13.670162,12,5,2
2024-02-17 13:00:00,17.458000000000002,24.62,0.0,13.9808475,13,5,2
2024-02-17 14:00:00,17.458000000000002,26.6,0.0,15.4100008,14,5,2
2024-02-17 15:00:00,17.73,28.04,0.0,17.398388,15,5,2
2024-02-17 16:00:00,17.048000000000002,28.580000000000002,0.0,19.2003639,16,5,2
2024-02-17 17:00:00,16.935,28.4,0.0,20.1324204,17,5,2
2024-02-17 18:00:00,16.935,27.14,0.0,19.1382268,18,5,2
2024-02-17 19:00:00,17.33666666666667,25.7,0.0,19.1382268,19,5,2
2024-02-17 20:00:00,18.41,22.28,0.0,20.9402027,20,5,2
2024-02-17 21:00:00,18.07,22.1,0.0,21.8101221,21,5,2
2024-02-17 22:00:00,19.43,22.1,0.0,22.182944700000004,22,5,2
2024-02-17 23:00:00,21.365,22.46,0.0,22.120807600000003,23,5,2
2024-02-18 00:00:00,21.93166666666667,23.0,0.0,21.6858479,0,6,2
2024-02-18 01:00:00,23.386666666666667,23.72,0.0,20.008146200000002,1,6,2
2024-02-18 02:00:00,23.150000000000002,24.26,0.0,18.5789929,2,6,2
2024-02-18 03:00:00,23.0,24.8,0.0,18.3925816,3,6,2
2024-02-18 04:00:00,24.045,24.98,0.0,18.019759,4,6,2
2024-02-18 05:00:00,24.42,25.34,0.0,17.398388,5,6,2
2024-02-18 06:00:00,23.22666666666667,25.880000000000003,0.0,16.839154100000002,6,6,2
2024-02-18 07:00:00,23.18166666666667,26.240000000000002,0.0,16.5906057,7,6,2
2024-02-18 08:00:00,22.285,24.98,0.0,14.7264927,8,6,2
2024-02-18 09:00:00,21.563333333333333,27.68,0.0,13.3594765,9,6,2
2024-02-18 10:00:00,19.203333333333333,31.28,0.0,15.5964121,10,6,2
2024-02-18 11:00:00,18.976666666666667,34.88,0.0,16.5284686,11,6,2
2024-02-18 12:00:00,18.183333333333334,38.12,0.0,16.777017,12,6,2
2024-02-18 13:00:00,17.956666666666667,40.64,0.0,15.9692347,13,6,2
2024-02-18 14:00:00,18.183333333333334,42.44,0.0,14.4158072,14,6,2
2024-02-18 15:00:00,17.956666666666667,43.519999999999996,0.0,14.0429846,15,6,2
2024-02-18 16:00:00,17.276666666666667,43.879999999999995,0.0,13.1109281,16,6,2
2024-02-18 17:00:00,17.503333333333334,42.980000000000004,0.0,11.122540899999999,17,6,2
2024-02-18 18:00:00,18.07,39.02,0.0,9.0098795,18,6,2
2024-02-18 19:00:00,18.07,33.26,0.0,8.2642343,19,6,2
2024-02-18 20:00:00,19.205000000000002,30.2,0.0,8.077823,20,6,2
2024-02-18 21:00:00,20.565,28.76,0.0,7.8292746,21,6,2
2024-02-18 22:00:00,21.058333333333334,27.14,0.0,7.1457665,22,6,2
2024-02-18 23:00:00,22.386666666666667,25.7,0.0,6.5243955,23,6,2
2024-02-19 00:00:00,22.933333333333334,24.62,0.0,6.21371,0,0,2
2024-02-19 01:00:00,24.093333333333334,23.18,0.0,5.0952421999999995,1,0,2
2024-02-19 02:00:00,20.728333333333335,21.92,0.0,5.0331051,2,0,2
2024-02-19 03:00:00,22.183333333333334,21.02,0.0,5.4680648000000005,3,0,2
2024-02-19 04:00:00,23.44333333333333,20.3,0.0,5.4059276999999994,4,0,2
2024-02-19 05:00:00,23.06833333333333,19.76,0.0,4.970968,5,0,2
2024-02-19 06:00:00,20.68,19.58,0.0,4.411734099999999,6,0,2
2024-02-19 07:00:00,17.73,21.02,0.0,3.2311292000000003,7,0,2
2024-02-19 08:00:00,15.795,20.3,0.0,4.0389115,8,0,2
2024-02-19 09:00:00,16.93166666666667,25.7,0.0,4.2253228,9,0,2
2024-02-19 10:00:00,17.956666666666667,30.2,0.0,4.0389115,10,0,2
2024-02-19 11:00:00,17.843333333333334,35.06,0.0,4.9088309,11,0,2
2024-02-19 12:00:00,17.503333333333334,40.1,0.0,4.9088309,12,0,2
2024-02-19 13:00:00,17.163333333333334,43.879999999999995,0.0,4.8466938,13,0,2
2024-02-19 14:00:00,17.73,45.86,0.0,3.9146373,14,0,2
2024-02-19 15:00:00,16.361666666666668,46.58,0.0,4.0389115,15,0,2
2024-02-19 16:00:00,15.0,46.22,0.0,5.0331051,16,0,2
2024-02-19 17:00:00,13.75,44.96,0.0,5.0952421999999995,17,0,2
2024-02-19 18:00:00,15.796666666666667,41.18,0.0,5.4059276999999994,18,0,2
2024-02-19 19:00:00,17.616666666666667,36.5,0.0,7.4564520000000005,19,0,2
2024-02-19 20:00:00,18.086666666666666,36.14,0.0,9.6312505,20,0,2
2024-02-19 21:00:00,19.625,34.16,0.0,9.1962908,21,0,2
2024-02-19 22:00:00,21.366666666666664,32.54,0.0,8.8856053,22,0,2
2024-02-19 23:00:00,21.478333333333335,31.1,0.0,8.202097199999999,23,0,2
2024-02-20 00:00:00,23.75,30.02,0.0,8.077823,0,1,2
2024-02-20 01:00:00,22.65833333333333,28.94,0.0,7.8292746,1,1,2
2024-02-20 02:00:00,22.361666666666665,28.4,0.0,7.8292746,2,1,2
2024-02-20 03:00:00,23.96666666666667,27.5,0.0,7.1457665,3,1,2
2024-02-20 04:00:00,21.953333333333333,26.96,0.0,7.0214923,4,1,2
2024-02-20 05:00:00,23.328333333333333,26.96,0.0,7.7671375000000005,5,1,2
2024-02-20 06:00:00,19.771666666666665,26.42,0.0,7.4564520000000005,6,1,2
2024-02-20 07:00:00,17.388333333333332,25.7,0.0,6.9593552,7,1,2
2024-02-20 08:00:00,15.226666666666667,26.96,0.0,7.0214923,8,1,2
2024-02-20 09:00:00,15.68,31.82,0.0,6.648669699999999,9,1,2
2024-02-20 10:00:00,17.616666666666667,36.68,0.0,7.9535488,10,1,2
2024-02-20 11:00:00,17.276666666666667,42.08,0.0,9.4448392,11,1,2
2024-02-20 12:00:00,17.39,46.58,0.0,10.314758600000001,12,1,2
2024-02-20 13:00:00,17.276666666666667,50.0,0.0,10.9982667,13,1,2
2024-02-20 14:00:00,17.276666666666667,52.52,0.0,12.5516942,14,1,2
2024-02-20 15:00:00,16.365,54.14,0.0,13.545887800000001,15,1,2
2024-02-20 16:00:00,14.433333333333332,54.5,0.0,14.8507669,16,1,2
2024-02-20 17:00:00,13.406666666666666,53.24,0.0,13.670162,17,1,2
2024-02-20 18:00:00,15.568333333333333,49.46,0.0,12.7381055,18,1,2
2024-02-20 19:00:00,17.503333333333334,45.14,0.0,12.8002426,19,1,2
2024-02-20 20:00:00,17.843333333333334,44.239999999999995,0.0,13.235202300000001,20,1,2
2024-02-20 21:00:00,19.49833333333333,43.34,0.0,13.9808475,21,1,2
2024-02-20 22:00:00,20.34,42.620000000000005,0.0,14.4158072,22,1,2
2024-02-20 23:00:00,21.636666666666667,41.72,0.0,14.1051217,23,1,2
2024-02-21 00:00:00,22.820000000000004,40.46,0.0,12.8002426,0,2,2
2024-02-21 01:00:00,22.511666666666667,39.38,0.0,11.4953635,1,2,2
2024-02-21 02:00:00,22.85166666666667,39.38,0.0,11.557500600000001,2,2,2
2024-02-21 03:00:00,24.136666666666667,39.92,0.1,11.8681861,3,2,2
2024-02-21 04:00:00,24.715,39.92,0.0,10.004073100000001,4,2,2
2024-02-21 05:00:00,22.7375,38.839999999999996,0.0,10.3768957,5,2,2
2024-02-21 06:00:00,19.497999999999998,37.76,0.0,11.246815100000001,6,2,2
2024-02-21 07:00:00,17.273333333333333,38.660000000000004,0.0,11.060403800000001,7,2,2
2024-02-21 08:00:00,15.0,41.0,0.0,12.986653899999999,8,2,2
2024-02-21 09:00:00,16.021666666666665,43.34,0.0,13.8565733,9,2,2
2024-02-21 10:00:00,17.616666666666667,46.94,0.0,14.0429846,10,2,2
2024-02-21 11:00:00,17.163333333333334,50.72,0.0,15.6585492,11,2,2
2024-02-21 12:00:00,17.046666666666667,54.5,0.0,16.031371800000002,12,2,2
2024-02-21 13:00:00,17.39,57.379999999999995,0.0,16.652742800000002,13,2,2
2024-02-21 14:00:00,16.935,59.0,0.0,16.3420573,14,2,2
2024-02-21 15:00:00,16.25166666666667,59.540000000000006,0.0,15.534275000000001,15,2,2
2024-02-21 16:00:00,14.203333333333333,59.540000000000006,0.0,13.7944362,16,2,2
2024-02-21 17:00:00,13.406666666666666,57.92,0.0,11.122540899999999,17,2,2
2024-02-21 18:00:00,15.228333333333333,55.04,0.0,9.6312505,18,2,2
2024-02-21 19:00:00,17.503333333333334,50.72,0.0,7.9535488,19,2,2
2024-02-21 20:00:00,17.843333333333334,48.92,0.0,6.0894358,20,2,2
2024-02-21 21:00:00,19.316666666666666,48.74,0.0,5.840887400000001,21,2,2
2024-02-21 22:00:00,19.895,48.02,0.0,3.4796776,22,2,2
2024-02-21 23:00:00,21.41,47.66,0.0,6.835081,23,2,2
2024-02-22 00:00:00,22.881999999999998,46.22,0.0,6.835081,0,3,2
2024-02-22 01:00:00,22.33,42.8,0.0,7.6428633,1,3,2
2024-02-22 02:00:00,21.41,42.44,0.0,5.2195164,2,3,2
2024-02-22 03:00:00,20.508,41.9,0.0,8.2642343,3,3,2
2024-02-22 04:00:00,24.205,40.64,0.0,5.716613199999999,4,3,2
2024-02-22 05:00:00,21.97,39.74,0.0,6.5243955,5,3,2
2024-02-22 06:00:00,20.113333333333333,39.38,0.1,5.7787503000000005,6,3,2
2024-02-22 07:00:00,16.93166666666667,39.56,0.1,6.5243955,7,3,2
2024-02-22 08:00:00,15.339999999999998,41.18,0.0,7.2079036,8,3,2
2024-02-22 09:00:00,16.09,41.54,0.0,8.512782699999999,9,3,2
2024-02-22 10:00:00,17.9,43.879999999999995,0.0,8.8856053,10,3,2
2024-02-22 11:00:00,17.32,45.14,0.0,8.823468199999999,11,3,2
2024-02-22 12:00:00,17.560000000000002,45.86,0.0,8.4506456,12,3,2
2024-02-22 13:00:00,16.8775,46.04,0.0,9.7555247,13,3,2
2024-02-22 14:00:00,17.4225,45.86,0.0,8.699194,14,3,2
2024-02-22 15:00:00,15.544,46.76,0.0,7.2700407,15,3,2
2024-02-22 16:00:00,14.453999999999999,47.48,0.0,5.9651616,16,3,2
2024-02-22 17:00:00,13.362,46.4,0.0,4.1631857000000005,17,3,2
2024-02-22 18:00:00,14.863999999999999,44.06,0.0,2.3612098,18,3,2
2024-02-22 19:00:00,17.322,42.620000000000005,0.0,1.1184678000000001,19,3,2
2024-02-22 20:00:00,17.843333333333334,41.54,0.0,5.2816535,20,3,2
2024-02-22 21:00:00,18.41,41.18,0.0,7.4564520000000005,21,3,2
2024-02-22 22:00:00,20.044,41.9,0.0,8.202097199999999,22,3,2
2024-02-22 23:00:00,21.32,42.620000000000005,0.0,9.3827021,23,3,2
2024-02-23 00:00:00,22.965,42.8,0.0,10.749718300000001,0,4,2
2024-02-23 01:00:00,21.715,43.16,0.0,13.4837507,1,4,2
2024-02-23 02:00:00,22.31833333333333,42.44,0.0,13.297339399999998,2,4,2
2024-02-23 03:00:00,22.16,40.82,0.0,12.8002426,3,4,2
2024-02-23 04:00:00,23.52333333333333,39.02,0.0,12.054597399999999,4,4,2
2024-02-23 05:00:00,21.955,37.4,0.0,11.743911899999999,5,4,2
2024-02-23 06:00:00,20.224999999999998,35.78,0.0,11.184678,6,4,2
2024-02-23 07:00:00,17.615,34.34,0.0,10.811855399999999,7,4,2
2024-02-23 08:00:00,15.568333333333333,34.7,0.0,10.3768957,8,4,2
2024-02-23 09:00:00,16.59,37.22,0.0,8.3885085,9,4,2
2024-02-23 10:00:00,17.73,40.1,0.0,8.7613311,10,4,2
2024-02-23 11:00:00,17.616666666666667,43.34,0.0,8.202097199999999,11,4,2
2024-02-23 12:00:00,17.275000000000002,45.5,0.0,7.0214923,12,4,2
2024-02-23 13:00:00,17.161666666666665,46.58,0.0,6.9593552,13,4,2
2024-02-23 14:00:00,17.468333333333334,43.879999999999995,0.0,13.235202300000001,14,4,2
2024-02-23 15:00:00,16.02,39.74,0.0,13.1730652,15,4,2
2024-02-23 16:00:00,15.0,38.839999999999996,0.0,17.0877025,16,4,2
2024-02-23 17:00:00,13.976666666666667,35.06,0.0,15.9070976,17,4,2
2024-02-23 18:00:00,14.908333333333333,34.34,0.1,17.2119767,18,4,2
2024-02-23 19:00:00,16.476666666666667,32.9,0.1,19.262501,19,4,2
2024-02-23 20:00:00,17.39,31.46,0.2,20.505243,20,4,2
2024-02-23 21:00:00,18.863333333333333,30.2,1.1,22.6800415,21,4,2
2024-02-23 22:00:00,19.316666666666666,29.3,1.0,23.984920600000002,22,4,2
2024-02-23 23:00:00,20.228333333333335,28.76,0.3,24.109194799999997,23,4,2
2024-02-24 00:00:00,21.820000000000004,28.04,0.1,23.612098,0,5,2
2024-02-24 01:00:00,23.19333333333333,27.5,0.1,23.0528641,1,5,2
2024-02-24 02:00:00,23.47666666666667,26.96,0.1,22.3072189,2,5,2
2024-02-24 03:00:00,23.23,26.42,0.0,22.4314931,3,5,2
2024-02-24 04:00:00,23.34166666666667,25.7,0.0,21.9343963,4,5,2
2024-02-24 05:00:00,23.070000000000004,25.34,0.0,20.380968799999998,5,5,2
2024-02-24 06:00:00,22.18166666666667,24.98,0.0,19.3867752,6,5,2
2024-02-24 07:00:00,20.908333333333335,24.62,0.0,16.4663315,7,5,2
2024-02-24 08:00:00,19.544999999999998,23.54,0.0,15.0371782,8,5,2
2024-02-24 09:00:00,18.07,24.8,0.0,13.7322991,9,5,2
2024-02-24 10:00:00,18.07,25.7,0.0,11.4953635,10,5,2
2024-02-24 11:00:00,18.183333333333334,26.240000000000002,0.0,8.7613311,11,5,2
2024-02-24 12:00:00,17.650000000000002,26.78,0.0,6.2758471,12,5,2
2024-02-24 13:00:00,17.400000000000002,27.32,0.0,3.9767744,13,5,2
2024-02-24 14:00:00,17.39,28.04,0.0,2.2990727,14,5,2
2024-02-24 15:00:00,17.615,29.12,0.0,1.8641130000000001,15,5,2
2024-02-24 16:00:00,16.933333333333334,30.2,0.0,5.3437906,16,5,2
2024-02-24 17:00:00,17.39,30.2,0.0,9.1962908,17,5,2
2024-02-24 18:00:00,17.161666666666665,29.84,0.0,9.8176618,18,5,2
2024-02-24 19:00:00,17.161666666666665,28.94,0.0,8.2642343,19,5,2
2024-02-24 20:00:00,17.616666666666667,28.580000000000002,0.0,8.5749198,20,5,2
2024-02-24 21:00:00,19.316666666666666,29.12,0.0,10.1283473,21,5,2
2024-02-24 22:00:00,19.215,29.3,0.0,12.303145800000001,22,5,2
2024-02-24 23:00:00,21.363333333333333,29.66,0.0,13.608024899999998,23,5,2
2024-02-25 00:00:00,22.14833333333333,29.3,0.0,13.670162,0,6,2
2024-02-25 01:00:00,23.578333333333333,29.12,0.0,13.235202300000001,1,6,2
2024-02-25 02:00:00,22.64833333333333,28.94,0.0,12.924516800000001,2,6,2
2024-02-25 03:00:00,24.353333333333335,29.12,0.0,13.3594765,3,6,2
2024-02-25 04:00:00,22.761666666666667,29.3,0.0,13.9187104,4,6,2
2024-02-25 05:00:00,22.615,29.48,0.0,13.9808475,5,6,2
2024-02-25 06:00:00,22.545,30.02,0.0,14.3536701,6,6,2
2024-02-25 07:00:00,22.84,30.38,0.0,14.8507669,7,6,2
2024-02-25 08:00:00,22.16,32.18,0.0,14.6022185,8,6,2
2024-02-25 09:00:00,21.138333333333332,35.42,0.0,12.8002426,9,6,2
2024-02-25 10:00:00,19.885,38.660000000000004,0.0,13.1109281,10,6,2
2024-02-25 11:00:00,19.316666666666666,42.8,0.0,15.1614524,11,6,2
2024-02-25 12:00:00,18.426666666666666,47.66,0.0,16.2799202,12,6,2
2024-02-25 13:00:00,17.956666666666667,51.44,0.0,15.3478637,13,6,2
2024-02-25 14:00:00,18.171666666666667,54.32,0.0,14.1051217,14,6,2
2024-02-25 15:00:00,17.843333333333334,56.3,0.0,13.235202300000001,15,6,2
2024-02-25 16:00:00,17.388333333333332,57.2,0.0,11.992460300000001,16,6,2
2024-02-25 17:00:00,17.945,56.84,0.0,10.314758600000001,17,6,2
2024-02-25 18:00:00,17.905,53.42,0.0,9.0720166,18,6,2
2024-02-25 19:00:00,18.865,48.74,0.0,9.3827021,19,6,2
2024-02-25 20:00:00,19.771666666666665,49.46,0.0,8.7613311,20,6,2
2024-02-25 21:00:00,20.11,47.120000000000005,0.0,9.0098795,21,6,2
2024-02-25 22:00:00,21.363333333333333,44.96,0.0,8.2642343,22,6,2
2024-02-25 23:00:00,21.023333333333333,43.34,0.0,6.7729439000000005,23,6,2
2024-02-26 00:00:00,23.781666666666666,43.7,0.0,5.7787503000000005,0,0,2
2024-02-26 01:00:00,24.18166666666667,42.620000000000005,0.0,5.6544761,1,0,2
2024-02-26 02:00:00,23.203333333333333,40.64,0.0,3.6660889,2,0,2
2024-02-26 03:00:00,23.74,38.12,0.0,7.0214923,3,0,2
2024-02-26 04:00:00,22.56833333333333,36.68,0.0,7.8914117,4,0,2
2024-02-26 05:00:00,22.998333333333335,36.14,0.0,9.258427900000001,5,0,2
2024-02-26 06:00:00,20.113333333333333,36.14,0.0,10.004073100000001,6,0,2
2024-02-26 07:00:00,17.275000000000002,36.14,0.0,9.3827021,7,0,2
2024-02-26 08:00:00,15.953999999999999,36.86,0.0,8.7613311,8,0,2
2024-02-26 09:00:00,16.535,40.28,0.0,8.512782699999999,9,0,2
2024-02-26 10:00:00,17.866,42.44,0.0,9.258427900000001,10,0,2
2024-02-26 11:00:00,17.616666666666667,45.14,0.0,9.134153699999999,11,0,2
2024-02-26 12:00:00,16.81833333333333,49.64,0.0,9.0720166,12,0,2
2024-02-26 13:00:00,16.933333333333334,55.94,0.0,11.8681861,13,0,2
2024-02-26 14:00:00,17.163333333333334,59.9,0.0,12.1167345,14,0,2
2024-02-26 15:00:00,16.706666666666667,64.22,0.0,14.1051217,15,0,2
2024-02-26 16:00:00,14.885,65.66,0.0,16.3420573,16,0,2
2024-02-26 17:00:00,14.023333333333333,64.22,0.0,15.4100008,17,0,2
2024-02-26 18:00:00,15.453333333333333,60.980000000000004,0.0,14.1672588,18,0,2
2024-02-26 19:00:00,17.388333333333332,57.379999999999995,0.0,14.9750411,19,0,2
2024-02-26 20:00:00,17.956666666666667,57.92,0.0,16.839154100000002,20,0,2
2024-02-26 21:00:00,18.863333333333333,57.379999999999995,0.0,15.223589500000001,21,0,2
2024-02-26 22:00:00,20.36,57.379999999999995,0.0,15.7206863,22,0,2
2024-02-26 23:00:00,20.599999999999998,57.74,0.0,16.4663315,23,0,2
2024-02-27 00:00:00,22.078,57.92,0.0,17.4605251,0,1,2
2024-02-27 01:00:00,23.3525,57.02,0.0,17.3362509,1,1,2
2024-02-27 02:00:00,21.9875,55.76,0.0,15.4721379,2,1,2
2024-02-27 03:00:00,20.505,54.86,0.0,14.7264927,3,1,2
2024-02-27 04:00:00,23.6075,53.6,0.0,13.670162,4,1,2
2024-02-27 05:00:00,21.8525,52.16,0.0,14.0429846,5,1,2
2024-02-27 06:00:00,20.0,51.8,0.0,14.1672588,6,1,2
2024-02-27 07:00:00,16.935,51.08,0.0,13.4837507,7,1,2
2024-02-27 08:00:00,15.113333333333335,51.8,0.0,12.2410087,8,1,2
2024-02-27 09:00:00,16.021666666666665,54.86,0.0,12.1788716,9,1,2
2024-02-27 10:00:00,16.91,58.64,0.0,14.1051217,10,1,2
2024-02-27 11:00:00,17.322,62.059999999999995,0.0,16.5284686,11,1,2
2024-02-27 12:00:00,17.0475,65.3,0.0,17.0877025,12,1,2
2024-02-27 13:00:00,17.048000000000002,68.18,0.0,16.7148799,13,1,2
2024-02-27 14:00:00,17.39,70.34,0.0,15.9070976,14,1,2
2024-02-27 15:00:00,15.919999999999998,71.24000000000001,0.0,14.912904000000001,15,1,2
2024-02-27 16:00:00,14.660000000000002,71.24000000000001,0.0,13.3594765,16,1,2
2024-02-27 17:00:00,13.774000000000001,70.88,0.0,12.8002426,17,1,2
2024-02-27 18:00:00,15.407999999999998,67.1,0.0,7.3943149,18,1,2
2024-02-27 19:00:00,17.048000000000002,56.48,5.4,6.5243955,19,1,2
2024-02-27 20:00:00,17.50166666666667,53.96,0.0,9.8176618,20,1,2
2024-02-27 21:00:00,19.203333333333333,50.72,0.2,12.365282899999999,21,1,2
2024-02-27 22:00:00,19.362000000000002,52.879999999999995,0.0,8.5749198,22,1,2
2024-02-27 23:00:00,21.820000000000004,53.6,0.0,11.060403800000001,23,1,2
2024-02-28 00:00:00,22.5,52.7,0.0,13.4837507,0,2,2
2024-02-28 01:00:00,23.136666666666667,50.9,0.0,15.7828234,1,2,2
2024-02-28 02:00:00,21.47666666666667,45.5,0.0,18.8275413,2,2,2
2024-02-28 03:00:00,22.69333333333333,41.0,0.1,19.6974607,3,2,2
2024-02-28 04:00:00,22.09,37.22,0.1,20.194557500000002,4,2,2
2024-02-28 05:00:00,22.293333333333333,32.72,0.0,20.1324204,5,2,2
2024-02-28 06:00:00,19.46,28.94,0.0,20.008146200000002,6,2,2
2024-02-28 07:00:00,17.388333333333332,26.78,0.0,20.629517200000002,7,2,2
2024-02-28 08:00:00,15.339999999999998,27.14,0.1,21.747985,8,2,2
2024-02-28 09:00:00,16.025000000000002,24.26,0.0,22.742178600000003,9,2,2
2024-02-28 10:00:00,17.98,22.64,0.0,23.2392754,10,2,2
2024-02-28 11:00:00,17.808333333333334,22.46,0.0,22.4314931,11,2,2
2024-02-28 12:00:00,17.39,24.08,0.0,20.8780656,12,2,2
2024-02-28 13:00:00,17.05,26.42,0.0,19.6974607,13,2,2
2024-02-28 14:00:00,17.73,28.580000000000002,0.0,18.3304445,14,2,2
2024-02-28 15:00:00,15.815999999999999,30.2,0.0,18.1440332,15,2,2
2024-02-28 16:00:00,14.660000000000002,30.92,0.0,17.7712106,16,2,2
2024-02-28 17:00:00,13.635,30.38,0.0,17.1498396,17,2,2
2024-02-28 18:00:00,15.228333333333333,29.12,0.0,16.5284686,18,2,2
2024-02-28 19:00:00,17.616666666666667,27.68,0.0,13.7944362,19,2,2
2024-02-28 20:00:00,18.325,26.96,0.0,12.303145800000001,20,2,2
2024-02-28 21:00:00,18.41,25.7,0.0,11.557500600000001,21,2,2
2024-02-28 22:00:00,21.033333333333335,24.8,0.0,12.8623797,22,2,2
2024-02-28 23:00:00,21.59166666666667,24.26,0.0,14.291533,23,2,2
2024-02-29 00:00:00,23.179999999999996,23.36,0.0,14.1051217,0,3,2
2024-02-29 01:00:00,23.18166666666667,22.46,0.0,13.235202300000001,1,3,2
2024-02-29 02:00:00,22.76,22.1,0.0,12.613831300000001,2,3,2
2024-02-29 03:00:00,25.176666666666666,21.74,0.0,10.8739925,3,3,2
2024-02-29 04:00:00,24.205,21.38,0.0,9.320565,4,3,2
2024-02-29 05:00:00,23.070000000000004,21.02,0.0,7.2700407,5,3,2
2024-02-29 06:00:00,19.996666666666666,20.3,0.0,5.7787503000000005,6,3,2
2024-02-29 07:00:00,17.32166666666667,19.76,0.0,5.2816535,7,3,2
2024-02-29 08:00:00,15.566666666666668,20.12,0.0,4.1010485999999995,8,3,2
2024-02-29 09:00:00,16.136666666666667,23.0,0.0,4.4738712000000005,9,3,2
2024-02-29 10:00:00,17.73,25.52,0.0,2.7340324000000003,10,3,2
2024-02-29 11:00:00,17.46166666666667,28.580000000000002,0.0,4.9088309,11,3,2
2024-02-29 12:00:00,12.787500000000001,32.72,0.0,8.512782699999999,12,3,2
2024-02-29 13:00:00,17.258333333333333,36.86,0.0,11.060403800000001,13,3,2
2024-02-29 14:00:00,17.616666666666667,39.38,0.0,11.992460300000001,14,3,2
2024-02-29 15:00:00,16.185,41.0,0.0,13.4837507,15,3,2
2024-02-29 16:00:00,14.773333333333333,42.260000000000005,0.0,14.6022185,16,3,2
2024-02-29 17:00:00,13.406666666666666,42.44,0.0,15.2857266,17,3,2
2024-02-29 18:00:00,15.341666666666667,40.46,0.0,12.7381055,18,3,2
2024-02-29 19:00:00,17.50166666666667,37.04,0.0,12.5516942,19,3,2
2024-02-29 20:00:00,17.956666666666667,36.86,0.0,13.670162,20,3,2
2024-02-29 21:00:00,19.773333333333333,36.14,0.0,15.223589500000001,21,3,2
2024-02-29 22:00:00,21.366666666666664,35.6,0.0,15.7206863,22,3,2
2024-02-29 23:00:00,21.875,35.06,0.0,16.0935089,23,3,2
2024-03-01 00:00:00,23.066666666666666,34.52,0.0,15.2857266,0,4,3
2024-03-01 01:00:00,22.955,33.8,0.0,14.5400814,1,4,3
2024-03-01 02:00:00,21.24833333333333,33.08,0.0,12.42742,2,4,3
2024-03-01 03:00:00,23.41,31.82,0.0,10.8739925,3,4,3
2024-03-01 04:00:00,23.501666666666665,31.1,0.0,10.6875812,4,4,3
2024-03-01 05:00:00,22.386666666666667,30.2,0.0,9.6933876,5,4,3
2024-03-01 06:00:00,19.77,29.48,0.0,10.314758600000001,6,4,3
2024-03-01 07:00:00,17.615,29.12,0.0,10.749718300000001,7,4,3
2024-03-01 08:00:00,15.681666666666667,30.2,0.0,11.246815100000001,8,4,3
2024-03-01 09:00:00,16.706666666666667,33.08,0.0,10.004073100000001,9,4,3
2024-03-01 10:00:00,18.296666666666667,36.5,0.0,10.563307,10,4,3
2024-03-01 11:00:00,17.616666666666667,40.28,0.0,12.054597399999999,11,4,3
2024-03-01 12:00:00,17.39,42.620000000000005,0.0,11.8681861,12,4,3
2024-03-01 13:00:00,17.383333333333336,41.9,0.0,12.054597399999999,13,4,3
2024-03-01 14:00:00,17.048333333333336,41.0,0.0,10.190484399999999,14,4,3
2024-03-01 15:00:00,16.476666666666667,42.08,0.0,10.501169899999999,15,4,3
2024-03-01 16:00:00,15.226666666666667,41.18,0.0,10.625444100000001,16,4,3
2024-03-01 17:00:00,14.886666666666665,41.0,0.0,10.811855399999999,17,4,3
2024-03-01 18:00:00,15.795,40.82,0.0,8.202097199999999,18,4,3
2024-03-01 19:00:00,17.163333333333334,39.92,0.0,7.1457665,19,4,3
2024-03-01 20:00:00,18.405,40.1,0.0,7.4564520000000005,20,4,3
2024-03-01 21:00:00,19.543333333333333,38.660000000000004,0.0,9.1962908,21,4,3
2024-03-01 22:00:00,19.771666666666665,36.32,0.0,8.512782699999999,22,4,3
2024-03-01 23:00:00,20.84,35.42,0.0,8.512782699999999,23,4,3
2024-03-02 00:00:00,21.99,34.34,0.0,7.8292746,0,5,3
2024-03-02 01:00:00,23.900000000000002,33.26,0.0,7.8914117,1,5,3
2024-03-02 02:00:00,21.715,32.36,0.0,7.2079036,2,5,3
2024-03-02 03:00:00,23.323333333333334,31.82,0.0,6.7108068,3,5,3
2024-03-02 04:00:00,23.875,30.92,0.0,6.5243955,4,5,3
2024-03-02 05:00:00,23.14833333333333,30.56,0.0,6.5243955,5,5,3
2024-03-02 06:00:00,22.72666666666667,29.84,0.0,6.151572900000001,6,5,3
2024-03-02 07:00:00,22.72666666666667,29.48,0.0,6.4001213,7,5,3
2024-03-02 08:00:00,21.135,32.9,0.0,6.337984199999999,8,5,3
2024-03-02 09:00:00,19.203333333333333,36.32,0.0,5.9030245,9,5,3
2024-03-02 10:00:00,18.801666666666666,41.36,0.0,7.5185891,10,5,3
2024-03-02 11:00:00,18.75,46.58,0.0,8.637056900000001,11,5,3
2024-03-02 12:00:00,17.728333333333335,50.18,0.0,9.0720166,12,5,3
2024-03-02 13:00:00,17.508333333333336,52.34,0.0,9.320565,13,5,3
2024-03-02 14:00:00,16.365,53.78,0.0,9.3827021,14,5,3
2024-03-02 15:00:00,16.308333333333334,54.86,0.0,10.314758600000001,15,5,3
2024-03-02 16:00:00,16.246666666666666,55.58,0.0,11.184678,16,5,3
2024-03-02 17:00:00,16.591666666666665,55.22,0.0,11.246815100000001,17,5,3
2024-03-02 18:00:00,16.591666666666665,53.24,0.0,10.2526215,18,5,3
2024-03-02 19:00:00,16.82,49.1,0.0,9.8797989,19,5,3
2024-03-02 20:00:00,17.656666666666666,48.02,0.0,11.806049,20,5,3
2024-03-02 21:00:00,18.183333333333334,46.76,0.0,13.235202300000001,21,5,3
2024-03-02 22:00:00,17.843333333333334,46.04,0.0,13.297339399999998,22,5,3
2024-03-02 23:00:00,20.566666666666666,44.42,0.0,13.1109281,23,5,3
2024-03-03 00:00:00,22.501666666666665,43.34,0.0,13.3594765,0,6,3
2024-03-03 01:00:00,22.25,42.620000000000005,0.0,14.1051217,1,6,3
2024-03-03 02:00:00,22.03333333333333,41.9,0.0,13.235202300000001,2,6,3
2024-03-03 03:00:00,24.375,41.18,0.0,13.048791,3,6,3
2024-03-03 04:00:00,21.72666666666667,40.82,0.0,13.4837507,4,6,3
2024-03-03 05:00:00,23.09166666666667,40.82,0.0,13.9808475,5,6,3
2024-03-03 06:00:00,23.552,40.82,0.0,14.7264927,6,6,3
2024-03-03 07:00:00,22.925,41.0,0.0,15.4721379,7,6,3
2024-03-03 08:00:00,22.5,42.8,0.0,16.217783100000002,8,6,3
2024-03-03 09:00:00,20.341666666666665,45.68,0.0,15.4100008,9,6,3
2024-03-03 10:00:00,19.907999999999998,49.28,0.0,17.9576219,10,6,3
2024-03-03 11:00:00,19.99833333333333,53.42,0.0,19.3246381,11,6,3
2024-03-03 12:00:00,18.07,57.56,0.0,19.6974607,12,6,3
2024-03-03 13:00:00,17.803333333333335,61.16,0.0,19.6353236,13,6,3
2024-03-03 14:00:00,18.183333333333334,64.04,0.0,19.883872,14,6,3
2024-03-03 15:00:00,17.728333333333335,65.84,0.0,20.6916543,15,6,3
2024-03-03 16:00:00,17.900000000000002,66.2,0.0,20.4431059,16,6,3
2024-03-03 17:00:00,18.41,65.12,0.0,21.747985,17,6,3
2024-06-11 11:00:00,17.73,67.64,0.0,3.9146373,11,1,6
2024-06-11 12:00:00,17.39,69.98,0.0,5.1573793000000006,12,1,6
2024-06-11 13:00:00,17.05,71.96,0.0,5.6544761,13,1,6
2024-06-11 14:00:00,16.82,73.58,0.0,6.2758471,14,1,6
2024-06-11 15:00:00,15.0,74.66,0.0,6.648669699999999,15,1,6
2024-06-11 16:00:00,13.065,75.38,0.0,7.4564520000000005,16,1,6
2024-06-11 17:00:00,12.723333333333334,75.56,0.0,8.202097199999999,17,1,6
2024-06-11 18:00:00,15.455,73.4,0.0,9.1962908,18,1,6
2024-06-11 19:00:00,17.73,71.96,0.0,8.637056900000001,19,1,6
2024-06-11 20:00:00,18.296666666666667,70.16,0.0,6.648669699999999,20,1,6
2024-06-11 21:00:00,19.203333333333333,69.25999999999999,0.0,5.4059276999999994,21,1,6
2024-06-11 22:00:00,20.30666666666667,68.36,0.0,7.5185891,22,1,6
2024-06-11 23:00:00,21.25,66.74000000000001,0.0,7.1457665,23,1,6
2024-06-12 00:00:00,23.06833333333333,65.3,0.0,8.077823,0,2,6
2024-06-12 01:00:00,23.441666666666666,63.86,0.0,9.320565,1,2,6
2024-06-12 02:00:00,24.78333333333333,63.32,0.0,10.004073100000001,2,2,6
2024-06-12 03:00:00,24.903333333333336,62.959999999999994,0.0,10.6875812,3,2,6
2024-06-12 04:00:00,24.676666666666666,62.78,0.0,11.3089522,4,2,6
2024-06-12 05:00:00,22.386666666666667,62.959999999999994,0.0,11.743911899999999,5,2,6
2024-06-12 06:00:00,20.111666666666668,63.5,0.0,11.743911899999999,6,2,6
2024-06-12 07:00:00,16.474999999999998,66.02,0.0,10.004073100000001,7,2,6
2024-06-12 08:00:00,13.638333333333334,71.24000000000001,0.0,11.557500600000001,8,2,6
2024-06-12 09:00:00,15.818000000000001,74.3,0.0,10.749718300000001,9,2,6
2024-06-12 10:00:00,17.161666666666665,78.08,0.0,9.1962908,10,2,6
2024-06-12 11:00:00,17.276666666666667,81.14,0.0,8.015685900000001,11,2,6
2024-06-12 12:00:00,16.93166666666667,84.02,0.0,7.3943149,12,2,6
2024-06-12 13:00:00,16.591666666666665,86.72,0.0,8.699194,13,2,6
2024-06-12 14:00:00,16.82166666666667,88.88000000000001,0.0,10.625444100000001,14,2,6
2024-06-12 15:00:00,15.568333333333333,90.14,0.0,11.9303232,15,2,6
2024-06-12 16:00:00,13.521666666666667,90.5,0.0,10.625444100000001,16,2,6
2024-06-12 17:00:00,12.611666666666666,90.14,0.0,10.625444100000001,17,2,6
2024-06-12 18:00:00,15.001666666666667,89.24,0.0,10.563307,18,2,6
2024-06-12 19:00:00,17.388333333333332,87.44,0.0,9.3827021,19,2,6
2024-06-12 20:00:00,17.50166666666667,84.2,0.0,8.3885085,20,2,6
2024-06-12 21:00:00,18.976666666666667,80.6,0.0,8.823468199999999,21,2,6
2024-06-12 22:00:00,20.111666666666668,78.8,0.0,9.134153699999999,22,2,6
2024-06-12 23:00:00,22.045,78.98,0.0,14.7886298,23,2,6
2024-06-13 00:00:00,22.921666666666667,77.9,0.0,14.1051217,0,3,6
2024-06-13 01:00:00,23.636666666666667,75.74000000000001,0.0,13.1730652,1,3,6
2024-06-13 02:00:00,23.051666666666666,75.2,0.0,13.608024899999998,2,3,6
2024-06-13 03:00:00,25.886666666666667,74.3,0.0,13.3594765,3,3,6
2024-06-13 04:00:00,24.876666666666665,73.04,0.0,12.8002426,4,3,6
2024-06-13 05:00:00,23.045,71.96,0.0,12.1788716,5,3,6
2024-06-13 06:00:00,20.311666666666667,71.24000000000001,0.0,12.365282899999999,6,3,6
2024-06-13 07:00:00,16.705000000000002,72.86,0.0,12.7381055,7,3,6
2024-06-13 08:00:00,14.158333333333333,70.34,1.5,9.3827021,8,3,6
2024-06-13 09:00:00,15.341666666666667,72.14,0.1,12.924516800000001,9,3,6
2024-06-13 10:00:00,17.813333333333333,80.06,0.0,17.0877025,10,3,6
2024-06-13 11:00:00,17.39,84.38000000000001,0.0,18.64113,11,3,6
2024-06-13 12:00:00,16.935,87.08000000000001,0.0,18.4547187,12,3,6
2024-06-13 13:00:00,16.933333333333334,88.52,0.0,17.398388,13,3,6
2024-06-13 14:00:00,16.935,88.7,0.0,14.5400814,14,3,6
2024-06-13 15:00:00,15.455,77.54,2.1,11.246815100000001,15,3,6
2024-06-13 16:00:00,13.453333333333333,77.9,0.9,6.0894358,16,3,6
2024-06-13 17:00:00,12.270000000000001,80.96,0.0,8.8856053,17,3,6
2024-06-13 18:00:00,15.57,81.14,0.0,9.8797989,18,3,6
2024-06-13 19:00:00,17.39,80.24000000000001,0.0,9.5069763,19,3,6
2024-06-13 20:00:00,18.023333333333333,77.54,0.0,5.1573793000000006,20,3,6
2024-06-13 21:00:00,18.976666666666667,76.64,0.0,5.4059276999999994,21,3,6
2024-06-13 22:00:00,20.076666666666664,75.74000000000001,0.0,3.106855,22,3,6
2024-06-13 23:00:00,21.25,74.12,0.0,5.4680648000000005,23,3,6
2024-06-14 00:00:00,23.406666666666666,72.86,0.0,6.21371,0,4,6
2024-06-14 01:00:00,24.793333333333333,71.24000000000001,0.0,4.5981454,1,4,6
2024-06-14 02:00:00,26.596666666666664,69.8,0.0,4.4738712000000005,2,4,6
2024-06-14 03:00:00,24.386666666666667,67.64,0.0,6.0894358,3,4,6
2024-06-14 04:00:00,26.97666666666667,66.2,0.0,6.5243955,4,4,6
2024-06-14 05:00:00,22.718333333333334,65.84,0.0,8.512782699999999,5,4,6
2024-06-14 06:00:00,19.96,65.48,0.0,7.5807262,6,4,6
2024-06-14 07:00:00,17.044999999999998,67.64,0.0,5.4680648000000005,7,4,6
2024-06-14 08:00:00,15.113333333333335,72.32,0.0,3.9767744,8,4,6
2024-06-14 09:00:00,16.588333333333335,75.2,0.0,7.1457665,9,4,6
2024-06-14 10:00:00,17.525000000000002,75.2,0.0,9.1962908,10,4,6
2024-06-14 11:00:00,17.491666666666667,76.1,0.0,10.501169899999999,11,4,6
2024-06-14 12:00:00,16.82,75.2,0.0,11.8681861,12,4,6
2024-06-14 13:00:00,16.933333333333334,72.68,0.0,11.6196377,13,4,6
2024-06-14 14:00:00,16.82,73.4,0.0,10.936129600000001,14,4,6
2024-06-14 15:00:00,15.113333333333335,71.96,0.0,13.235202300000001,15,4,6
2024-06-14 16:00:00,14.773333333333333,71.06,0.0,13.7322991,16,4,6
2024-06-14 17:00:00,14.205,71.24000000000001,0.0,14.291533,17,4,6
2024-06-14 18:00:00,15.681666666666667,67.82,0.0,14.7264927,18,4,6
2024-06-14 19:00:00,17.503333333333334,66.2,0.0,15.1614524,19,4,6
2024-06-14 20:00:00,17.73,63.68,0.0,11.6196377,20,4,6
2024-06-14 21:00:00,18.523333333333333,62.059999999999995,0.0,10.811855399999999,21,4,6
2024-06-14 22:00:00,19.316666666666666,61.7,0.0,9.7555247,22,4,6
2024-06-14 23:00:00,20.455000000000002,61.16,0.0,8.512782699999999,23,4,6
2024-06-15 00:00:00,22.396666666666665,60.62,0.0,8.077823,0,5,6
2024-06-15 01:00:00,23.35166666666667,60.08,0.0,7.4564520000000005,1,5,6
2024-06-15 02:00:00,24.34,59.72,0.0,7.2079036,2,5,6
2024-06-15 03:00:00,24.834999999999997,59.72,0.0,4.8466938,3,5,6
2024-06-15 04:00:00,24.993333333333336,59.36,0.0,4.5981454,4,5,6
2024-06-15 05:00:00,23.521666666666665,59.36,0.0,5.0952421999999995,5,5,6
2024-06-15 06:00:00,22.84,61.16,0.0,5.592339,6,5,6
2024-06-15 07:00:00,21.81833333333333,64.04,0.0,4.9088309,7,5,6
2024-06-15 08:00:00,20.033333333333335,67.64,0.0,8.1399601,8,5,6
2024-06-15 09:00:00,19.09,69.8,0.0,9.5069763,9,5,6
2024-06-15 10:00:00,18.830000000000002,74.3,0.0,11.122540899999999,10,5,6
2024-06-15 11:00:00,18.183333333333334,77.18,0.0,11.371089300000001,11,5,6
2024-06-15 12:00:00,17.50166666666667,79.52,0.0,11.060403800000001,12,5,6
2024-06-15 13:00:00,18.296666666666667,82.75999999999999,0.0,10.936129600000001,13,5,6
2024-06-15 14:00:00,16.81833333333333,84.38000000000001,0.0,11.060403800000001,14,5,6
2024-06-15 15:00:00,16.935,84.74,0.0,10.6875812,15,5,6
2024-06-15 18:00:00,16.91,84.02,0.0,12.924516800000001,18,5,6
2024-06-15 19:00:00,17.50166666666667,82.22,0.0,14.4158072,19,5,6
2024-06-15 20:00:00,18.523333333333333,78.8,0.0,14.0429846,20,5,6
2024-06-15 21:00:00,18.296666666666667,77.54,0.0,14.912904000000001,21,5,6
2024-06-15 22:00:00,19.43166666666667,76.28,0.0,13.1109281,22,5,6
2024-06-15 23:00:00,18.863333333333333,74.66,0.0,12.7381055,23,5,6
2024-06-16 00:00:00,20.566666666666666,73.58,0.0,12.8623797,0,6,6
2024-06-16 01:00:00,22.921666666666667,72.68,0.0,13.8565733,1,6,6
2024-06-16 02:00:00,23.938333333333333,71.42,0.0,14.1051217,2,6,6
2024-06-16 03:00:00,23.65833333333333,70.52,0.0,14.7264927,3,6,6
2024-06-16 04:00:00,24.131666666666664,69.62,0.0,13.9808475,4,6,6
2024-06-16 05:00:00,23.411666666666665,68.54,0.0,13.8565733,5,6,6
2024-06-16 06:00:00,22.535,68.54,0.0,14.291533,6,6,6
2024-06-16 07:00:00,22.41,70.52,0.0,13.235202300000001,7,6,6
2024-06-16 08:00:00,22.27333333333333,75.2,0.0,17.4605251,8,6,6
2024-06-16 09:00:00,21.84166666666667,77.54,0.2,13.9808475,9,6,6
2024-06-16 10:00:00,19.544999999999998,80.6,0.0,15.223589500000001,10,6,6
2024-06-16 11:00:00,18.773333333333333,84.02,0.0,18.3304445,11,6,6
2024-06-16 12:00:00,18.296666666666667,84.38000000000001,0.0,19.6353236,12,6,6
2024-06-16 13:00:00,17.616666666666667,83.84,0.0,19.4489123,13,6,6
2024-06-16 14:00:00,17.503333333333334,89.6,0.0,17.646936399999998,14,6,6
2024-06-16 15:00:00,17.048333333333336,92.3,0.0,19.6353236,15,6,6
2024-06-16 16:00:00,17.276666666666667,91.76,0.2,19.8217349,16,6,6
2024-06-16 17:00:00,18.07,90.86,0.0,19.1382268,17,6,6
2024-06-16 18:00:00,18.32,89.06,0.0,15.9070976,18,6,6
2024-06-16 19:00:00,19.095,85.82,0.0,12.1788716,19,6,6
2024-06-16 20:00:00,19.883333333333333,82.4,0.0,8.202097199999999,20,6,6
2024-06-16 21:00:00,20.224999999999998,81.5,0.0,7.4564520000000005,21,6,6
2024-06-16 22:00:00,20.56833333333333,78.8,0.0,9.5691134,22,6,6
2024-06-16 23:00:00,21.81833333333333,77.9,0.0,9.4448392,23,6,6
2024-06-17 00:00:00,23.295,77.54,0.0,11.371089300000001,0,0,6
2024-06-17 01:00:00,24.71666666666667,77.9,0.0,12.675968399999999,1,0,6
2024-06-17 02:00:00,26.771666666666665,78.44,0.0,12.8002426,2,0,6
2024-06-17 03:00:00,24.465,77.72,0.0,12.5516942,3,0,6
2024-06-17 04:00:00,23.881666666666664,77.0,0.0,10.6875812,4,0,6
2024-06-17 05:00:00,23.295,76.1,0.0,9.5691134,5,0,6
2024-06-17 06:00:00,20.455000000000002,76.1,0.0,10.1283473,6,0,6
2024-06-17 07:00:00,16.93166666666667,78.8,0.0,9.8797989,7,0,6
2024-06-17 08:00:00,14.886666666666665,83.48,0.0,11.122540899999999,8,0,6
2024-06-17 09:00:00,16.24833333333333,85.82,0.0,12.42742,9,0,6
2024-06-17 10:00:00,17.503333333333334,87.98,0.0,14.9750411,10,0,6
2024-06-17 11:00:00,17.163333333333334,91.03999999999999,0.0,15.9070976,11,0,6
2024-06-17 12:00:00,16.935,92.3,0.0,17.895484800000002,12,0,6
2024-06-17 13:00:00,17.161666666666665,93.56,0.0,17.646936399999998,13,0,6
2024-06-17 14:00:00,17.048333333333336,93.74,0.0,17.0877025,14,0,6
2024-06-17 15:00:00,15.113333333333335,93.38000000000001,0.0,16.652742800000002,15,0,6
2024-06-17 16:00:00,13.521666666666667,93.02,0.0,15.7828234,16,0,6
2024-06-17 17:00:00,13.861666666666666,92.84,0.0,16.031371800000002,17,0,6
2024-06-17 18:00:00,16.476666666666667,91.76,0.1,17.025565399999998,18,0,6
2024-06-17 19:00:00,17.525000000000002,91.4,0.0,15.0371782,19,0,6
2024-06-17 20:00:00,18.41,84.2,0.0,13.670162,20,0,6
2024-06-17 21:00:00,19.658333333333335,82.58,0.0,14.7886298,21,0,6
2024-06-17 22:00:00,20.224999999999998,80.96,0.0,13.8565733,22,0,6
2024-06-17 23:00:00,21.933333333333334,80.78,0.0,12.1788716,23,0,6
2024-06-18 00:00:00,23.24,80.06,0.0,12.924516800000001,0,1,6
2024-06-18 01:00:00,23.52333333333333,78.98,0.0,15.7828234,1,1,6
2024-06-18 02:00:00,25.205,77.36,0.0,15.2857266,2,1,6
2024-06-18 03:00:00,25.540000000000003,76.64,0.0,14.4158072,3,1,6
2024-06-18 04:00:00,24.65833333333333,76.28,0.0,14.4158072,4,1,6
2024-06-18 05:00:00,23.261666666666667,75.74000000000001,0.3,14.7264927,5,1,6
2024-06-18 06:00:00,20.566666666666666,75.74000000000001,0.0,16.031371800000002,6,1,6
2024-06-18 07:00:00,16.816666666666666,75.92,0.0,14.8507669,7,1,6
2024-06-18 08:00:00,14.206666666666669,77.0,1.4,15.2857266,8,1,6
2024-06-18 09:00:00,15.795,79.16,0.0,19.3246381,9,1,6
2024-06-18 10:00:00,17.73,80.06,0.7,19.4489123,10,1,6
2024-06-18 11:00:00,17.276666666666667,80.6,0.4,14.291533,11,1,6
2024-06-18 12:00:00,16.933333333333334,84.91999999999999,0.0,19.5110494,12,1,6
2024-06-18 13:00:00,17.113333333333333,87.98,0.0,20.380968799999998,13,1,6
2024-06-18 14:00:00,16.82,89.78,0.0,20.7537914,14,1,6
2024-06-18 15:00:00,15.339999999999998,91.4,0.0,22.6800415,15,1,6
2024-06-18 16:00:00,13.43,91.4,0.0,22.990727,16,1,6
2024-06-18 17:00:00,12.611666666666666,90.86,0.0,20.7537914,17,1,6
2024-06-18 18:00:00,15.455,89.24,0.0,19.0139526,18,1,6
2024-06-18 19:00:00,17.73,87.44,0.0,17.7090735,19,1,6
2024-06-18 20:00:00,17.616666666666667,85.64,0.0,16.217783100000002,20,1,6
2024-06-18 21:00:00,19.09,83.66,0.0,16.9012912,21,1,6
2024-06-18 22:00:00,20.635,82.22,0.0,17.1498396,22,1,6
2024-06-18 23:00:00,21.52333333333333,80.6,0.0,17.025565399999998,23,1,6
2024-06-19 00:00:00,22.953333333333333,79.52,0.0,17.025565399999998,0,2,6
2024-06-19 01:00:00,23.52333333333333,78.44,0.0,14.3536701,1,2,6
2024-06-19 02:00:00,23.886666666666667,78.08,0.0,12.986653899999999,2,2,6
2024-06-19 03:00:00,24.459999999999997,78.08,0.0,12.7381055,3,2,6
2024-06-19 04:00:00,24.91,77.54,0.0,12.924516800000001,4,2,6
2024-06-19 05:00:00,22.49,76.82,0.0,12.4895571,5,2,6
2024-06-19 06:00:00,20.34,76.64,0.0,11.060403800000001,6,2,6
2024-06-19 07:00:00,17.841666666666665,78.08,0.0,10.4390328,7,2,6
2024-06-19 08:00:00,15.906666666666666,81.32,0.0,11.6196377,8,2,6
2024-06-19 09:00:00,16.705000000000002,83.66,0.0,12.8623797,9,2,6
2024-06-19 10:00:00,18.183333333333334,86.36,0.0,13.297339399999998,10,2,6
2024-06-19 11:00:00,17.843333333333334,88.88000000000001,0.0,12.303145800000001,11,2,6
2024-06-19 12:00:00,17.161666666666665,91.22,0.0,13.235202300000001,12,2,6
2024-06-19 13:00:00,17.39,91.94,0.0,15.3478637,13,2,6
2024-06-19 14:00:00,17.39,92.48,0.0,15.2857266,14,2,6
2024-06-19 15:00:00,16.25,92.48,0.0,14.4779443,15,2,6
2024-06-19 16:00:00,15.0,92.11999999999999,0.0,13.8565733,16,2,6
2024-06-19 17:00:00,15.0,91.58000000000001,0.0,11.6196377,17,2,6
2024-06-19 18:00:00,16.363333333333333,90.86,0.0,10.4390328,18,2,6
2024-06-19 19:00:00,17.956666666666667,89.78,0.0,8.3885085,19,2,6
2024-06-19 20:00:00,17.73,84.2,0.0,4.4738712000000005,20,2,6
2024-06-19 21:00:00,17.843333333333334,83.66,0.0,3.4796776,21,2,6
2024-06-19 22:00:00,20.18166666666667,81.68,0.0,3.2311292000000003,22,2,6
2024-06-19 23:00:00,21.55666666666667,79.34,0.0,7.0214923,23,2,6
2024-06-20 00:00:00,22.853333333333335,78.62,0.0,2.7961695,0,3,6
2024-06-20 01:00:00,23.203333333333333,77.36,0.0,4.1631857000000005,1,3,6
2024-06-20 02:00:00,24.643333333333334,73.75999999999999,0.0,7.2700407,2,3,6
2024-06-20 03:00:00,23.575,71.24000000000001,0.0,7.3943149,3,3,6
2024-06-20 04:00:00,25.238333333333333,69.25999999999999,0.0,8.699194,4,3,6
2024-06-20 05:00:00,22.5,68.54,0.0,9.1962908,5,3,6
2024-06-20 06:00:00,20.111666666666668,68.36,0.0,9.1962908,6,3,6
2024-06-20 07:00:00,17.046666666666667,70.16,0.0,7.2079036,7,3,6
2024-06-20 08:00:00,14.660000000000002,71.6,0.1,10.1283473,8,3,6
2024-06-20 09:00:00,15.293333333333331,72.5,0.0,10.3768957,9,3,6
2024-06-20 10:00:00,17.044999999999998,73.58,0.0,11.4953635,10,3,6
2024-06-20 11:00:00,17.388333333333332,73.58,0.0,11.371089300000001,11,3,6
2024-06-20 12:00:00,17.161666666666665,73.58,0.0,13.3594765,12,3,6
2024-06-20 13:00:00,16.756666666666668,74.12,0.0,12.613831300000001,13,3,6
2024-06-20 14:00:00,16.82,75.02,0.0,10.9982667,14,3,6
2024-06-20 15:00:00,14.660000000000002,74.48,0.0,11.992460300000001,15,3,6
2024-06-20 16:00:00,13.521666666666667,71.06,0.0,12.4895571,16,3,6
2024-06-20 17:00:00,11.363333333333335,71.78,0.0,11.122540899999999,17,3,6
2024-06-20 18:00:00,13.523333333333333,70.52,0.0,11.184678,18,3,6
2024-06-20 19:00:00,16.935,68.72,0.0,10.0662102,19,3,6
2024-06-20 20:00:00,17.503333333333334,66.2,1.4,8.202097199999999,20,3,6
2024-06-20 21:00:00,18.296666666666667,64.94,0.1,7.0214923,21,3,6
2024-06-20 22:00:00,19.883333333333333,65.12,0.0,9.4448392,22,3,6
2024-06-20 23:00:00,21.581666666666667,64.75999999999999,0.0,8.077823,23,3,6
2024-06-21 00:00:00,22.16,64.94,0.0,6.0894358,0,4,6
2024-06-21 01:00:00,22.763333333333335,64.75999999999999,0.0,5.530201900000001,1,4,6
2024-06-21 02:00:00,23.525000000000002,64.58,0.0,5.4680648000000005,2,4,6
2024-06-21 03:00:00,22.44333333333333,64.4,0.0,5.4680648000000005,3,4,6
2024-06-21 04:00:00,24.31833333333333,64.4,0.0,2.6718953,4,4,6
2024-06-21 05:00:00,22.90833333333333,64.58,0.0,2.2369356000000002,5,4,6
2024-06-21 06:00:00,19.544999999999998,65.48,0.0,3.2311292000000003,6,4,6
2024-06-21 07:00:00,17.044999999999998,67.28,0.0,3.7282260000000003,7,4,6
2024-06-21 08:00:00,13.866666666666667,71.96,0.0,2.6097582,8,4,6
2024-06-21 09:00:00,15.773333333333333,75.2,0.0,4.4738712000000005,9,4,6
2024-06-21 10:00:00,16.933333333333334,77.72,0.0,6.21371,10,4,6
2024-06-21 11:00:00,17.066666666666666,79.88,0.0,7.6428633,11,4,6
2024-06-21 12:00:00,16.361666666666668,81.68,0.0,9.5069763,12,4,6
2024-06-21 13:00:00,16.705000000000002,83.66,0.0,9.3827021,13,4,6
2024-06-21 14:00:00,16.81833333333333,86.0,0.0,9.134153699999999,14,4,6
2024-06-21 15:00:00,14.773333333333333,87.61999999999999,0.0,8.699194,15,4,6
2024-06-21 16:00:00,13.635,89.24,0.0,5.840887400000001,16,4,6
2024-06-21 17:00:00,13.066666666666668,92.3,0.0,7.8914117,17,4,6
2024-06-21 18:00:00,14.138333333333334,92.66,0.0,13.4216136,18,4,6
2024-06-21 19:00:00,15.68,91.22,0.0,15.534275000000001,19,4,6
2024-06-21 20:00:00,17.503333333333334,88.52,0.0,8.699194,20,4,6
2024-06-21 21:00:00,18.388333333333332,85.1,0.0,5.3437906,21,4,6
2024-06-21 22:00:00,18.863333333333333,83.48,0.0,8.1399601,22,4,6
2024-06-21 23:00:00,20.065,82.22,0.0,6.21371,23,4,6
2024-06-22 00:00:00,19.091666666666665,79.7,0.0,4.5981454,0,5,6
2024-06-22 01:00:00,22.271666666666665,79.88,0.0,8.077823,1,5,6
2024-06-22 02:00:00,25.078333333333333,79.7,0.0,9.941936,2,5,6
2024-06-22 03:00:00,24.141666666666666,78.62,0.0,10.6875812,3,5,6
2024-06-22 04:00:00,23.373333333333335,78.25999999999999,0.0,11.4953635,4,5,6
2024-06-22 05:00:00,22.615,77.36,0.0,10.625444100000001,5,5,6
2024-06-22 06:00:00,22.728333333333335,77.36,0.0,9.8797989,6,5,6
2024-06-22 07:00:00,21.135,78.8,0.0,9.941936,7,5,6
2024-06-22 08:00:00,19.77,82.04,0.0,14.4779443,8,5,6
2024-06-22 09:00:00,18.75,84.74,0.0,16.7148799,9,5,6
2024-06-22 10:00:00,18.07,87.98,0.0,19.6353236,10,5,6
2024-06-22 11:00:00,17.616666666666667,89.96000000000001,0.0,19.7595978,11,5,6
2024-06-22 12:00:00,17.39,91.03999999999999,0.0,20.7537914,12,5,6
2024-06-22 13:00:00,17.39,93.2,0.0,21.1887511,13,5,6
2024-06-22 14:00:00,16.705000000000002,94.1,0.1,22.369356,14,5,6
2024-06-22 15:00:00,16.705000000000002,94.82,0.0,20.7537914,15,5,6
2024-06-22 16:00:00,15.68,94.28,0.0,23.0528641,16,5,6
2024-06-22 17:00:00,16.363333333333333,91.4,0.0,20.008146200000002,17,5,6
2024-06-22 18:00:00,16.591666666666665,93.38000000000001,0.0,20.629517200000002,18,5,6
2024-06-22 19:00:00,16.705000000000002,89.6,0.0,19.7595978,19,5,6
2024-06-22 20:00:00,17.158333333333335,86.9,0.0,16.9012912,20,5,6
2024-06-22 21:00:00,16.903333333333332,85.28,0.0,18.9518155,21,5,6
2024-06-22 22:00:00,17.581666666666667,83.84,0.0,21.1887511,22,5,6
2024-06-22 23:00:00,18.636666666666667,83.66,0.0,20.1324204,23,5,6
2024-06-23 00:00:00,18.863333333333333,77.72,0.2,22.3072189,0,6,6
2024-06-23 01:00:00,19.691666666666666,75.38,0.1,22.493630200000002,1,6,6
2024-06-23 02:00:00,22.09,75.2,0.0,18.0818961,2,6,6
2024-06-23 03:00:00,25.115,74.66,0.0,16.5906057,3,6,6
2024-06-23 04:00:00,24.238333333333333,75.02,0.0,14.9750411,4,6,6
2024-06-23 05:00:00,21.25,74.66,0.0,11.743911899999999,5,6,6
2024-06-23 06:00:00,21.25,73.22,0.0,11.246815100000001,6,6,6
2024-06-23 07:00:00,21.273333333333333,73.94,0.0,10.936129600000001,7,6,6
2024-06-23 08:00:00,21.593333333333334,73.94,0.1,12.613831300000001,8,6,6
2024-06-23 09:00:00,19.99833333333333,75.92,0.2,13.235202300000001,9,6,6
2024-06-23 10:00:00,18.698333333333334,78.08,0.0,11.557500600000001,10,6,6
2024-06-23 11:00:00,18.523333333333333,78.25999999999999,0.1,12.1788716,11,6,6
2024-06-23 12:00:00,17.616666666666667,80.06,0.1,10.9982667,12,6,6
2024-06-23 13:00:00,17.39,77.54,1.3,11.060403800000001,13,6,6
2024-06-23 14:00:00,16.82166666666667,75.02,0.6,11.246815100000001,14,6,6
2024-06-23 15:00:00,16.7,74.12,0.3,11.122540899999999,15,6,6
2024-06-23 16:00:00,16.363333333333333,72.68,0.3,11.246815100000001,16,6,6
2024-06-23 17:00:00,16.905,71.96,0.1,9.4448392,17,6,6
2024-06-23 18:00:00,16.933333333333334,71.6,0.0,7.8914117,18,6,6
2024-06-23 19:00:00,17.163333333333334,71.24000000000001,0.0,6.5865326,19,6,6
2024-06-23 20:00:00,19.205000000000002,71.24000000000001,0.0,2.0505242999999997,20,6,6
2024-06-23 21:00:00,19.544999999999998,70.88,0.0,2.2369356000000002,21,6,6
2024-06-23 22:00:00,20.601666666666667,70.52,0.0,2.9825808,22,6,6
2024-06-23 23:00:00,22.15833333333333,69.98,0.0,4.970968,23,6,6
2024-06-24 00:00:00,22.433333333333334,68.9,0.0,5.7787503000000005,0,0,6
2024-06-24 01:00:00,24.85166666666667,68.0,0.0,6.4001213,1,0,6
2024-06-24 02:00:00,23.638333333333335,67.28,0.0,6.835081,2,0,6
2024-06-24 03:00:00,26.643333333333334,66.74000000000001,0.0,7.0836294,3,0,6
2024-06-24 04:00:00,24.843333333333334,66.02,0.0,6.7108068,4,0,6
2024-06-24 05:00:00,23.205,65.12,0.0,6.337984199999999,5,0,6
2024-06-24 06:00:00,19.851666666666667,66.02,0.0,5.530201900000001,6,0,6
2024-06-24 07:00:00,17.16,68.72,0.0,4.1010485999999995,7,0,6
2024-06-24 08:00:00,14.660000000000002,71.24000000000001,0.0,2.6718953,8,0,6
2024-06-24 09:00:00,16.25,73.22,0.0,2.1747985,9,0,6
2024-06-24 10:00:00,17.388333333333332,75.38,0.0,4.7224196,10,0,6
2024-06-24 11:00:00,17.39,76.64,0.0,7.8292746,11,0,6
2024-06-24 12:00:00,17.048333333333336,77.54,0.0,9.8797989,12,0,6
2024-06-24 13:00:00,17.276666666666667,78.62,0.0,13.235202300000001,13,0,6
2024-06-24 14:00:00,17.048333333333336,79.34,0.0,13.4216136,14,0,6
2024-06-24 15:00:00,15.796666666666667,79.7,0.0,13.297339399999998,15,0,6
2024-06-24 16:00:00,13.748333333333333,80.06,0.0,13.3594765,16,0,6
2024-06-24 17:00:00,12.951666666666666,80.42,0.0,12.924516800000001,17,0,6
2024-06-24 18:00:00,15.455,80.42,0.0,12.42742,18,0,6
2024-06-24 19:00:00,17.73,81.14,0.0,9.4448392,19,0,6
2024-06-24 20:00:00,17.503333333333334,81.68,0.0,9.258427900000001,20,0,6
2024-06-24 21:00:00,17.953333333333333,81.14,0.0,11.9303232,21,0,6
2024-06-24 22:00:00,19.09,79.7,0.0,11.743911899999999,22,0,6
2024-06-24 23:00:00,20.566666666666666,78.62,0.0,15.7206863,23,0,6
2024-06-25 00:00:00,22.578333333333333,78.08,0.0,13.235202300000001,0,1,6
2024-06-25 01:00:00,23.641666666666666,77.18,0.0,10.3768957,1,1,6
2024-06-25 02:00:00,25.436666666666667,76.46,0.0,12.7381055,2,1,6
2024-06-25 03:00:00,25.526666666666667,76.64,0.0,15.2857266,3,1,6
2024-06-25 04:00:00,23.525000000000002,77.0,0.0,17.274113800000002,4,1,6
2024-06-25 05:00:00,22.386666666666667,74.12,1.7,14.1672588,5,1,6
2024-06-25 06:00:00,20.111666666666668,73.04,0.1,17.5847993,6,1,6
2024-06-25 07:00:00,16.476666666666667,72.86,0.1,15.844960500000001,7,1,6
2024-06-25 08:00:00,13.635,75.74000000000001,0.0,3.8525002,8,1,6
2024-06-25 09:00:00,13.863333333333335,78.44,0.5,10.004073100000001,9,1,6
2024-06-25 10:00:00,16.81833333333333,75.74000000000001,4.0,11.246815100000001,10,1,6
2024-06-25 11:00:00,17.39,76.82,0.0,18.7032671,11,1,6
2024-06-25 12:00:00,16.933333333333334,83.84,0.0,20.9402027,12,1,6
2024-06-25 13:00:00,16.703333333333333,87.26,0.0,20.380968799999998,13,1,6
2024-06-25 14:00:00,17.276666666666667,90.32,0.0,19.2003639,14,1,6
2024-06-25 15:00:00,15.136666666666665,91.03999999999999,0.0,17.0877025,15,1,6
2024-06-25 16:00:00,13.520000000000001,91.4,0.0,14.6022185,16,1,6
2024-06-25 17:00:00,11.703333333333333,91.94,0.0,14.5400814,17,1,6
2024-06-25 18:00:00,15.113333333333335,89.24,0.0,11.681774800000001,18,1,6
2024-06-25 19:00:00,17.503333333333334,88.16,0.0,8.5749198,19,1,6
2024-06-25 20:00:00,17.643333333333334,79.7,0.7,10.004073100000001,20,1,6
2024-06-25 21:00:00,18.75,77.36,0.1,11.122540899999999,21,1,6
2024-06-25 22:00:00,20.55666666666667,76.82,0.0,10.811855399999999,22,1,6
2024-06-25 23:00:00,21.820000000000004,76.28,0.0,7.8292746,23,1,6
2024-06-26 00:00:00,22.90833333333333,75.38,0.0,4.0389115,0,2,6
2024-06-26 01:00:00,22.81833333333333,74.84,0.0,3.7903631,1,2,6
2024-06-26 02:00:00,25.188333333333333,74.66,0.0,6.5243955,2,2,6
2024-06-26 03:00:00,24.316666666666666,74.12,0.0,5.4680648000000005,3,2,6
2024-06-26 04:00:00,23.91,73.4,0.0,5.840887400000001,4,2,6
2024-06-26 05:00:00,21.921666666666667,73.22,0.0,5.592339,5,2,6
2024-06-26 06:00:00,20.0,73.58,0.0,5.2195164,6,2,6
2024-06-26 07:00:00,16.705000000000002,74.66,0.0,7.3943149,7,2,6
2024-06-26 08:00:00,14.433333333333332,71.96,0.1,6.648669699999999,8,2,6
2024-06-26 09:00:00,14.996666666666664,75.2,0.0,6.0894358,9,2,6
2024-06-26 10:00:00,17.158333333333335,77.0,0.0,2.0505242999999997,10,2,6
2024-06-26 11:00:00,17.048333333333336,78.62,0.0,5.4680648000000005,11,2,6
2024-06-26 12:00:00,16.591666666666665,79.7,0.0,5.4059276999999994,12,2,6
2024-06-26 13:00:00,16.476666666666667,82.94,0.0,2.2369356000000002,13,2,6
2024-06-26 14:00:00,16.705000000000002,85.64,0.0,2.8583065999999997,14,2,6
2024-06-26 15:00:00,14.886666666666665,85.1,0.0,5.840887400000001,15,2,6
2024-06-26 16:00:00,13.406666666666666,83.66,0.2,4.9088309,16,2,6
2024-06-26 17:00:00,12.271666666666667,83.12,0.5,4.4738712000000005,17,2,6
2024-06-26 18:00:00,15.455,81.86,0.0,6.337984199999999,18,2,6
2024-06-26 19:00:00,17.276666666666667,78.98,0.0,10.936129600000001,19,2,6
2024-06-26 20:00:00,17.603333333333335,73.58,0.0,7.4564520000000005,20,2,6
2024-06-26 21:00:00,18.75166666666667,71.42,0.0,11.806049,21,2,6
2024-06-26 22:00:00,19.885,68.0,0.0,12.5516942,22,2,6
2024-06-26 23:00:00,21.308333333333334,66.2,0.0,14.0429846,23,2,6
2024-06-27 00:00:00,23.03333333333333,64.94,0.0,14.4158072,0,3,6
2024-06-27 01:00:00,23.545,64.58,0.0,14.912904000000001,1,3,6
2024-06-27 02:00:00,25.18166666666667,63.86,0.0,16.2799202,2,3,6
2024-06-27 03:00:00,24.31833333333333,63.32,0.0,16.839154100000002,3,3,6
2024-06-27 04:00:00,26.24,62.959999999999994,0.0,16.652742800000002,4,3,6
2024-06-27 05:00:00,22.955,62.42,0.0,16.155646,5,3,6
2024-06-27 06:00:00,20.224999999999998,62.059999999999995,0.0,16.155646,6,3,6
2024-06-27 07:00:00,17.044999999999998,62.959999999999994,0.0,16.5284686,7,3,6
2024-06-27 08:00:00,14.206666666666669,64.22,0.0,15.9070976,8,3,6
2024-06-27 09:00:00,15.113333333333335,65.12,0.0,15.4100008,9,3,6
2024-06-27 10:00:00,17.046666666666667,65.84,0.0,12.986653899999999,10,3,6
2024-06-27 11:00:00,17.57,66.38,0.0,11.8681861,11,3,6
2024-06-27 12:00:00,16.82,66.38,0.0,12.1788716,12,3,6
2024-06-27 13:00:00,17.05,66.2,0.0,12.1167345,13,3,6
2024-06-27 14:00:00,16.935,66.02,0.0,11.3089522,14,3,6
2024-06-27 15:00:00,15.115,66.38,0.0,10.749718300000001,15,3,6
2024-06-27 16:00:00,13.293333333333331,66.56,0.0,10.314758600000001,16,3,6
2024-06-27 17:00:00,11.93,66.56,0.0,10.314758600000001,17,3,6
2024-06-27 18:00:00,14.32,65.84,0.0,9.320565,18,3,6
2024-06-27 19:00:00,16.59,65.12,0.0,8.202097199999999,19,3,6
2024-06-27 20:00:00,16.705000000000002,63.5,0.0,7.3943149,20,3,6
2024-06-27 21:00:00,18.761666666666667,63.14,0.0,6.4622584000000005,21,3,6
2024-06-27 22:00:00,20.156666666666666,63.14,0.0,6.2758471,22,3,6
2024-06-27 23:00:00,20.908333333333335,63.32,0.0,7.7050004,23,3,6
2024-06-28 00:00:00,20.578333333333333,63.86,0.0,8.015685900000001,0,4,6
2024-06-28 01:00:00,22.83,64.22,0.0,8.077823,1,4,6
2024-06-28 02:00:00,24.03833333333333,64.58,0.0,8.077823,2,4,6
2024-06-28 03:00:00,23.599999999999998,64.75999999999999,0.0,8.4506456,3,4,6
2024-06-28 04:00:00,24.96166666666667,64.94,0.0,7.8914117,4,4,6
2024-06-28 05:00:00,22.615,65.3,0.0,6.9593552,5,4,6
2024-06-28 06:00:00,19.885,65.66,0.0,7.8292746,6,4,6
2024-06-28 07:00:00,16.976666666666667,67.28,0.0,9.8797989,7,4,6
2024-06-28 08:00:00,14.546666666666667,66.92,1.1,11.3089522,8,4,6
2024-06-28 09:00:00,14.998333333333333,67.1,2.4,12.613831300000001,9,4,6
2024-06-28 10:00:00,17.495,68.18,0.7,13.7944362,10,4,6
2024-06-28 11:00:00,16.59,70.16,1.3,13.235202300000001,11,4,6
2024-06-28 12:00:00,16.361666666666668,69.98,1.8,12.986653899999999,12,4,6
2024-06-28 13:00:00,16.476666666666667,71.24000000000001,1.9,12.986653899999999,13,4,6
2024-06-28 14:00:00,16.25,72.14,0.8,11.8681861,14,4,6
2024-06-28 15:00:00,14.660000000000002,73.04,0.3,12.42742,15,4,6
2024-06-28 16:00:00,13.521666666666667,72.86,0.4,11.743911899999999,16,4,6
2024-06-28 17:00:00,12.725,73.4,0.6,9.5069763,17,4,6
2024-06-28 18:00:00,14.206666666666669,72.86,0.3,8.7613311,18,4,6
2024-06-28 19:00:00,16.59,73.4,0.0,6.7108068,19,4,6
2024-06-28 20:00:00,17.258333333333333,72.32,1.8,7.9535488,20,4,6
2024-06-28 21:00:00,18.18166666666667,71.24000000000001,0.8,8.3885085,21,4,6
2024-06-28 22:00:00,19.43166666666667,71.24000000000001,0.0,9.134153699999999,22,4,6
2024-06-28 23:00:00,19.883333333333333,70.7,0.1,8.2642343,23,4,6
2024-06-29 00:00:00,20.906666666666666,71.06,2.0,7.8292746,0,5,6
2024-06-29 01:00:00,23.71666666666667,71.42,1.2,8.8856053,1,5,6
2024-06-29 02:00:00,24.705,73.22,0.1,14.2293959,2,5,6
2024-06-29 03:00:00,23.521666666666665,74.12,0.0,15.534275000000001,3,5,6
2024-06-29 04:00:00,23.755,73.75999999999999,0.0,14.1051217,4,5,6
2024-06-29 05:00:00,23.293333333333333,73.4,0.0,12.675968399999999,5,5,6
2024-06-29 06:00:00,22.545,73.94,0.0,10.936129600000001,6,5,6
2024-06-29 07:00:00,21.81833333333333,75.02,0.0,12.054597399999999,7,5,6
2024-06-29 08:00:00,20.535,77.18,0.0,9.8176618,8,5,6
2024-06-29 09:00:00,19.09,75.74000000000001,0.8,10.314758600000001,9,5,6
2024-06-29 10:00:00,18.636666666666667,78.62,0.0,11.246815100000001,10,5,6
2024-06-29 11:00:00,18.07,81.14,0.1,11.371089300000001,11,5,6
2024-06-29 12:00:00,17.956666666666667,83.84,0.0,10.0662102,12,5,6
2024-06-29 13:00:00,18.035,86.18,0.0,11.433226399999999,13,5,6
2024-06-29 14:00:00,16.933333333333334,87.61999999999999,0.0,11.8681861,14,5,6
2024-06-29 15:00:00,16.933333333333334,88.16,0.0,13.7322991,15,5,6
2024-06-29 16:00:00,16.705000000000002,87.61999999999999,0.0,12.42742,16,5,6
2024-06-29 17:00:00,16.27,86.36,0.0,12.4895571,17,5,6
2024-06-29 18:00:00,17.163333333333334,85.64,0.0,14.0429846,18,5,6
2024-06-29 19:00:00,17.275000000000002,84.2,0.0,11.681774800000001,19,5,6
2024-06-29 20:00:00,17.39,80.06,0.0,12.365282899999999,20,5,6
2024-06-29 21:00:00,17.365,77.36,0.0,11.9303232,21,5,6
2024-06-29 22:00:00,18.41,74.84,0.0,10.9982667,22,5,6
2024-06-29 23:00:00,20.511666666666667,72.14,0.0,11.3089522,23,5,6
2024-06-30 00:00:00,22.045,71.24000000000001,0.0,13.297339399999998,0,6,6
2024-06-30 01:00:00,21.636666666666667,69.8,0.0,16.3420573,1,6,6
2024-06-30 02:00:00,24.444999999999997,67.28,0.0,17.7090735,2,6,6
2024-06-30 03:00:00,24.246666666666666,64.58,0.0,19.0139526,3,6,6
2024-06-30 04:00:00,22.848333333333333,62.24,0.0,17.895484800000002,4,6,6
2024-06-30 05:00:00,24.221666666666668,60.8,0.0,16.777017,5,6,6
2024-06-30 06:00:00,23.035,60.440000000000005,0.0,17.025565399999998,6,6,6
2024-06-30 07:00:00,22.92,61.16,0.0,19.2003639,7,6,6
2024-06-30 08:00:00,21.706666666666667,62.6,0.0,18.4547187,8,6,6
2024-06-30 09:00:00,22.113333333333333,62.24,0.0,18.2061703,9,6,6
2024-06-30 10:00:00,20.453333333333333,62.42,0.0,16.9634283,10,6,6
2024-06-30 11:00:00,19.205000000000002,62.24,0.0,16.4663315,11,6,6
2024-06-30 12:00:00,18.44333333333333,62.24,0.0,16.217783100000002,12,6,6
2024-06-30 13:00:00,18.308333333333334,62.059999999999995,0.0,15.223589500000001,13,6,6
2024-06-30 14:00:00,17.843333333333334,62.6,0.0,14.4779443,14,6,6
2024-06-30 15:00:00,17.50166666666667,62.059999999999995,0.0,13.7322991,15,6,6
2024-06-30 16:00:00,16.81833333333333,61.88,0.0,14.291533,16,6,6
2024-06-30 17:00:00,16.478333333333335,61.16,0.0,14.3536701,17,6,6
2024-06-30 18:00:00,16.573333333333334,61.16,0.0,14.7886298,18,6,6
2024-06-30 19:00:00,17.046666666666667,60.26,0.0,13.9187104,19,6,6
2024-06-30 20:00:00,19.771666666666665,60.440000000000005,0.0,10.314758600000001,20,6,6
2024-06-30 21:00:00,20.06833333333333,59.36,0.0,9.0098795,21,6,6
2024-06-30 22:00:00,21.25,58.82,0.0,8.326371400000001,22,6,6
2024-06-30 23:00:00,21.25,58.459999999999994,0.0,8.637056900000001,23,6,6
2024-07-01 00:00:00,19.965,58.459999999999994,0.0,8.699194,0,0,7
2024-07-01 01:00:00,23.635,58.459999999999994,0.0,9.1962908,1,0,7
2024-07-01 02:00:00,22.686666666666667,58.28,0.0,9.941936,2,0,7
2024-07-01 03:00:00,24.543333333333333,57.74,0.0,9.3827021,3,0,7
2024-07-01 04:00:00,26.715,57.02,0.0,8.3885085,4,0,7
2024-07-01 05:00:00,23.41,56.66,0.0,8.077823,5,0,7
2024-07-01 06:00:00,20.453333333333333,57.56,0.0,7.8914117,6,0,7
2024-07-01 07:00:00,17.386666666666667,59.9,0.0,8.1399601,7,0,7
2024-07-01 08:00:00,14.886666666666665,61.88,0.0,8.326371400000001,8,0,7
2024-07-01 09:00:00,15.68,62.959999999999994,0.0,8.326371400000001,9,0,7
2024-07-01 10:00:00,17.39,63.86,0.0,8.2642343,10,0,7
2024-07-01 11:00:00,16.935,64.94,0.0,9.0098795,11,0,7
2024-07-01 12:00:00,17.388333333333332,66.02,0.0,8.077823,12,0,7
2024-07-01 13:00:00,17.161666666666665,67.46,0.0,7.4564520000000005,13,0,7
2024-07-01 14:00:00,17.161666666666665,68.36,0.0,9.134153699999999,14,0,7
2024-07-01 15:00:00,15.228333333333333,68.72,0.0,9.3827021,15,0,7
2024-07-01 16:00:00,13.18,69.44,0.0,9.6312505,16,0,7
2024-07-01 17:00:00,13.178333333333333,69.8,0.0,8.823468199999999,17,0,7
2024-07-01 18:00:00,15.339999999999998,69.62,0.0,8.8856053,18,0,7
2024-07-01 19:00:00,17.956666666666667,69.62,0.0,8.5749198,19,0,7
2024-07-01 20:00:00,18.296666666666667,68.18,0.0,7.8914117,20,0,7
2024-07-01 21:00:00,18.636666666666667,66.92,0.0,9.0720166,21,0,7
2024-07-01 22:00:00,20.611666666666668,67.1,0.0,9.8176618,22,0,7
2024-07-01 23:00:00,21.92,66.02,0.0,10.936129600000001,23,0,7
2024-07-02 00:00:00,24.375,65.3,0.0,10.501169899999999,0,1,7
2024-07-02 01:00:00,22.825,65.3,0.0,10.9982667,1,1,7
2024-07-02 02:00:00,25.096666666666664,65.12,0.0,11.433226399999999,2,1,7
2024-07-02 03:00:00,20.25,63.86,0.0,12.2410087,3,1,7
2024-07-02 04:00:00,24.95,63.14,0.0,11.371089300000001,4,1,7
2024-07-02 05:00:00,23.01,62.24,0.0,9.8797989,5,1,7
2024-07-02 06:00:00,21.02,62.42,0.0,11.8681861,6,1,7
2024-07-02 07:00:00,17.271666666666665,63.5,0.0,14.3536701,7,1,7
2024-07-02 08:00:00,14.206666666666669,66.92,0.0,7.0836294,8,1,7
2024-07-02 09:00:00,15.910000000000002,68.54,0.0,8.512782699999999,9,1,7
2024-07-02 10:00:00,17.388333333333332,70.16,0.1,9.4448392,10,1,7
2024-07-02 11:00:00,17.39,72.32,0.1,9.134153699999999,11,1,7
2024-07-02 12:00:00,16.705000000000002,73.22,0.0,10.501169899999999,12,1,7
2024-07-02 13:00:00,16.82,76.46,0.0,14.291533,13,1,7
2024-07-02 14:00:00,16.82,79.16,0.0,14.912904000000001,14,1,7
2024-07-02 15:00:00,14.773333333333333,82.58,0.0,15.1614524,15,1,7
2024-07-02 16:00:00,12.613333333333335,83.66,0.0,17.4605251,16,1,7
2024-07-02 17:00:00,11.25,84.02,0.0,18.5789929,17,1,7
2024-07-02 18:00:00,13.863333333333335,82.75999999999999,0.0,17.3362509,18,1,7
2024-07-02 19:00:00,18.07,81.14,0.0,14.9750411,19,1,7
2024-07-02 20:00:00,18.183333333333334,78.44,0.0,14.6643556,20,1,7
2024-07-02 21:00:00,19.471666666666668,77.0,0.0,16.217783100000002,21,1,7
2024-07-02 22:00:00,20.455000000000002,76.64,0.0,14.3536701,22,1,7
2024-07-02 23:00:00,21.93166666666667,76.46,0.0,16.777017,23,1,7
2024-07-03 00:00:00,23.10166666666667,76.1,0.0,16.404194399999998,0,2,7
2024-07-03 01:00:00,22.796666666666667,76.1,0.0,15.2857266,1,2,7
2024-07-03 02:00:00,23.866666666666664,76.28,0.0,15.7206863,2,2,7
2024-07-03 03:00:00,24.501666666666665,73.94,0.3,15.1614524,3,2,7
2024-07-03 04:00:00,24.808333333333334,71.24000000000001,1.7,12.1167345,4,2,7
2024-07-03 05:00:00,23.15833333333333,70.34,6.3,10.190484399999999,5,2,7
2024-07-03 06:00:00,20.338333333333335,70.34,4.2,10.1283473,6,2,7
2024-07-03 07:00:00,16.476666666666667,71.6,0.2,10.749718300000001,7,2,7
2024-07-03 08:00:00,14.660000000000002,75.38,0.0,10.2526215,8,2,7
2024-07-03 09:00:00,16.365,77.0,0.1,10.8739925,9,2,7
2024-07-03 10:00:00,17.728333333333335,77.54,0.3,9.0098795,10,2,7
2024-07-03 11:00:00,17.956666666666667,78.8,0.1,7.8292746,11,2,7
2024-07-03 12:00:00,17.163333333333334,80.6,0.1,7.3943149,12,2,7
2024-07-03 13:00:00,17.16,82.58,0.0,5.0331051,13,2,7
2024-07-03 14:00:00,16.593333333333334,84.91999999999999,0.0,3.7282260000000003,14,2,7
2024-07-03 15:00:00,14.433333333333332,86.72,0.0,2.8583065999999997,15,2,7
2024-07-03 16:00:00,12.839999999999998,87.61999999999999,0.0,3.0447179,16,2,7
2024-07-03 17:00:00,12.496666666666664,87.98,0.0,1.4291532999999998,17,2,7
2024-07-03 18:00:00,14.203333333333333,86.9,0.0,1.9262501,18,2,7
2024-07-03 19:00:00,16.591666666666665,86.0,0.0,5.716613199999999,19,2,7
2024-07-03 20:00:00,17.161666666666665,80.24000000000001,0.0,5.6544761,20,2,7
2024-07-03 21:00:00,17.496666666666666,78.08,0.0,9.4448392,21,2,7
2024-07-03 22:00:00,18.041666666666668,75.56,0.0,8.699194,22,2,7
2024-07-03 23:00:00,19.205000000000002,74.66,0.0,8.1399601,23,2,7
2024-07-04 00:00:00,23.40833333333333,73.58,0.0,8.326371400000001,0,3,7
2024-07-04 01:00:00,23.376666666666665,73.94,0.0,8.015685900000001,1,3,7
2024-07-04 02:00:00,24.58666666666667,72.86,0.0,6.027298699999999,2,3,7
2024-07-04 03:00:00,23.521666666666665,71.78,0.0,6.027298699999999,3,3,7
2024-07-04 04:00:00,24.618333333333336,70.88,0.0,4.7224196,4,3,7
2024-07-04 05:00:00,23.75,69.44,0.0,5.0331051,5,3,7
2024-07-04 06:00:00,22.71666666666667,69.62,0.0,4.2253228,6,3,7
2024-07-04 07:00:00,22.955,72.14,0.0,3.106855,7,3,7
2024-07-04 08:00:00,22.84166666666667,74.12,0.0,2.485484,8,3,7
2024-07-04 09:00:00,21.59166666666667,75.56,0.0,4.5360083,9,3,7
2024-07-04 10:00:00,18.978333333333335,75.74000000000001,0.1,4.5981454,10,3,7
2024-07-04 11:00:00,18.863333333333333,75.38,0.4,1.8019759,11,3,7
2024-07-04 12:00:00,19.09,75.56,0.4,1.5534275,12,3,7
2024-07-04 13:00:00,18.976666666666667,77.0,0.0,6.7108068,13,3,7
2024-07-04 14:00:00,18.523333333333333,76.46,0.0,8.699194,14,3,7
2024-07-04 15:00:00,18.08666666666667,77.36,0.0,5.4059276999999994,15,3,7
2024-07-04 16:00:00,18.058333333333334,77.54,0.0,2.2369356000000002,16,3,7
2024-07-04 17:00:00,18.68166666666667,78.44,0.0,4.7224196,17,3,7
2024-07-04 18:00:00,18.296666666666667,75.02,0.0,8.8856053,18,3,7
2024-07-04 19:00:00,19.953333333333333,74.48,0.0,5.716613199999999,19,3,7
2024-07-04 20:00:00,19.205000000000002,73.4,0.0,6.4622584000000005,20,3,7
2024-07-04 21:00:00,19.826666666666664,71.96,0.0,7.1457665,21,3,7
2024-07-04 22:00:00,20.669999999999998,70.34,0.0,3.7282260000000003,22,3,7
2024-07-04 23:00:00,21.535,69.08,0.0,3.4796776,23,3,7
2024-07-05 00:00:00,22.304999999999996,69.08,0.0,6.151572900000001,0,4,7
2024-07-05 01:00:00,23.41,68.36,0.0,6.21371,1,4,7
2024-07-05 02:00:00,23.478333333333335,67.64,0.0,5.4059276999999994,2,4,7
2024-07-05 03:00:00,23.733333333333334,67.28,0.0,4.8466938,3,4,7
2024-07-05 04:00:00,25.051666666666666,67.64,0.0,6.151572900000001,4,4,7
2024-07-05 05:00:00,23.066666666666666,67.46,0.0,6.21371,5,4,7
2024-07-05 06:00:00,20.111666666666668,68.18,0.0,7.3943149,6,4,7
2024-07-05 07:00:00,16.591666666666665,69.98,1.0,7.8914117,7,4,7
2024-07-05 08:00:00,14.43,71.96,0.0,10.314758600000001,8,4,7
2024-07-05 09:00:00,15.25,75.38,0.0,11.3089522,9,4,7
2024-07-05 10:00:00,15.68,78.08,0.0,10.4390328,10,4,7
2024-07-05 11:00:00,15.566666666666668,79.88,0.0,11.9303232,11,4,7
2024-07-05 12:00:00,14.660000000000002,80.6,0.0,13.1109281,12,4,7
2024-07-05 13:00:00,14.295,81.14,0.0,14.7886298,13,4,7
2024-07-05 14:00:00,13.521666666666667,80.96,0.1,15.9692347,14,4,7
2024-07-05 15:00:00,11.25,80.78,0.1,15.9692347,15,4,7
2024-07-05 16:00:00,7.386666666666667,80.96,0.0,17.5226622,16,4,7
2024-07-05 17:00:00,7.188333333333333,79.88,0.0,17.5226622,17,4,7
2024-07-05 18:00:00,9.316666666666666,77.9,0.0,17.274113800000002,18,4,7
2024-07-05 19:00:00,14.656666666666666,76.1,0.0,14.4158072,19,4,7
2024-07-05 20:00:00,15.981666666666667,72.32,0.0,10.749718300000001,20,4,7
2024-07-05 21:00:00,16.476666666666667,70.16,0.0,9.7555247,21,4,7
2024-07-05 22:00:00,17.438333333333333,68.9,0.0,8.077823,22,4,7
2024-07-05 23:00:00,19.5,68.0,0.0,8.015685900000001,23,4,7
2024-07-06 00:00:00,22.501666666666665,67.1,0.0,8.2642343,0,5,7
2024-07-06 01:00:00,23.25,65.84,0.0,7.1457665,1,5,7
2024-07-06 02:00:00,23.025000000000002,64.58,0.0,6.5865326,2,5,7
2024-07-06 03:00:00,26.203333333333333,63.5,0.0,7.1457665,3,5,7
2024-07-06 04:00:00,24.238333333333333,62.78,0.0,6.027298699999999,4,5,7
2024-07-06 05:00:00,23.521666666666665,61.88,0.0,5.0331051,5,5,7
2024-07-06 06:00:00,22.046666666666667,62.24,0.0,4.349597,6,5,7
2024-07-06 07:00:00,21.93166666666667,64.04,0.0,3.6039518,7,5,7
2024-07-06 08:00:00,20.955000000000002,67.46,0.0,4.1631857000000005,8,5,7
2024-07-06 09:00:00,19.09,69.98,0.0,4.7224196,9,5,7
2024-07-06 10:00:00,17.615,71.6,0.0,5.716613199999999,10,5,7
2024-07-06 11:00:00,16.24833333333333,72.68,0.1,6.5243955,11,5,7
2024-07-06 12:00:00,15.906666666666666,73.22,0.1,6.4622584000000005,12,5,7
2024-07-06 13:00:00,15.566666666666668,73.75999999999999,0.0,6.2758471,13,5,7
2024-07-06 14:00:00,14.886666666666665,74.84,0.0,5.7787503000000005,14,5,7
2024-07-06 15:00:00,14.381666666666668,75.92,0.0,5.4680648000000005,15,5,7
2024-07-06 16:00:00,13.293333333333331,76.46,0.0,6.7108068,16,5,7
2024-07-06 17:00:00,12.5,76.64,0.0,7.0214923,17,5,7
2024-07-06 18:00:00,12.838333333333333,76.28,0.0,8.3885085,18,5,7
2024-07-06 19:00:00,14.296666666666667,75.38,0.0,8.699194,19,5,7
2024-07-06 20:00:00,15.214999999999998,73.58,0.0,7.1457665,20,5,7
2024-07-06 21:00:00,16.716666666666665,71.6,0.0,6.835081,21,5,7
2024-07-06 22:00:00,16.59,70.52,0.0,5.7787503000000005,22,5,7
2024-07-06 23:00:00,18.521666666666665,69.62,0.0,5.716613199999999,23,5,7
2024-07-07 00:00:00,21.363333333333333,68.9,0.0,5.592339,0,6,7
2024-07-07 01:00:00,22.478333333333335,67.64,0.0,4.970968,1,6,7
2024-07-07 02:00:00,25.636666666666667,66.56,0.0,4.9088309,2,6,7
2024-07-07 03:00:00,24.983333333333334,66.2,0.0,5.592339,3,6,7
2024-07-07 04:00:00,24.255,65.48,0.0,6.0894358,4,6,7
2024-07-07 05:00:00,24.021666666666665,64.4,0.0,5.6544761,5,6,7
2024-07-07 06:00:00,23.066666666666666,64.58,0.0,5.530201900000001,6,6,7
2024-07-07 07:00:00,21.785,67.1,0.0,4.8466938,7,6,7
2024-07-07 08:00:00,22.046666666666667,72.68,0.0,4.4738712000000005,8,6,7
2024-07-07 09:00:00,20.91,77.36,0.0,6.4622584000000005,9,6,7
2024-07-07 10:00:00,18.325,79.7,0.1,6.835081,10,6,7
2024-07-07 11:00:00,17.956666666666667,80.96,0.2,7.9535488,11,6,7
2024-07-07 12:00:00,16.478333333333335,82.75999999999999,0.0,9.3827021,12,6,7
2024-07-07 13:00:00,15.88,85.1,0.0,9.134153699999999,13,6,7
2024-07-07 14:00:00,15.911666666666667,86.53999999999999,0.0,9.5069763,14,6,7
2024-07-07 15:00:00,14.886666666666665,73.22,9.0,16.217783100000002,15,6,7
2024-07-07 16:00:00,14.431666666666667,72.14,0.8,8.5749198,16,6,7
2024-07-07 17:00:00,14.660000000000002,75.74000000000001,0.2,4.2253228,17,6,7
2024-07-07 18:00:00,13.068333333333333,78.08,0.0,3.7282260000000003,18,6,7
2024-07-07 19:00:00,15.996666666666668,78.44,0.0,3.9767744,19,6,7
2024-07-07 20:00:00,18.636666666666667,72.32,0.1,9.0098795,20,6,7
2024-07-07 21:00:00,18.5,70.88,0.1,8.015685900000001,21,6,7
2024-07-07 22:00:00,21.216666666666665,70.7,0.0,6.2758471,22,6,7
2024-07-07 23:00:00,21.023333333333333,70.34,0.0,10.190484399999999,23,6,7
2024-07-08 00:00:00,21.886666666666667,70.16,0.0,7.5807262,0,0,7
2024-07-08 01:00:00,24.603333333333335,70.7,0.0,7.6428633,1,0,7
2024-07-08 02:00:00,23.205,71.24000000000001,0.0,7.4564520000000005,2,0,7
2024-07-08 03:00:00,23.099999999999998,71.24000000000001,0.0,6.7108068,3,0,7
2024-07-08 04:00:00,23.06833333333333,70.88,0.0,6.8972181,4,0,7
2024-07-08 05:00:00,22.613333333333333,69.8,0.0,7.5807262,5,0,7
2024-07-08 06:00:00,19.669999999999998,70.16,0.0,7.5807262,6,0,7
2024-07-08 07:00:00,15.793333333333331,71.96,0.0,5.0331051,7,0,7
2024-07-08 08:00:00,11.93,73.04,0.0,7.6428633,8,0,7
2024-07-08 09:00:00,11.816666666666668,77.54,0.0,10.190484399999999,9,0,7
2024-07-08 10:00:00,14.206666666666669,80.06,0.0,9.1962908,10,0,7
2024-07-08 11:00:00,16.528333333333332,83.12,0.0,10.749718300000001,11,0,7
2024-07-08 12:00:00,17.156666666666666,85.1,0.0,12.365282899999999,12,0,7
2024-07-08 13:00:00,16.778333333333332,85.28,0.1,12.675968399999999,13,0,7
2024-07-08 14:00:00,17.161666666666665,86.18,0.0,12.4895571,14,0,7
2024-07-08 15:00:00,14.433333333333332,87.44,0.0,12.1788716,15,0,7
2024-07-08 16:00:00,11.589999999999998,85.82,0.2,12.7381055,16,0,7
2024-07-08 17:00:00,9.431666666666667,85.28,0.1,9.941936,17,0,7
2024-07-08 18:00:00,12.955,83.66,0.2,10.1283473,18,0,7
2024-07-08 19:00:00,16.593333333333334,81.86,0.1,7.4564520000000005,19,0,7
2024-07-08 20:00:00,18.07,75.2,0.0,6.337984199999999,20,0,7
2024-07-08 21:00:00,19.771666666666665,74.48,0.0,7.0214923,21,0,7
2024-07-08 22:00:00,19.77,73.75999999999999,0.0,7.2079036,22,0,7
2024-07-08 23:00:00,22.388333333333335,73.4,0.0,6.5865326,23,0,7
2024-07-09 00:00:00,23.35166666666667,72.5,0.0,6.4622584000000005,0,1,7
2024-07-09 01:00:00,22.81833333333333,71.78,0.0,5.1573793000000006,1,1,7
2024-07-09 02:00:00,26.368333333333336,70.88,0.0,5.7787503000000005,2,1,7
2024-07-09 03:00:00,23.403333333333332,69.98,0.0,4.7845567,3,1,7
2024-07-09 04:00:00,26.386666666666667,69.44,0.0,4.6602825,4,1,7
2024-07-09 05:00:00,22.53333333333333,68.72,0.0,4.7224196,5,1,7
2024-07-09 06:00:00,19.885,69.08,0.0,3.9767744,6,1,7
2024-07-09 07:00:00,16.82,70.16,0.0,3.0447179,7,1,7
2024-07-09 08:00:00,14.205,72.32,0.2,4.1010485999999995,8,1,7
2024-07-09 09:00:00,15.566666666666668,72.86,0.0,8.7613311,9,1,7
2024-07-09 10:00:00,17.388333333333332,74.12,0.0,6.4622584000000005,10,1,7
2024-07-09 11:00:00,17.05,75.2,0.0,3.7903631,11,1,7
2024-07-09 12:00:00,17.048333333333336,74.84,0.0,4.970968,12,1,7
2024-07-09 13:00:00,17.39,75.38,0.1,4.5981454,13,1,7
2024-07-09 14:00:00,17.163333333333334,76.28,0.0,5.840887400000001,14,1,7
2024-07-09 15:00:00,15.045,75.02,0.0,7.8292746,15,1,7
2024-07-09 16:00:00,12.613333333333335,75.02,0.1,6.151572900000001,16,1,7
2024-07-09 17:00:00,10.343333333333334,73.04,0.3,6.2758471,17,1,7
2024-07-09 18:00:00,13.408333333333333,71.96,1.4,5.716613199999999,18,1,7
2024-07-09 19:00:00,17.163333333333334,71.24000000000001,2.1,7.0214923,19,1,7
2024-07-09 20:00:00,17.616666666666667,69.8,1.4,5.1573793000000006,20,1,7
2024-07-09 21:00:00,19.09,69.62,3.1,3.7282260000000003,21,1,7
2024-07-09 22:00:00,19.543333333333333,69.25999999999999,2.5,7.9535488,22,1,7
2024-07-09 23:00:00,21.786666666666665,69.08,4.4,11.433226399999999,23,1,7
2024-07-10 00:00:00,21.933333333333334,69.25999999999999,5.0,10.314758600000001,0,2,7
2024-07-10 01:00:00,23.096666666666664,69.62,2.6,15.9692347,1,2,7
2024-07-10 02:00:00,24.34,68.72,2.6,16.777017,2,2,7
2024-07-10 03:00:00,24.125,68.18,1.3,17.0877025,3,2,7
2024-07-10 04:00:00,23.71666666666667,67.82,0.7,14.912904000000001,4,2,7
2024-07-10 05:00:00,21.683333333333334,67.46,0.6,14.5400814,5,2,7
2024-07-10 06:00:00,18.976666666666667,67.46,0.4,13.545887800000001,6,2,7
2024-07-10 07:00:00,16.591666666666665,67.64,0.3,13.4837507,7,2,7
2024-07-10 08:00:00,13.976666666666667,66.56,1.5,9.1962908,8,2,7
2024-07-10 09:00:00,13.635,68.72,0.7,9.0098795,9,2,7
2024-07-10 10:00:00,17.16,70.7,0.2,8.2642343,10,2,7
2024-07-10 11:00:00,17.503333333333334,73.22,0.0,10.1283473,11,2,7
2024-07-10 12:00:00,17.048333333333336,74.84,0.0,10.936129600000001,12,2,7
2024-07-10 13:00:00,17.276666666666667,74.84,0.0,9.8797989,13,2,7
2024-07-10 14:00:00,16.48,75.02,0.0,9.1962908,14,2,7
2024-07-10 15:00:00,15.115,74.84,0.0,8.4506456,15,2,7
2024-07-10 16:00:00,13.066666666666668,74.12,0.1,9.5069763,16,2,7
2024-07-10 17:00:00,11.25,73.4,0.0,9.6933876,17,2,7
2024-07-10 18:00:00,14.545,71.78,0.0,8.2642343,18,2,7
2024-07-10 19:00:00,17.73,70.7,0.0,6.21371,19,2,7
2024-07-10 20:00:00,17.615,69.44,0.0,1.5534275,20,2,7
2024-07-10 21:00:00,19.871666666666666,68.9,0.0,2.7340324000000003,21,2,7
2024-07-10 22:00:00,19.74833333333333,68.0,0.0,2.8583065999999997,22,2,7
2024-07-10 23:00:00,21.703333333333333,68.72,0.0,1.9262501,23,2,7
2024-07-11 00:00:00,23.521666666666665,67.82,0.0,2.2369356000000002,0,3,7
2024-07-11 01:00:00,24.42,65.66,0.0,4.411734099999999,1,3,7
2024-07-11 02:00:00,23.53833333333333,65.84,0.0,5.9030245,2,3,7
2024-07-11 03:00:00,23.34166666666667,66.56,0.0,7.2700407,3,3,7
2024-07-11 04:00:00,24.38,66.38,0.0,6.7108068,4,3,7
2024-07-11 05:00:00,23.18166666666667,65.48,0.0,5.1573793000000006,5,3,7
2024-07-11 06:00:00,20.724999999999998,66.92,0.0,5.530201900000001,6,3,7
2024-07-11 07:00:00,17.50166666666667,68.18,0.0,5.7787503000000005,7,3,7
2024-07-11 08:00:00,14.546666666666667,68.54,0.0,6.0894358,8,3,7
2024-07-11 09:00:00,15.228333333333333,70.7,0.0,5.9030245,9,3,7
2024-07-11 10:00:00,17.955000000000002,71.24000000000001,0.0,6.9593552,10,3,7
2024-07-11 11:00:00,17.503333333333334,71.78,0.0,7.4564520000000005,11,3,7
2024-07-11 12:00:00,17.276666666666667,72.14,0.0,8.7613311,12,3,7
2024-07-11 13:00:00,17.108333333333334,72.5,0.0,9.320565,13,3,7
2024-07-11 14:00:00,17.275000000000002,72.5,0.0,9.5069763,14,3,7
2024-07-11 15:00:00,14.546666666666667,72.86,0.0,9.6933876,15,3,7
2024-07-11 16:00:00,13.406666666666666,72.68,0.0,9.6933876,16,3,7
2024-07-11 17:00:00,11.589999999999998,71.78,0.0,9.8176618,17,3,7
2024-07-11 18:00:00,14.656666666666666,71.06,0.0,10.190484399999999,18,3,7
2024-07-11 19:00:00,17.73,69.8,0.0,9.3827021,19,3,7
2024-07-11 20:00:00,17.616666666666667,69.44,0.0,6.21371,20,3,7
2024-07-11 21:00:00,18.523333333333333,68.18,0.0,5.4059276999999994,21,3,7
2024-07-11 22:00:00,20.794999999999998,67.28,0.0,4.7845567,22,3,7
2024-07-11 23:00:00,21.785,66.74000000000001,0.0,4.7845567,23,3,7
2024-07-12 00:00:00,23.578333333333333,66.02,0.0,4.4738712000000005,0,4,7
2024-07-12 01:00:00,25.248333333333335,65.12,0.0,3.2932663,1,4,7
2024-07-12 02:00:00,25.99,64.94,0.0,4.0389115,2,4,7
2024-07-12 03:00:00,23.558333333333334,64.75999999999999,0.0,4.349597,3,4,7
2024-07-12 04:00:00,24.823333333333334,64.94,0.0,4.970968,4,4,7
2024-07-12 05:00:00,22.615,65.12,0.0,5.4680648000000005,5,4,7
2024-07-12 06:00:00,21.02,66.2,0.0,5.6544761,6,4,7
2024-07-12 07:00:00,17.161666666666665,68.54,0.0,5.2816535,7,4,7
2024-07-12 08:00:00,14.888333333333334,71.06,0.0,6.151572900000001,8,4,7
2024-07-12 09:00:00,16.25166666666667,72.5,0.0,6.027298699999999,9,4,7
2024-07-12 10:00:00,17.956666666666667,73.94,0.0,6.0894358,10,4,7
2024-07-12 11:00:00,17.503333333333334,75.56,0.0,5.6544761,11,4,7
2024-07-12 12:00:00,17.39,77.0,0.0,6.4622584000000005,12,4,7
2024-07-12 13:00:00,16.933333333333334,78.08,0.0,7.2079036,13,4,7
2024-07-12 14:00:00,16.25166666666667,78.25999999999999,0.0,8.512782699999999,14,4,7
2024-07-12 15:00:00,13.978333333333333,77.9,0.0,8.8856053,15,4,7
2024-07-12 16:00:00,13.408333333333333,77.36,0.0,8.326371400000001,16,4,7
2024-07-12 17:00:00,12.839999999999998,77.0,0.0,7.3321778,17,4,7
2024-07-12 18:00:00,15.455,76.46,0.0,6.4622584000000005,18,4,7
2024-07-12 19:00:00,17.39,75.74000000000001,0.0,5.840887400000001,19,4,7
2024-07-12 20:00:00,17.616666666666667,72.5,0.0,4.970968,20,4,7
2024-07-12 21:00:00,18.636666666666667,70.52,0.0,5.0952421999999995,21,4,7
2024-07-12 22:00:00,19.316666666666666,69.08,0.0,3.3554034,22,4,7
2024-07-12 23:00:00,20.566666666666666,68.36,0.0,3.7903631,23,4,7
2024-07-13 00:00:00,23.01,68.18,0.0,4.7845567,0,5,7
2024-07-13 01:00:00,24.425,67.64,0.0,4.7224196,1,5,7
2024-07-13 02:00:00,24.31833333333333,67.64,0.0,5.1573793000000006,2,5,7
2024-07-13 03:00:00,25.278333333333336,67.46,0.0,5.4680648000000005,3,5,7
2024-07-13 04:00:00,23.295,66.74000000000001,0.0,4.9088309,4,5,7
2024-07-13 05:00:00,23.511666666666667,66.2,0.0,4.5981454,5,5,7
2024-07-13 06:00:00,22.73,67.1,0.0,4.7845567,6,5,7
2024-07-13 07:00:00,21.59166666666667,70.34,0.0,4.9088309,7,5,7
2024-07-13 08:00:00,20.585,73.58,0.0,4.7845567,8,5,7
2024-07-13 09:00:00,18.75,77.36,0.0,5.4680648000000005,9,5,7
2024-07-13 10:00:00,17.985,81.5,0.0,7.2700407,10,5,7
2024-07-13 11:00:00,17.69,83.3,0.0,7.4564520000000005,11,5,7
2024-07-13 12:00:00,17.161666666666665,84.02,0.0,8.202097199999999,12,5,7
2024-07-13 13:00:00,17.05,84.74,0.0,7.8292746,13,5,7
2024-07-13 14:00:00,15.771666666666667,86.18,0.0,7.8292746,14,5,7
2024-07-13 15:00:00,15.113333333333335,87.26,0.0,7.3943149,15,5,7
2024-07-13 16:00:00,15.641666666666666,87.8,0.0,9.0720166,16,5,7
2024-07-13 17:00:00,16.363333333333333,80.96,2.6,6.4622584000000005,17,5,7
2024-07-13 18:00:00,16.82,80.96,0.0,7.8914117,18,5,7
2024-07-13 19:00:00,17.39,81.14,0.0,10.749718300000001,19,5,7
2024-07-13 20:00:00,17.955000000000002,79.52,0.0,7.2079036,20,5,7
2024-07-13 21:00:00,17.955000000000002,78.08,0.0,8.699194,21,5,7
2024-07-13 22:00:00,18.75,77.72,0.0,10.749718300000001,22,5,7
2024-07-13 23:00:00,18.75,77.18,0.0,11.9303232,23,5,7
2024-07-14 00:00:00,18.84,76.82,0.0,11.3089522,0,6,7
2024-07-14 01:00:00,21.23,74.84,1.9,10.4390328,1,6,7
2024-07-14 02:00:00,24.143333333333334,72.5,5.4,10.501169899999999,2,6,7
2024-07-14 03:00:00,24.268333333333334,74.3,0.2,10.314758600000001,3,6,7
2024-07-14 04:00:00,23.35166666666667,74.48,0.0,9.8176618,4,6,7
2024-07-14 05:00:00,22.521666666666665,74.12,0.0,10.625444100000001,5,6,7
2024-07-14 06:00:00,22.385,74.12,0.0,10.563307,6,6,7
2024-07-14 07:00:00,22.17,75.56,0.0,10.3768957,7,6,7
2024-07-14 08:00:00,20.965,72.68,5.7,12.1788716,8,6,7
2024-07-14 09:00:00,20.135,72.32,2.2,7.2700407,9,6,7
2024-07-14 10:00:00,18.523333333333333,74.66,0.6,14.5400814,10,6,7
2024-07-14 11:00:00,18.41,76.1,0.1,15.0993153,11,6,7
2024-07-14 12:00:00,18.25166666666667,80.24000000000001,0.0,13.1109281,12,6,7
2024-07-14 13:00:00,17.815,83.48,0.0,12.5516942,13,6,7
2024-07-14 14:00:00,17.478333333333335,86.36,0.0,13.4837507,14,6,7
2024-07-14 15:00:00,16.478333333333335,88.34,0.0,13.9187104,15,6,7
2024-07-14 16:00:00,16.365,89.06,0.0,15.2857266,16,6,7
2024-07-14 17:00:00,16.82,89.41999999999999,0.0,15.0371782,17,6,7
2024-07-14 18:00:00,17.276666666666667,86.36,0.0,11.806049,18,6,7
2024-07-14 19:00:00,18.296666666666667,84.38000000000001,0.0,10.8739925,19,6,7
2024-07-14 20:00:00,20.34,76.64,1.2,6.835081,20,6,7
2024-07-14 21:00:00,20.111666666666668,73.94,0.2,11.9303232,21,6,7
2024-07-14 22:00:00,20.341666666666665,73.4,6.9,4.7845567,22,6,7
2024-07-14 23:00:00,20.111666666666668,72.68,19.8,14.3536701,23,6,7
2024-07-15 00:00:00,20.91,71.96,1.8,16.777017,0,0,7
2024-07-15 01:00:00,23.60166666666667,71.6,0.9,15.2857266,1,0,7
2024-07-15 02:00:00,24.31833333333333,72.14,0.0,13.048791,2,0,7
2024-07-15 03:00:00,24.054999999999996,71.6,0.0,9.6312505,3,0,7
2024-07-15 04:00:00,22.691666666666666,72.32,0.0,8.077823,4,0,7
2024-07-15 05:00:00,23.18166666666667,72.5,0.1,7.6428633,5,0,7
2024-07-15 06:00:00,20.908333333333335,72.68,0.0,6.9593552,6,0,7
2024-07-15 07:00:00,16.93166666666667,73.04,0.0,7.6428633,7,0,7
2024-07-15 08:00:00,14.206666666666669,72.86,0.0,7.1457665,8,0,7
2024-07-15 09:00:00,16.25166666666667,75.02,0.0,6.7729439000000005,9,0,7
2024-07-15 10:00:00,17.956666666666667,78.08,0.0,6.027298699999999,10,0,7
2024-07-15 11:00:00,17.616666666666667,81.14,0.0,6.648669699999999,11,0,7
2024-07-15 12:00:00,17.276666666666667,84.38000000000001,0.0,6.4001213,12,0,7
2024-07-15 13:00:00,17.163333333333334,86.9,0.0,6.648669699999999,13,0,7
2024-07-15 14:00:00,16.935,89.24,0.0,5.592339,14,0,7
2024-07-15 15:00:00,15.68,91.03999999999999,0.0,4.7224196,15,0,7
2024-07-15 16:00:00,13.748333333333333,91.03999999999999,0.0,7.0214923,16,0,7
2024-07-15 17:00:00,12.838333333333333,90.86,0.0,10.563307,17,0,7
2024-07-15 18:00:00,15.226666666666667,89.96000000000001,0.0,11.3089522,18,0,7
2024-07-15 19:00:00,17.956666666666667,87.8,0.0,9.8797989,19,0,7
2024-07-15 20:00:00,18.258333333333333,76.1,9.3,10.749718300000001,20,0,7
2024-07-15 21:00:00,19.761666666666667,74.66,0.2,16.0935089,21,0,7
2024-07-15 22:00:00,19.203333333333333,74.3,0.8,20.3188317,22,0,7
2024-07-15 23:00:00,20.261666666666667,74.66,16.7,16.404194399999998,23,0,7
2024-07-16 00:00:00,22.488333333333333,73.75999999999999,6.8,24.233469,0,1,7
2024-07-16 01:00:00,22.895,73.4,0.1,15.1614524,1,1,7
2024-07-16 02:00:00,25.203333333333333,73.04,0.0,13.9808475,2,1,7
2024-07-16 03:00:00,28.35666666666667,73.04,0.0,13.8565733,3,1,7
2024-07-16 04:00:00,25.823333333333334,72.68,0.0,11.9303232,4,1,7
2024-07-16 05:00:00,23.521666666666665,72.5,0.0,10.8739925,5,1,7
2024-07-16 06:00:00,21.02,72.68,0.0,10.2526215,6,1,7
2024-07-16 07:00:00,17.50166666666667,74.66,0.0,9.5691134,7,1,7
2024-07-16 08:00:00,15.0,73.94,0.0,12.675968399999999,8,1,7
2024-07-16 09:00:00,15.681666666666667,75.92,0.0,13.1109281,9,1,7
2024-07-16 10:00:00,17.883333333333333,78.44,0.0,13.297339399999998,10,1,7
2024-07-16 11:00:00,17.388333333333332,80.96,0.0,11.8681861,11,1,7
2024-07-16 12:00:00,16.02,83.3,0.0,11.992460300000001,12,1,7
2024-07-16 13:00:00,17.163333333333334,85.1,0.1,12.8623797,13,1,7
2024-07-16 14:00:00,17.18,85.28,0.1,12.8623797,14,1,7
2024-07-16 15:00:00,15.205,86.36,0.1,12.1167345,15,1,7
2024-07-16 16:00:00,13.521666666666667,86.72,0.0,8.077823,16,1,7
2024-07-16 17:00:00,12.043333333333331,78.44,0.0,16.777017,17,1,7
2024-07-16 18:00:00,14.886666666666665,76.64,0.0,10.811855399999999,18,1,7
2024-07-16 19:00:00,17.616666666666667,75.2,0.0,9.8176618,19,1,7
2024-07-16 20:00:00,18.183333333333334,74.3,0.0,6.337984199999999,20,1,7
2024-07-16 21:00:00,19.205000000000002,73.04,0.0,10.1283473,21,1,7
2024-07-16 22:00:00,19.613333333333333,72.5,0.0,9.6312505,22,1,7
2024-07-16 23:00:00,22.06833333333333,72.32,0.0,5.9030245,23,1,7
2024-07-17 00:00:00,24.203333333333333,72.32,0.0,6.027298699999999,0,2,7
2024-07-17 01:00:00,24.59166666666667,72.32,0.0,2.7961695,1,2,7
2024-07-17 02:00:00,25.393333333333334,72.14,0.1,4.7845567,2,2,7
2024-07-17 03:00:00,24.53333333333333,70.52,0.0,4.411734099999999,3,2,7
2024-07-17 04:00:00,24.81833333333333,70.52,0.0,6.0894358,4,2,7
2024-07-17 05:00:00,22.636666666666667,69.25999999999999,0.0,8.699194,5,2,7
2024-07-17 06:00:00,20.226666666666667,69.08,0.0,9.6312505,6,2,7
2024-07-17 07:00:00,16.705000000000002,69.98,0.0,10.004073100000001,7,2,7
2024-07-17 08:00:00,14.660000000000002,72.14,0.0,10.1283473,8,2,7
2024-07-17 09:00:00,15.0,74.48,0.0,9.6312505,9,2,7
2024-07-17 10:00:00,16.591666666666665,76.46,0.0,9.8797989,10,2,7
2024-07-17 11:00:00,17.161666666666665,78.44,0.0,10.501169899999999,11,2,7
2024-07-17 12:00:00,17.503333333333334,79.34,0.0,10.314758600000001,12,2,7
2024-07-17 13:00:00,17.046666666666667,77.9,0.0,10.6875812,13,2,7
2024-07-17 14:00:00,16.363333333333333,74.48,0.1,12.4895571,14,2,7
2024-07-17 15:00:00,15.453333333333333,73.04,0.0,11.246815100000001,15,2,7
2024-07-17 16:00:00,13.066666666666668,72.5,0.0,12.7381055,16,2,7
2024-07-17 17:00:00,11.931666666666667,70.88,0.0,12.1788716,17,2,7
2024-07-17 18:00:00,15.0,70.52,0.0,10.2526215,18,2,7
2024-07-17 19:00:00,17.956666666666667,68.9,0.0,10.2526215,19,2,7
2024-07-17 20:00:00,17.503333333333334,68.36,0.2,9.4448392,20,2,7
2024-07-17 21:00:00,18.875,67.28,0.1,8.947742400000001,21,2,7
2024-07-17 22:00:00,19.986666666666668,67.46,0.0,9.8176618,22,2,7
2024-07-17 23:00:00,22.013333333333335,66.56,0.0,10.4390328,23,2,7
2024-07-18 00:00:00,23.295,65.84,0.0,12.2410087,0,3,7
2024-07-18 01:00:00,23.611666666666665,64.75999999999999,0.0,12.924516800000001,1,3,7
2024-07-18 02:00:00,25.535,64.04,0.0,12.054597399999999,2,3,7
2024-07-18 03:00:00,26.228333333333335,63.5,0.0,11.6196377,3,3,7
2024-07-18 04:00:00,25.709999999999997,62.959999999999994,0.0,11.557500600000001,4,3,7
2024-07-18 05:00:00,22.59,62.6,0.0,11.743911899999999,5,3,7
2024-07-18 06:00:00,20.226666666666667,62.6,0.0,11.184678,6,3,7
2024-07-18 07:00:00,16.93166666666667,64.22,0.0,12.054597399999999,7,3,7
2024-07-18 08:00:00,14.32,66.56,0.0,16.839154100000002,8,3,7
2024-07-18 09:00:00,15.343333333333334,67.46,0.0,15.3478637,9,3,7
2024-07-18 10:00:00,17.503333333333334,68.0,0.1,14.4779443,10,3,7
2024-07-18 11:00:00,17.161666666666665,68.36,0.0,13.8565733,11,3,7
2024-07-18 12:00:00,16.935,68.54,0.0,13.608024899999998,12,3,7
2024-07-18 13:00:00,17.048333333333336,68.54,0.0,12.42742,13,3,7
2024-07-18 14:00:00,16.82,68.9,0.0,10.6875812,14,3,7
2024-07-18 15:00:00,15.341666666666667,69.25999999999999,0.0,9.1962908,15,3,7
2024-07-18 16:00:00,13.408333333333333,69.25999999999999,0.0,8.5749198,16,3,7
2024-07-18 17:00:00,12.134,69.25999999999999,0.0,8.823468199999999,17,3,7
2024-07-18 18:00:00,15.0,69.08,0.0,9.1962908,18,3,7
2024-07-18 19:00:00,17.616666666666667,68.36,0.0,7.1457665,19,3,7
2024-07-18 20:00:00,17.39,66.38,0.0,5.0952421999999995,20,3,7
2024-07-18 21:00:00,18.75,64.4,0.0,4.411734099999999,21,3,7
2024-07-18 22:00:00,19.99833333333333,64.58,0.0,3.3554034,22,3,7
2024-07-18 23:00:00,21.478333333333335,66.2,0.0,0.9320565000000001,23,3,7
2024-07-19 00:00:00,23.361666666666665,64.22,0.0,2.3612098,0,4,7
2024-07-19 01:00:00,23.938333333333333,60.62,0.0,3.3554034,1,4,7
2024-07-19 02:00:00,27.231666666666666,59.18,0.0,4.4738712000000005,2,4,7
2024-07-19 03:00:00,24.301666666666666,58.459999999999994,0.0,4.6602825,3,4,7
2024-07-19 04:00:00,26.328333333333333,57.74,0.0,5.4059276999999994,4,4,7
2024-07-19 05:00:00,22.15833333333333,56.84,0.0,6.027298699999999,5,4,7
2024-07-19 06:00:00,20.224999999999998,57.02,0.0,6.21371,6,4,7
2024-07-19 07:00:00,17.388333333333332,60.08,0.0,4.9088309,7,4,7
2024-07-19 08:00:00,14.886666666666665,64.4,0.0,4.2874599,8,4,7
2024-07-19 09:00:00,16.24833333333333,68.72,0.0,4.7224196,9,4,7
2024-07-19 10:00:00,17.615,71.24000000000001,0.0,3.1689920999999996,10,4,7
2024-07-19 11:00:00,17.39,72.86,0.0,0.9320565000000001,11,4,7
2024-07-19 12:00:00,16.981666666666666,74.3,0.0,3.6039518,12,4,7
2024-07-19 13:00:00,16.935,75.02,0.0,6.0894358,13,4,7
2024-07-19 14:00:00,16.709999999999997,74.66,0.0,11.8681861,14,4,7
2024-07-19 15:00:00,15.113333333333335,74.48,0.0,13.4216136,15,4,7
2024-07-19 16:00:00,13.863333333333335,74.84,0.0,10.625444100000001,16,4,7
2024-07-19 17:00:00,14.068333333333333,74.84,0.0,10.2526215,17,4,7
2024-07-19 18:00:00,15.339999999999998,74.3,0.0,10.6875812,18,4,7
2024-07-19 19:00:00,17.843333333333334,73.58,0.0,10.314758600000001,19,4,7
2024-07-19 20:00:00,18.07,71.06,0.0,7.5807262,20,4,7
2024-07-19 21:00:00,18.41,69.44,0.0,6.9593552,21,4,7
2024-07-19 22:00:00,20.224999999999998,67.64,0.0,5.716613199999999,22,4,7
2024-07-19 23:00:00,20.338333333333335,66.38,0.0,4.6602825,23,4,7
2024-07-20 00:00:00,22.671666666666667,66.02,0.0,5.2195164,0,5,7
2024-07-20 01:00:00,24.42833333333333,64.75999999999999,0.0,6.21371,1,5,7
2024-07-20 02:00:00,25.846666666666664,64.75999999999999,0.0,5.2816535,2,5,7
2024-07-20 03:00:00,24.400000000000002,63.5,0.0,5.592339,3,5,7
2024-07-20 04:00:00,26.165000000000003,62.42,0.0,6.0894358,4,5,7
2024-07-20 05:00:00,21.96666666666667,61.16,0.0,5.716613199999999,5,5,7
2024-07-20 06:00:00,23.501666666666665,60.62,0.0,4.5360083,6,5,7
2024-07-20 07:00:00,21.820000000000004,62.6,0.0,3.6039518,7,5,7
2024-07-20 08:00:00,21.626666666666665,66.56,0.0,2.9204437000000003,8,5,7
2024-07-20 09:00:00,20.851666666666667,69.98,0.0,3.3554034,9,5,7
2024-07-20 10:00:00,18.863333333333333,73.22,0.0,2.9204437000000003,10,5,7
2024-07-20 11:00:00,17.388333333333332,75.02,0.0,2.7340324000000003,11,5,7
2024-07-20 12:00:00,17.275000000000002,76.1,0.0,4.411734099999999,12,5,7
2024-07-20 13:00:00,17.3875,76.28,0.0,6.9593552,13,5,7
2024-07-20 14:00:00,16.476666666666667,75.92,0.0,9.1962908,14,5,7
2024-07-20 15:00:00,17.16,75.92,0.0,9.6312505,15,5,7
2024-07-20 16:00:00,16.59,75.92,0.0,8.823468199999999,16,5,7
2024-07-20 17:00:00,15.908333333333333,76.1,0.0,7.5185891,17,5,7
2024-07-20 18:00:00,15.566666666666668,76.28,0.0,6.027298699999999,18,5,7
2024-07-20 19:00:00,15.453333333333333,75.56,0.0,5.2816535,19,5,7
2024-07-20 20:00:00,16.81833333333333,72.14,0.0,4.5981454,20,5,7
2024-07-20 21:00:00,17.5,69.98,0.0,3.5418147,21,5,7
2024-07-20 22:00:00,18.75,69.08,0.0,3.8525002,22,5,7
2024-07-20 23:00:00,19.658333333333335,67.82,0.0,4.0389115,23,5,7
2024-07-21 00:00:00,20.293333333333333,66.92,0.0,5.0952421999999995,0,6,7
2024-07-21 01:00:00,24.436666666666667,65.3,0.0,4.7224196,1,6,7
2024-07-21 02:00:00,23.761666666666667,64.22,0.0,4.4738712000000005,2,6,7
2024-07-21 03:00:00,24.67,63.68,0.0,4.2874599,3,6,7
2024-07-21 04:00:00,25.668333333333333,62.78,0.0,3.6039518,4,6,7
2024-07-21 05:00:00,22.64833333333333,62.6,0.0,4.411734099999999,5,6,7
2024-07-21 06:00:00,23.263333333333335,62.959999999999994,0.0,4.5360083,6,6,7
2024-07-21 07:00:00,21.763333333333335,65.12,0.0,3.4796776,7,6,7
2024-07-21 08:00:00,22.28333333333333,68.0,0.0,1.8019759,8,6,7
2024-07-21 09:00:00,21.705,71.24000000000001,0.0,1.4291532999999998,9,6,7
2024-07-21 10:00:00,19.863333333333333,74.3,0.0,0.0,10,6,7
2024-07-21 11:00:00,19.203333333333333,76.28,0.0,2.8583065999999997,11,6,7
2024-07-21 12:00:00,18.183333333333334,77.54,0.0,4.5360083,12,6,7
2024-07-21 13:00:00,18.296666666666667,78.62,0.0,5.4059276999999994,13,6,7
2024-07-21 14:00:00,17.73,78.62,0.0,6.2758471,14,6,7
2024-07-21 15:00:00,17.43,79.16,0.0,6.2758471,15,6,7
2024-07-21 16:00:00,17.276666666666667,78.98,0.0,6.7729439000000005,16,6,7
2024-07-21 17:00:00,18.07,78.44,0.0,7.3943149,17,6,7
2024-07-21 18:00:00,18.07,76.1,0.0,10.749718300000001,18,6,7
2024-07-21 19:00:00,18.636666666666667,73.75999999999999,0.0,9.5069763,19,6,7
2024-07-21 20:00:00,20.226666666666667,71.96,0.0,5.716613199999999,20,6,7
2024-07-21 21:00:00,20.338333333333335,70.52,0.0,5.7787503000000005,21,6,7
2024-07-21 22:00:00,21.421666666666667,69.98,0.0,5.9030245,22,6,7
2024-07-21 23:00:00,21.71666666666667,69.08,0.0,5.530201900000001,23,6,7
2024-07-22 00:00:00,21.933333333333334,68.9,0.0,6.027298699999999,0,0,7
2024-07-22 01:00:00,25.113333333333333,68.72,0.0,5.0952421999999995,1,0,7
2024-07-22 02:00:00,24.075,67.82,0.0,4.8466938,2,0,7
2024-07-22 03:00:00,24.87,67.46,0.0,4.5360083,3,0,7
2024-07-22 04:00:00,24.045,66.92,0.0,2.9204437000000003,4,0,7
2024-07-22 05:00:00,23.46666666666667,66.02,0.0,4.4738712000000005,5,0,7
2024-07-22 06:00:00,20.566666666666666,66.38,0.0,4.5360083,6,0,7
2024-07-22 07:00:00,17.955000000000002,69.08,0.0,5.1573793000000006,7,0,7
2024-07-22 08:00:00,15.113333333333335,71.42,0.0,5.1573793000000006,8,0,7
2024-07-22 09:00:00,16.476666666666667,72.86,0.0,4.7224196,9,0,7
2024-07-22 10:00:00,17.956666666666667,73.94,0.3,5.716613199999999,10,0,7
2024-07-22 11:00:00,17.73,74.48,0.2,7.1457665,11,0,7
2024-07-22 12:00:00,17.491666666666667,75.02,0.0,8.077823,12,0,7
2024-07-22 13:00:00,17.39,75.38,0.0,9.0098795,13,0,7
2024-07-22 14:00:00,17.05,75.2,0.0,10.2526215,14,0,7
2024-07-22 15:00:00,15.318333333333333,75.02,0.0,10.625444100000001,15,0,7
2024-07-22 16:00:00,13.748333333333333,74.3,0.0,10.314758600000001,16,0,7
2024-07-22 17:00:00,12.951666666666666,73.94,0.0,9.134153699999999,17,0,7
2024-07-22 18:00:00,15.795,73.22,0.0,8.077823,18,0,7
2024-07-22 19:00:00,18.183333333333334,71.96,0.0,7.3321778,19,0,7
2024-07-22 20:00:00,17.843333333333334,73.04,0.0,1.8019759,20,0,7
2024-07-22 21:00:00,19.31833333333333,71.42,0.0,3.1689920999999996,21,0,7
2024-07-22 22:00:00,20.565,69.8,0.0,3.3554034,22,0,7
2024-07-22 23:00:00,21.956666666666667,69.08,0.0,2.8583065999999997,23,0,7
2024-07-23 00:00:00,24.43166666666667,67.82,0.0,3.2311292000000003,0,1,7
2024-07-23 01:00:00,24.44333333333333,67.1,0.0,2.9825808,1,1,7
2024-07-23 02:00:00,25.070000000000004,66.56,0.0,4.1010485999999995,2,1,7
2024-07-23 03:00:00,23.926666666666666,66.02,0.0,4.2874599,3,1,7
2024-07-23 04:00:00,26.02333333333333,65.3,0.0,3.6660889,4,1,7
2024-07-23 05:00:00,22.66,64.75999999999999,0.0,3.7282260000000003,5,1,7
2024-07-23 06:00:00,20.453333333333333,64.58,0.0,3.8525002,6,1,7
2024-07-23 07:00:00,17.275000000000002,66.02,0.0,3.9767744,7,1,7
2024-07-23 08:00:00,14.886666666666665,71.42,0.0,5.2816535,8,1,7
2024-07-23 09:00:00,15.793333333333331,75.74000000000001,0.0,6.7729439000000005,9,1,7
2024-07-23 10:00:00,17.871666666666666,78.08,0.1,7.8914117,10,1,7
2024-07-23 11:00:00,17.73,80.06,0.1,8.637056900000001,11,1,7
2024-07-23 12:00:00,17.163333333333334,82.04,0.0,9.258427900000001,12,1,7
2024-07-23 13:00:00,17.39,83.12,0.1,9.8176618,13,1,7
2024-07-23 14:00:00,17.048333333333336,84.02,0.0,10.6875812,14,1,7
2024-07-23 15:00:00,15.339999999999998,84.91999999999999,0.0,12.365282899999999,15,1,7
2024-07-23 16:00:00,13.521666666666667,85.28,0.0,14.8507669,16,1,7
2024-07-23 17:00:00,12.270000000000001,76.64,0.8,12.924516800000001,17,1,7
2024-07-23 18:00:00,15.318333333333333,77.9,0.0,7.3321778,18,1,7
2024-07-23 19:00:00,16.93,78.08,0.0,7.0214923,19,1,7
2024-07-23 20:00:00,17.161666666666665,71.42,1.2,12.4895571,20,1,7
2024-07-23 21:00:00,19.635,70.88,0.0,8.202097199999999,21,1,7
2024-07-23 22:00:00,20.565,69.98,0.0,6.8972181,22,1,7
2024-07-23 23:00:00,22.251666666666665,69.8,0.0,6.7108068,23,1,7
2024-07-24 00:00:00,23.01,69.8,0.0,5.840887400000001,0,2,7
2024-07-24 01:00:00,23.705,69.44,0.0,5.530201900000001,1,2,7
2024-07-24 02:00:00,25.111666666666665,68.54,0.0,8.077823,2,2,7
2024-07-24 03:00:00,24.34166666666667,68.36,0.0,7.7671375000000005,3,2,7
2024-07-24 04:00:00,24.09166666666667,68.0,0.0,7.5185891,4,2,7
2024-07-24 05:00:00,22.771666666666665,67.28,0.0,6.9593552,5,2,7
2024-07-24 06:00:00,20.906666666666666,67.28,0.0,7.8292746,6,2,7
2024-07-24 07:00:00,17.046666666666667,67.64,0.0,8.637056900000001,7,2,7
2024-07-24 08:00:00,14.433333333333332,69.98,0.0,7.5185891,8,2,7
2024-07-24 09:00:00,15.591666666666667,71.24000000000001,0.0,8.699194,9,2,7
2024-07-24 10:00:00,17.843333333333334,71.96,0.1,8.947742400000001,10,2,7
2024-07-24 11:00:00,17.39,71.78,0.1,9.5069763,11,2,7
2024-07-24 12:00:00,17.048333333333336,71.78,0.1,8.512782699999999,12,2,7
2024-07-24 13:00:00,17.163333333333334,71.6,0.1,7.6428633,13,2,7
2024-07-24 14:00:00,16.705000000000002,70.88,0.1,9.0098795,14,2,7
2024-07-24 15:00:00,16.02,71.78,0.1,7.8292746,15,2,7
2024-07-24 16:00:00,13.521666666666667,70.34,0.1,9.941936,16,2,7
2024-07-24 17:00:00,12.270000000000001,70.16,0.0,9.941936,17,2,7
2024-07-24 18:00:00,15.0,69.44,0.0,11.557500600000001,18,2,7
2024-07-24 19:00:00,17.803333333333335,68.36,0.0,10.563307,19,2,7
2024-07-24 20:00:00,17.956666666666667,68.72,0.0,7.8914117,20,2,7
2024-07-24 21:00:00,19.203333333333333,68.0,0.0,6.337984199999999,21,2,7
2024-07-24 22:00:00,19.885,67.28,0.0,6.151572900000001,22,2,7
2024-07-24 23:00:00,21.93166666666667,66.74000000000001,0.0,5.592339,23,2,7
2024-07-25 00:00:00,22.76,66.02,0.0,5.530201900000001,0,3,7
2024-07-25 01:00:00,23.625,65.66,0.0,6.21371,1,3,7
2024-07-25 02:00:00,24.2,65.3,0.0,6.4622584000000005,2,3,7
2024-07-25 03:00:00,24.611666666666665,65.12,0.0,6.9593552,3,3,7
2024-07-25 04:00:00,24.433333333333334,64.94,0.0,7.4564520000000005,4,3,7
2024-07-25 05:00:00,22.386666666666667,64.75999999999999,0.0,7.3943149,5,3,7
2024-07-25 06:00:00,20.673333333333332,64.94,0.0,7.9535488,6,3,7
2024-07-25 07:00:00,17.158333333333335,67.28,0.0,8.3885085,7,3,7
2024-07-25 08:00:00,14.433333333333332,69.08,0.0,9.8797989,8,3,7
2024-07-25 09:00:00,15.566666666666668,69.8,0.0,10.563307,9,3,7
2024-07-25 10:00:00,17.273333333333333,70.52,0.0,10.3768957,10,3,7
2024-07-25 11:00:00,17.503333333333334,71.06,0.0,10.1283473,11,3,7
2024-07-25 12:00:00,17.048333333333336,71.6,0.0,10.4390328,12,3,7
2024-07-25 13:00:00,17.39,71.96,0.0,10.811855399999999,13,3,7
2024-07-25 14:00:00,17.025000000000002,72.14,0.0,9.6312505,14,3,7
2024-07-25 15:00:00,16.023333333333333,71.96,0.0,8.699194,15,3,7
2024-07-25 16:00:00,13.520000000000001,72.14,0.0,9.1962908,16,3,7
2024-07-25 17:00:00,12.496666666666664,71.78,0.0,9.6933876,17,3,7
2024-07-25 18:00:00,15.453333333333333,71.06,0.0,10.1283473,18,3,7
2024-07-25 19:00:00,17.616666666666667,69.8,0.0,9.8176618,19,3,7
2024-07-25 20:00:00,17.616666666666667,68.18,0.0,8.5749198,20,3,7
2024-07-25 21:00:00,18.591666666666665,66.92,0.0,7.6428633,21,3,7
2024-07-25 22:00:00,19.565,66.2,0.0,6.7729439000000005,22,3,7
2024-07-25 23:00:00,21.25166666666667,65.48,0.0,6.21371,23,3,7
2024-07-26 00:00:00,23.179999999999996,65.12,0.0,6.4001213,0,4,7
2024-07-26 01:00:00,23.855,65.12,0.0,7.1457665,1,4,7
2024-07-26 02:00:00,25.113333333333333,64.22,0.0,6.8972181,2,4,7
2024-07-26 03:00:00,24.186666666666667,62.6,0.0,6.5243955,3,4,7
2024-07-26 04:00:00,25.261666666666667,61.34,0.0,5.3437906,4,4,7
2024-07-26 05:00:00,22.046666666666667,65.3,0.0,2.7340324000000003,5,4,7
2024-07-26 06:00:00,19.885,63.68,0.0,1.3048791,6,4,7
2024-07-26 07:00:00,17.388333333333332,62.24,0.0,1.4291532999999998,7,4,7
2024-07-26 08:00:00,15.226666666666667,65.3,0.0,2.4233469,8,4,7
2024-07-26 09:00:00,16.25,68.0,0.0,3.2311292000000003,9,4,7
2024-07-26 10:00:00,17.668333333333333,70.52,0.0,4.8466938,10,4,7
2024-07-26 11:00:00,17.73,72.68,0.0,6.5865326,11,4,7
2024-07-26 12:00:00,17.276666666666667,74.48,0.0,7.2700407,12,4,7
2024-07-26 13:00:00,17.163333333333334,75.74000000000001,0.0,7.7050004,13,4,7
2024-07-26 14:00:00,17.161666666666665,76.46,0.0,7.8914117,14,4,7
2024-07-26 15:00:00,15.341666666666667,76.82,0.0,8.7613311,15,4,7
2024-07-26 16:00:00,14.205,77.18,0.0,7.4564520000000005,16,4,7
2024-07-26 17:00:00,14.091666666666667,77.36,0.0,6.835081,17,4,7
2024-07-26 18:00:00,15.681666666666667,76.82,0.0,8.512782699999999,18,4,7
2024-07-26 19:00:00,17.388333333333332,75.38,0.0,9.0098795,19,4,7
2024-07-26 20:00:00,17.503333333333334,72.32,0.0,7.8914117,20,4,7
2024-07-26 21:00:00,19.09,71.06,0.0,8.3885085,21,4,7
2024-07-26 22:00:00,19.18,70.34,0.0,7.7050004,22,4,7
2024-07-26 23:00:00,20.213333333333335,69.8,0.0,7.7671375000000005,23,4,7
2024-07-27 00:00:00,22.03333333333333,69.08,0.0,7.2079036,0,5,7
2024-07-27 01:00:00,23.85166666666667,68.9,0.0,7.7671375000000005,1,5,7
2024-07-27 02:00:00,25.745,67.46,0.0,7.8292746,2,5,7
2024-07-27 03:00:00,24.38,65.66,0.0,7.4564520000000005,3,5,7
2024-07-27 04:00:00,25.541666666666668,64.22,0.0,6.4622584000000005,4,5,7
2024-07-27 05:00:00,23.613333333333333,62.78,0.0,5.6544761,5,5,7
2024-07-27 06:00:00,22.84166666666667,63.14,0.0,6.7108068,6,5,7
2024-07-27 07:00:00,22.433333333333334,66.02,0.0,6.5865326,7,5,7
2024-07-27 08:00:00,21.81833333333333,68.36,0.0,6.8972181,8,5,7
2024-07-27 09:00:00,20.453333333333333,71.6,0.0,7.3321778,9,5,7
2024-07-27 10:00:00,18.540000000000003,75.38,0.0,8.512782699999999,10,5,7
2024-07-27 11:00:00,18.183333333333334,78.25999999999999,0.0,9.7555247,11,5,7
2024-07-27 12:00:00,17.843333333333334,79.88,0.0,10.4390328,12,5,7
2024-07-27 13:00:00,17.616666666666667,80.78,0.0,10.811855399999999,13,5,7
2024-07-27 14:00:00,17.503333333333334,81.68,0.0,10.6875812,14,5,7
2024-07-27 15:00:00,17.353333333333335,82.4,0.0,11.4953635,15,5,7
2024-07-27 16:00:00,17.161666666666665,82.22,0.0,11.743911899999999,16,5,7
2024-07-27 17:00:00,17.276666666666667,80.96,0.0,12.1167345,17,5,7
2024-07-27 18:00:00,17.503333333333334,79.16,0.0,12.1167345,18,5,7
2024-07-27 19:00:00,17.161666666666665,77.36,0.0,10.9982667,19,5,7
2024-07-27 20:00:00,17.39,75.2,0.0,9.258427900000001,20,5,7
2024-07-27 21:00:00,18.976666666666667,74.3,0.0,7.1457665,21,5,7
2024-07-27 22:00:00,19.146666666666665,72.68,0.0,7.4564520000000005,22,5,7
2024-07-27 23:00:00,19.885,70.88,0.0,7.3943149,23,5,7
2024-07-28 00:00:00,21.59,69.8,0.0,6.7108068,0,6,7
2024-07-28 01:00:00,21.723333333333333,68.54,0.0,6.027298699999999,1,6,7
2024-07-28 02:00:00,23.153333333333332,68.36,0.0,5.2816535,2,6,7
2024-07-28 03:00:00,24.209999999999997,68.54,0.0,5.3437906,3,6,7
2024-07-28 04:00:00,23.53333333333333,69.25999999999999,0.0,6.151572900000001,4,6,7
2024-07-28 05:00:00,22.78333333333333,69.62,0.0,7.5807262,5,6,7
2024-07-28 06:00:00,23.18166666666667,69.08,1.3,7.7050004,6,6,7
2024-07-28 07:00:00,21.47666666666667,69.08,1.6,7.2079036,7,6,7
2024-07-28 08:00:00,20.68,69.62,3.4,5.3437906,8,6,7
2024-07-28 09:00:00,20.49833333333333,70.88,2.9,7.3321778,9,6,7
2024-07-28 10:00:00,19.544999999999998,73.22,0.3,9.5069763,10,6,7
2024-07-28 11:00:00,19.77,76.82,0.1,11.8681861,11,6,7
2024-07-28 12:00:00,18.37,79.52,0.0,9.941936,12,6,7
2024-07-28 13:00:00,18.41,81.32,0.0,10.3768957,13,6,7
2024-07-28 14:00:00,18.636666666666667,83.12,0.0,10.4390328,14,6,7
2024-07-28 15:00:00,17.273333333333333,81.5,0.2,9.1962908,15,6,7
2024-07-28 16:00:00,17.611666666666668,80.06,0.2,9.6312505,16,6,7
2024-07-28 17:00:00,18.125,81.14,0.0,9.3827021,17,6,7
2024-07-28 18:00:00,18.523333333333333,81.32,0.1,12.613831300000001,18,6,7
2024-07-28 19:00:00,19.125,78.08,0.1,9.8797989,19,6,7
2024-07-28 20:00:00,20.453333333333333,77.54,0.1,8.7613311,20,6,7
2024-07-28 21:00:00,20.11,76.28,0.1,11.184678,21,6,7
2024-07-28 22:00:00,20.908333333333335,75.02,0.0,10.9982667,22,6,7
2024-07-28 23:00:00,22.84,74.12,0.0,10.3768957,23,6,7
2024-07-29 00:00:00,21.933333333333334,73.4,0.0,11.122540899999999,0,0,7
2024-07-29 01:00:00,25.349999999999998,73.04,0.0,10.811855399999999,1,0,7
2024-07-29 02:00:00,25.891666666666666,72.14,0.0,9.4448392,2,0,7
2024-07-29 03:00:00,26.608333333333334,71.06,0.0,9.0098795,3,0,7
2024-07-29 04:00:00,25.811666666666667,70.16,0.0,8.823468199999999,4,0,7
2024-07-29 05:00:00,22.72666666666667,69.8,0.0,8.015685900000001,5,0,7
2024-07-29 06:00:00,20.885,69.62,0.0,7.8292746,6,0,7
2024-07-29 07:00:00,16.705000000000002,70.7,0.0,7.3943149,7,0,7
2024-07-29 08:00:00,14.660000000000002,74.12,0.5,8.2642343,8,0,7
2024-07-29 09:00:00,15.0,71.96,3.0,8.8856053,9,0,7
2024-07-29 10:00:00,17.046666666666667,71.78,3.0,12.1788716,10,0,7
2024-07-29 11:00:00,16.935,73.75999999999999,1.6,10.8739925,11,0,7
2024-07-29 12:00:00,17.276666666666667,74.84,2.3,12.986653899999999,12,0,7
2024-07-29 13:00:00,16.935,78.25999999999999,0.1,15.0371782,13,0,7
2024-07-29 14:00:00,17.048333333333336,80.6,0.1,20.4431059,14,0,7
2024-07-29 15:00:00,15.453333333333333,78.08,0.8,11.992460300000001,15,0,7
2024-07-29 16:00:00,13.520000000000001,80.6,0.1,12.303145800000001,16,0,7
2024-07-29 17:00:00,13.1675,80.78,0.1,11.122540899999999,17,0,7
2024-07-29 18:00:00,15.521666666666667,81.14,0.0,8.947742400000001,18,0,7
2024-07-29 19:00:00,18.03,80.24000000000001,0.0,5.9030245,19,0,7
2024-07-29 20:00:00,17.843333333333334,74.3,0.1,3.4796776,20,0,7
2024-07-29 21:00:00,18.638333333333332,73.58,0.0,4.411734099999999,21,0,7
2024-07-29 22:00:00,21.021666666666665,72.86,0.0,5.4059276999999994,22,0,7
2024-07-29 23:00:00,21.820000000000004,72.14,0.0,5.2195164,23,0,7
2024-07-30 00:00:00,23.421666666666667,71.6,0.0,5.4059276999999994,0,1,7
2024-07-30 01:00:00,22.118333333333336,70.88,0.0,4.5981454,1,1,7
2024-07-30 02:00:00,25.01,70.16,0.0,4.9088309,2,1,7
2024-07-30 03:00:00,23.623333333333335,69.62,0.0,4.8466938,3,1,7
2024-07-30 04:00:00,24.546666666666667,69.08,0.0,5.4059276999999994,4,1,7
2024-07-30 05:00:00,23.296666666666667,68.54,0.0,5.840887400000001,5,1,7
2024-07-30 06:00:00,19.771666666666665,68.36,0.0,6.2758471,6,1,7
2024-07-30 07:00:00,17.158333333333335,69.98,0.0,5.0331051,7,1,7
2024-07-30 08:00:00,14.206666666666669,73.4,0.0,5.530201900000001,8,1,7
2024-07-30 09:00:00,15.228333333333333,76.82,0.0,4.349597,9,1,7
2024-07-30 10:00:00,17.435,79.7,0.0,3.3554034,10,1,7
2024-07-30 11:00:00,17.503333333333334,81.86,0.0,0.6835081000000001,11,1,7
2024-07-30 12:00:00,16.82,83.3,0.0,4.2874599,12,1,7
2024-07-30 13:00:00,17.275000000000002,83.48,0.0,4.970968,13,1,7
2024-07-30 14:00:00,16.25,84.38000000000001,0.0,5.4059276999999994,14,1,7
2024-07-30 15:00:00,14.660000000000002,84.74,0.0,5.6544761,15,1,7
2024-07-30 16:00:00,12.386666666666665,84.91999999999999,0.0,8.326371400000001,16,1,7
2024-07-30 17:00:00,9.546666666666667,84.91999999999999,0.0,7.6428633,17,1,7
2024-07-30 18:00:00,11.705,84.91999999999999,0.0,6.835081,18,1,7
2024-07-30 19:00:00,16.935,84.2,0.0,5.840887400000001,19,1,7
2024-07-30 20:00:00,18.523333333333333,80.96,0.0,6.7108068,20,1,7
2024-07-30 21:00:00,20.224999999999998,80.06,0.0,6.027298699999999,21,1,7
2024-07-30 22:00:00,20.455000000000002,78.98,0.0,7.1457665,22,1,7
2024-07-30 23:00:00,21.84166666666667,77.54,0.0,7.4564520000000005,23,1,7
2024-07-31 00:00:00,22.906666666666666,76.28,0.0,7.0214923,0,2,7
2024-07-31 01:00:00,24.27333333333333,75.02,0.0,7.3321778,1,2,7
2024-07-31 02:00:00,27.221666666666668,74.3,0.0,8.1399601,2,2,7
2024-07-31 03:00:00,25.386666666666667,73.4,0.0,6.337984199999999,3,2,7
2024-07-31 04:00:00,26.393333333333334,72.5,0.0,6.0894358,4,2,7
2024-07-31 05:00:00,22.885,71.78,0.0,6.21371,5,2,7
2024-07-31 06:00:00,20.798333333333332,71.42,0.0,7.2700407,6,2,7
2024-07-31 07:00:00,17.385,72.86,0.0,4.4738712000000005,7,2,7
2024-07-31 08:00:00,13.976666666666667,75.38,0.0,9.6312505,8,2,7
2024-07-31 09:00:00,14.770000000000001,75.74000000000001,1.1,13.9187104,9,2,7
2024-07-31 10:00:00,16.933333333333334,74.3,1.1,7.8292746,10,2,7
2024-07-31 11:00:00,17.161666666666665,77.54,0.4,9.6312505,11,2,7
2024-07-31 12:00:00,16.476666666666667,81.68,0.0,5.9030245,12,2,7
2024-07-31 13:00:00,16.363333333333333,85.28,0.0,4.970968,13,2,7
2024-07-31 14:00:00,14.931666666666667,87.98,0.0,8.077823,14,2,7
2024-07-31 15:00:00,13.523333333333333,89.24,0.0,9.8797989,15,2,7
2024-07-31 16:00:00,10.681666666666667,88.52,0.2,9.3827021,16,2,7
2024-07-31 17:00:00,7.048333333333333,88.16,0.1,7.0214923,17,2,7
2024-07-31 18:00:00,5.908333333333334,87.44,0.0,6.337984199999999,18,2,7
2024-07-31 19:00:00,7.27,86.72,0.0,4.2874599,19,2,7
2024-07-31 20:00:00,13.408333333333333,82.22,0.0,8.015685900000001,20,2,7
2024-07-31 21:00:00,17.273333333333333,80.96,0.0,9.4448392,21,2,7
2024-07-31 22:00:00,17.908333333333335,78.8,0.0,8.326371400000001,22,2,7
2024-07-31 23:00:00,19.43166666666667,77.54,0.0,6.7108068,23,2,7
2024-08-01 00:00:00,23.455,76.64,0.0,6.648669699999999,0,3,8
2024-08-01 01:00:00,24.68166666666667,75.38,0.0,4.4738712000000005,1,3,8
2024-08-01 02:00:00,23.618333333333336,74.84,0.0,7.3943149,2,3,8
2024-08-01 03:00:00,24.865,74.48,0.0,6.5865326,3,3,8
2024-08-01 04:00:00,25.400000000000002,74.12,0.0,4.970968,4,3,8
2024-08-01 05:00:00,23.09166666666667,73.94,0.0,9.0098795,5,3,8
2024-08-01 06:00:00,20.186666666666667,73.58,0.0,4.7845567,6,3,8
2024-08-01 07:00:00,16.81833333333333,75.02,0.0,2.9204437000000003,7,3,8
2024-08-01 08:00:00,13.979999999999999,76.46,0.3,7.0836294,8,3,8
2024-08-01 09:00:00,15.339999999999998,77.0,0.6,4.7845567,9,3,8
2024-08-01 10:00:00,16.886666666666667,78.08,0.1,4.2874599,10,3,8
2024-08-01 11:00:00,16.82,78.44,0.0,5.2195164,11,3,8
2024-08-01 12:00:00,16.243333333333332,79.7,0.1,7.1457665,12,3,8
2024-08-01 13:00:00,15.0,82.04,0.0,8.823468199999999,13,3,8
2024-08-01 14:00:00,13.18,82.22,0.0,8.2642343,14,3,8
2024-08-01 15:00:00,11.93,84.2,0.0,7.1457665,15,3,8
2024-08-01 16:00:00,9.316666666666666,85.46000000000001,0.0,4.4738712000000005,16,3,8
2024-08-01 17:00:00,8.408333333333333,85.64,0.0,4.5981454,17,3,8
2024-08-01 18:00:00,13.525,80.24000000000001,1.0,9.1962908,18,3,8
2024-08-01 19:00:00,17.161666666666665,78.25999999999999,0.1,5.9651616,19,3,8
2024-08-01 20:00:00,16.82,76.46,0.6,9.1962908,20,3,8
2024-08-01 21:00:00,15.226666666666667,75.56,0.1,7.5807262,21,3,8
2024-08-01 22:00:00,8.471666666666666,73.22,5.9,6.337984199999999,22,3,8
2024-08-01 23:00:00,15.568333333333333,72.68,1.7,6.4622584000000005,23,3,8
2024-08-02 00:00:00,21.25,71.78,0.0,5.9030245,0,4,8
2024-08-02 01:00:00,22.671666666666667,71.96,0.0,6.027298699999999,1,4,8
2024-08-02 02:00:00,25.294999999999998,72.5,0.0,7.8292746,2,4,8
2024-08-02 03:00:00,22.75,72.68,0.0,8.5749198,3,4,8
2024-08-02 04:00:00,25.445000000000004,71.6,0.1,10.004073100000001,4,4,8
2024-08-02 05:00:00,23.06833333333333,71.24000000000001,0.0,9.1962908,5,4,8
2024-08-02 06:00:00,20.111666666666668,71.42,0.1,11.681774800000001,6,4,8
2024-08-02 07:00:00,17.046666666666667,71.42,0.0,7.0836294,7,4,8
2024-08-02 08:00:00,14.886666666666665,73.58,0.0,10.9982667,8,4,8
2024-08-02 09:00:00,16.133333333333333,72.5,0.1,11.681774800000001,9,4,8
2024-08-02 10:00:00,17.145,74.66,0.2,12.8002426,10,4,8
2024-08-02 11:00:00,17.048333333333336,76.28,0.1,12.5516942,11,4,8
2024-08-02 12:00:00,16.935,77.9,0.0,15.4721379,12,4,8
2024-08-02 13:00:00,16.474999999999998,77.36,0.0,16.3420573,13,4,8
2024-08-02 14:00:00,15.283333333333333,77.72,0.0,14.5400814,14,4,8
2024-08-02 15:00:00,13.295,77.9,0.0,13.9187104,15,4,8
2024-08-02 16:00:00,12.241666666666667,77.72,0.0,12.986653899999999,16,4,8
2024-08-02 17:00:00,12.271666666666667,77.0,0.0,10.8739925,17,4,8
2024-08-02 18:00:00,15.226666666666667,76.82,0.0,8.512782699999999,18,4,8
2024-08-02 19:00:00,17.163333333333334,76.28,0.0,7.2079036,19,4,8
2024-08-02 20:00:00,16.935,74.12,0.0,8.326371400000001,20,4,8
2024-08-02 21:00:00,16.080000000000002,72.86,0.0,7.3943149,21,4,8
2024-08-02 22:00:00,7.271666666666666,72.14,0.0,6.7108068,22,4,8
2024-08-02 23:00:00,13.408333333333333,71.24000000000001,0.0,6.027298699999999,23,4,8
2024-08-03 00:00:00,22.013333333333335,70.16,0.0,5.592339,0,5,8
2024-08-03 01:00:00,23.578333333333333,69.62,0.0,5.716613199999999,1,5,8
2024-08-03 02:00:00,25.893333333333334,69.98,0.0,6.0894358,2,5,8
2024-08-03 03:00:00,27.051666666666666,69.98,0.0,6.2758471,3,5,8
2024-08-03 04:00:00,26.2,69.44,0.0,5.4059276999999994,4,5,8
2024-08-03 05:00:00,23.99,69.25999999999999,0.0,5.530201900000001,5,5,8
2024-08-03 06:00:00,23.84166666666667,69.62,0.0,6.2758471,6,5,8
2024-08-03 07:00:00,22.613333333333333,72.5,0.0,5.840887400000001,7,5,8
2024-08-03 08:00:00,21.044999999999998,75.38,0.0,4.8466938,8,5,8
2024-08-03 09:00:00,19.43,77.9,0.0,5.4680648000000005,9,5,8
2024-08-03 10:00:00,18.44333333333333,79.7,0.0,5.7787503000000005,10,5,8
2024-08-03 11:00:00,17.616666666666667,80.42,0.0,6.5243955,11,5,8
2024-08-03 12:00:00,17.048333333333336,80.78,0.0,6.4622584000000005,12,5,8
2024-08-03 13:00:00,16.933333333333334,81.68,0.0,6.4622584000000005,13,5,8
2024-08-03 14:00:00,15.793333333333331,82.4,0.0,6.8972181,14,5,8
2024-08-03 15:00:00,13.75,82.75999999999999,0.0,6.648669699999999,15,5,8
2024-08-03 16:00:00,13.408333333333333,82.22,0.0,7.4564520000000005,16,5,8
2024-08-03 17:00:00,16.133333333333333,80.42,0.0,8.512782699999999,17,5,8
2024-08-03 18:00:00,15.683333333333332,79.7,0.0,10.190484399999999,18,5,8
2024-08-03 19:00:00,16.591666666666665,77.18,0.0,8.823468199999999,19,5,8
2024-08-03 20:00:00,15.805,75.02,0.0,8.202097199999999,20,5,8
2024-08-03 21:00:00,14.714999999999998,74.3,0.0,7.3943149,21,5,8
2024-08-03 22:00:00,8.608333333333333,73.75999999999999,0.0,7.0836294,22,5,8
2024-08-03 23:00:00,11.25,73.22,0.0,6.151572900000001,23,5,8
2024-08-04 00:00:00,21.146666666666665,72.14,0.0,5.4059276999999994,0,6,8
2024-08-04 01:00:00,21.97666666666667,70.88,0.0,4.2253228,1,6,8
2024-08-04 02:00:00,25.58,71.6,0.0,3.2311292000000003,2,6,8
2024-08-04 03:00:00,25.103333333333335,70.52,0.0,3.6039518,3,6,8
2024-08-04 04:00:00,25.165000000000003,69.25999999999999,0.0,4.2253228,4,6,8
2024-08-04 05:00:00,24.625,68.36,0.0,4.1010485999999995,5,6,8
2024-08-04 06:00:00,23.066666666666666,67.64,0.0,3.106855,6,6,8
2024-08-04 07:00:00,22.646666666666665,70.52,0.0,2.7340324000000003,7,6,8
2024-08-04 08:00:00,22.691666666666666,74.12,0.0,0.8699194,8,6,8
2024-08-04 09:00:00,20.921666666666667,77.0,0.0,2.2369356000000002,9,6,8
2024-08-04 10:00:00,18.863333333333333,79.16,0.0,4.7845567,10,6,8
2024-08-04 11:00:00,18.336666666666666,81.14,0.0,4.411734099999999,11,6,8
2024-08-04 12:00:00,17.843333333333334,82.94,0.0,6.0894358,12,6,8
2024-08-04 13:00:00,17.843333333333334,84.02,0.0,7.8914117,13,6,8
2024-08-04 14:00:00,16.900000000000002,84.91999999999999,0.0,8.3885085,14,6,8
2024-08-04 15:00:00,16.59,85.64,0.0,7.5185891,15,6,8
2024-08-04 16:00:00,16.935,86.0,0.0,7.5185891,16,6,8
2024-08-04 17:00:00,17.163333333333334,86.9,0.0,5.592339,17,6,8
2024-08-04 18:00:00,17.503333333333334,87.61999999999999,0.0,7.1457665,18,6,8
2024-08-04 19:00:00,17.73,86.18,0.0,7.2079036,19,6,8
2024-08-04 20:00:00,19.885,82.04,0.0,6.7729439000000005,20,6,8
2024-08-04 21:00:00,17.841666666666665,79.34,0.0,5.592339,21,6,8
2024-08-04 22:00:00,12.270000000000001,77.36,0.0,6.151572900000001,22,6,8
2024-08-04 23:00:00,18.523333333333333,76.46,0.1,8.2642343,23,6,8
2024-08-05 00:00:00,22.546666666666667,76.1,0.0,5.716613199999999,0,0,8
2024-08-05 01:00:00,24.47666666666667,76.28,0.0,7.7671375000000005,1,0,8
2024-08-05 02:00:00,24.83666666666667,75.56,0.0,8.077823,2,0,8
2024-08-05 03:00:00,23.113333333333333,75.02,0.0,6.648669699999999,3,0,8
2024-08-05 04:00:00,23.75,75.2,0.0,7.3943149,4,0,8
2024-08-05 05:00:00,23.295,74.84,0.0,7.0836294,5,0,8
2024-08-05 06:00:00,20.566666666666666,73.75999999999999,0.2,5.0952421999999995,6,0,8
2024-08-05 07:00:00,16.136666666666667,74.3,0.1,7.3321778,7,0,8
2024-08-05 08:00:00,13.866666666666667,73.58,4.2,16.9634283,8,0,8
2024-08-05 09:00:00,15.683333333333332,76.1,0.0,15.1614524,9,0,8
2024-08-05 10:00:00,17.615,79.88,0.0,12.613831300000001,10,0,8
2024-08-05 11:00:00,17.73,82.04,0.0,8.202097199999999,11,0,8
2024-08-05 12:00:00,16.933333333333334,84.2,0.0,3.9767744,12,0,8
2024-08-05 13:00:00,17.213333333333335,85.28,0.0,3.3554034,13,0,8
2024-08-05 14:00:00,17.161666666666665,83.48,0.0,9.3827021,14,0,8
2024-08-05 15:00:00,15.453333333333333,79.7,0.0,15.5964121,15,0,8
2024-08-05 16:00:00,13.406666666666666,75.74000000000001,0.0,16.155646,16,0,8
2024-08-05 17:00:00,11.25,74.3,0.0,15.4721379,17,0,8
2024-08-05 18:00:00,14.885,72.86,0.0,12.7381055,18,0,8
2024-08-05 19:00:00,17.843333333333334,70.88,0.0,10.004073100000001,19,0,8
2024-08-05 20:00:00,17.956666666666667,72.32,0.0,8.077823,20,0,8
2024-08-05 21:00:00,19.66,71.6,0.0,7.0214923,21,0,8
2024-08-05 22:00:00,21.366666666666664,71.24000000000001,0.0,7.4564520000000005,22,0,8
2024-08-05 23:00:00,22.191666666666666,70.52,0.0,4.5981454,23,0,8
2024-08-06 00:00:00,23.863333333333333,70.16,0.0,2.2369356000000002,0,1,8
2024-08-06 01:00:00,23.06833333333333,69.8,0.0,2.9204437000000003,1,1,8
2024-08-06 02:00:00,25.16,69.25999999999999,0.0,3.7282260000000003,2,1,8
2024-08-06 03:00:00,25.206666666666667,69.8,0.0,3.8525002,3,1,8
2024-08-06 04:00:00,24.43166666666667,70.34,0.0,5.4680648000000005,4,1,8
2024-08-06 05:00:00,22.501666666666665,71.42,0.0,6.5865326,5,1,8
2024-08-06 06:00:00,20.349999999999998,72.32,0.1,10.3768957,6,1,8
2024-08-06 07:00:00,17.044999999999998,68.36,0.1,13.9808475,7,1,8
2024-08-06 08:00:00,14.660000000000002,77.54,0.0,8.8856053,8,1,8
2024-08-06 09:00:00,15.681666666666667,72.68,0.0,17.398388,9,1,8
2024-08-06 10:00:00,17.728333333333335,71.24000000000001,0.1,20.0702833,10,1,8
2024-08-06 11:00:00,17.388333333333332,70.16,0.4,14.3536701,11,1,8
2024-08-06 12:00:00,16.82,71.6,0.1,19.3246381,12,1,8
2024-08-06 13:00:00,16.81833333333333,71.6,0.0,23.3014125,13,1,8
2024-08-06 14:00:00,17.275000000000002,69.8,0.0,25.6004852,14,1,8
2024-08-06 15:00:00,15.339999999999998,69.08,0.0,24.109194799999997,15,1,8
2024-08-06 16:00:00,12.951666666666666,68.72,0.0,23.2392754,16,1,8
2024-08-06 17:00:00,12.725,68.72,0.0,22.245081799999998,17,1,8
2024-08-06 18:00:00,15.566666666666668,68.54,0.0,20.380968799999998,18,1,8
2024-08-06 19:00:00,18.296666666666667,67.46,0.0,19.6974607,19,1,8
2024-08-06 20:00:00,18.183333333333334,67.46,0.0,13.4216136,20,1,8
2024-08-06 21:00:00,20.349999999999998,67.82,0.0,10.4390328,21,1,8
2024-08-06 22:00:00,20.451666666666664,67.82,0.0,8.3885085,22,1,8
2024-08-06 23:00:00,21.820000000000004,67.28,0.0,8.3885085,23,1,8
2024-08-07 00:00:00,23.26,66.38,0.0,9.5069763,0,2,8
2024-08-07 01:00:00,23.415000000000003,66.38,0.0,11.557500600000001,1,2,8
2024-08-07 02:00:00,25.97666666666667,66.02,0.0,13.608024899999998,2,2,8
2024-08-07 03:00:00,25.388333333333335,65.3,0.0,13.8565733,3,2,8
2024-08-07 04:00:00,26.485,64.94,0.0,13.9187104,4,2,8
2024-08-07 05:00:00,22.77333333333333,64.4,0.0,13.235202300000001,5,2,8
2024-08-07 06:00:00,20.796666666666667,64.04,0.0,13.9808475,6,2,8
2024-08-07 07:00:00,17.136666666666667,65.12,0.0,14.6643556,7,2,8
2024-08-07 08:00:00,14.773333333333333,67.28,0.0,15.534275000000001,8,2,8
2024-08-07 09:00:00,15.683333333333332,68.18,0.0,15.223589500000001,9,2,8
2024-08-07 10:00:00,17.615,69.08,0.0,15.0993153,10,2,8
2024-08-07 11:00:00,17.503333333333334,70.34,0.0,13.9808475,11,2,8
2024-08-07 12:00:00,17.163333333333334,71.78,0.0,14.7886298,12,2,8
2024-08-07 13:00:00,17.411666666666665,73.22,0.0,15.3478637,13,2,8
2024-08-07 14:00:00,16.593333333333334,74.12,0.0,14.4779443,14,2,8
2024-08-07 15:00:00,15.476666666666667,74.48,0.0,14.291533,15,2,8
2024-08-07 16:00:00,13.406666666666666,75.02,0.0,14.5400814,16,2,8
2024-08-07 17:00:00,12.838333333333333,74.66,0.0,14.4158072,17,2,8
2024-08-07 18:00:00,15.341666666666667,73.75999999999999,0.0,13.608024899999998,18,2,8
2024-08-07 19:00:00,17.531666666666666,72.5,0.0,12.7381055,19,2,8
2024-08-07 20:00:00,17.503333333333334,70.52,0.0,10.004073100000001,20,2,8
2024-08-07 21:00:00,18.183333333333334,69.98,0.0,8.5749198,21,2,8
2024-08-07 22:00:00,20.111666666666668,69.62,0.0,8.5749198,22,2,8
2024-08-07 23:00:00,21.593333333333334,69.25999999999999,0.0,7.7671375000000005,23,2,8
2024-08-08 00:00:00,22.41,68.72,0.0,7.5807262,0,3,8
2024-08-08 01:00:00,23.626666666666665,68.18,0.0,6.9593552,1,3,8
2024-08-08 02:00:00,26.82166666666667,67.46,0.0,5.7787503000000005,2,3,8
2024-08-08 03:00:00,26.161666666666665,66.38,0.0,5.2816535,3,3,8
2024-08-08 04:00:00,24.688333333333333,66.38,0.0,3.9767744,4,3,8
2024-08-08 05:00:00,22.955,68.18,0.0,2.2369356000000002,5,3,8
2024-08-08 06:00:00,20.113333333333333,62.6,0.0,4.5360083,6,3,8
2024-08-08 07:00:00,17.043333333333333,65.12,0.0,3.5418147,7,3,8
2024-08-08 08:00:00,14.546666666666667,68.72,0.0,3.2932663,8,3,8
2024-08-08 09:00:00,15.478333333333333,72.14,0.0,3.4175405,9,3,8
2024-08-08 10:00:00,17.73,75.56,0.0,4.4738712000000005,10,3,8
2024-08-08 11:00:00,17.503333333333334,77.54,0.0,2.8583065999999997,11,3,8
2024-08-08 12:00:00,16.935,78.98,0.0,1.8019759,12,3,8
2024-08-08 13:00:00,16.933333333333334,80.6,0.0,2.0505242999999997,13,3,8
2024-08-08 14:00:00,17.05,82.04,0.0,1.3048791,14,3,8
2024-08-08 15:00:00,15.568333333333333,82.58,0.0,3.0447179,15,3,8
2024-08-08 16:00:00,13.406666666666666,81.68,0.0,5.592339,16,3,8
2024-08-08 17:00:00,12.498333333333333,81.14,0.0,5.6544761,17,3,8
2024-08-08 18:00:00,14.773333333333333,80.78,0.0,8.2642343,18,3,8
2024-08-08 19:00:00,17.276666666666667,79.7,0.0,5.840887400000001,19,3,8
2024-08-08 20:00:00,17.39,77.18,0.0,2.2990727,20,3,8
2024-08-08 21:00:00,18.976666666666667,76.64,0.0,5.4680648000000005,21,3,8
2024-08-08 22:00:00,19.77,75.02,0.0,8.8856053,22,3,8
2024-08-08 23:00:00,21.56833333333333,74.12,0.0,8.947742400000001,23,3,8
2024-08-09 00:00:00,23.17,72.68,0.0,13.670162,0,4,8
2024-08-09 01:00:00,22.886666666666667,70.34,0.0,16.217783100000002,1,4,8
2024-08-09 02:00:00,23.376666666666665,68.72,0.0,14.6022185,2,4,8
2024-08-09 03:00:00,24.006666666666664,67.1,0.0,12.8002426,3,4,8
2024-08-09 04:00:00,24.771666666666665,65.12,0.0,13.545887800000001,4,4,8
2024-08-09 05:00:00,22.611666666666665,63.68,0.0,12.8623797,5,4,8
2024-08-09 06:00:00,19.99833333333333,62.24,0.0,12.1167345,6,4,8
2024-08-09 07:00:00,17.07,62.6,0.0,11.557500600000001,7,4,8
2024-08-09 08:00:00,14.886666666666665,63.86,0.0,11.557500600000001,8,4,8
2024-08-09 09:00:00,16.021666666666665,66.38,0.0,10.936129600000001,9,4,8
2024-08-09 10:00:00,17.956666666666667,68.36,0.0,9.6933876,10,4,8
2024-08-09 11:00:00,17.388333333333332,70.16,0.0,9.1962908,11,4,8
2024-08-09 12:00:00,17.39,71.96,0.0,9.6312505,12,4,8
2024-08-09 13:00:00,17.39,74.48,0.0,12.303145800000001,13,4,8
2024-08-09 14:00:00,17.048333333333336,76.64,0.0,13.9187104,14,4,8
2024-08-09 15:00:00,15.681666666666667,76.64,0.0,15.223589500000001,15,4,8
2024-08-09 16:00:00,13.975,76.28,0.0,15.5964121,16,4,8
2024-08-09 17:00:00,13.523333333333333,75.2,0.0,15.5964121,17,4,8
2024-08-09 18:00:00,14.206666666666669,72.86,0.0,16.155646,18,4,8
2024-08-09 19:00:00,15.908333333333333,71.78,0.0,14.4779443,19,4,8
2024-08-09 20:00:00,17.381666666666668,68.0,0.0,13.608024899999998,20,4,8
2024-08-09 21:00:00,19.316666666666666,66.92,0.0,10.749718300000001,21,4,8
2024-08-09 22:00:00,19.77,64.94,0.0,8.823468199999999,22,4,8
2024-08-09 23:00:00,19.99833333333333,63.14,0.0,8.512782699999999,23,4,8
2024-08-10 00:00:00,18.886666666666667,61.88,0.0,8.512782699999999,0,5,8
2024-08-10 01:00:00,22.926666666666666,60.8,0.0,8.512782699999999,1,5,8
2024-08-10 02:00:00,25.87833333333333,60.08,0.0,9.5691134,2,5,8
2024-08-10 03:00:00,25.501666666666665,59.72,0.0,9.6312505,3,5,8
2024-08-10 04:00:00,25.876666666666665,59.0,0.0,9.941936,4,5,8
2024-08-10 05:00:00,23.80666666666667,58.459999999999994,0.0,10.2526215,5,5,8
2024-08-10 06:00:00,22.863333333333333,57.74,0.0,10.4390328,6,5,8
2024-08-10 07:00:00,21.59166666666667,59.0,0.0,9.5069763,7,5,8
2024-08-10 08:00:00,20.453333333333333,61.88,0.0,10.749718300000001,8,5,8
2024-08-10 09:00:00,19.544999999999998,65.48,0.0,11.246815100000001,9,5,8
2024-08-10 10:00:00,18.41,68.9,0.0,12.5516942,10,5,8
2024-08-10 11:00:00,18.183333333333334,71.24000000000001,0.0,15.1614524,11,5,8
2024-08-10 12:00:00,17.503333333333334,73.04,0.0,15.1614524,12,5,8
2024-08-10 13:00:00,17.843333333333334,75.38,0.0,15.9692347,13,5,8
2024-08-10 14:00:00,17.338333333333335,76.1,0.0,15.2857266,14,5,8
2024-08-10 15:00:00,15.908333333333333,77.18,0.0,15.223589500000001,15,5,8
2024-08-10 16:00:00,16.591666666666665,78.44,0.0,15.4721379,16,5,8
2024-08-10 17:00:00,17.293333333333333,77.54,0.0,16.031371800000002,17,5,8
2024-08-10 18:00:00,17.275000000000002,76.46,0.0,15.6585492,18,5,8
2024-08-10 19:00:00,17.39,74.12,0.0,13.4837507,19,5,8
2024-08-10 20:00:00,18.523333333333333,70.34,0.0,11.122540899999999,20,5,8
2024-08-10 21:00:00,18.41,68.18,0.0,8.947742400000001,21,5,8
2024-08-10 22:00:00,19.316666666666666,66.56,0.0,10.3768957,22,5,8
2024-08-10 23:00:00,20.34,65.3,0.0,10.1283473,23,5,8
2024-08-11 00:00:00,21.625,63.68,0.0,8.077823,0,6,8
2024-08-11 01:00:00,23.873333333333335,62.959999999999994,0.0,8.1399601,1,6,8
2024-08-11 02:00:00,25.295,62.24,0.0,8.5749198,2,6,8
2024-08-11 03:00:00,24.973333333333333,61.7,0.0,9.4448392,3,6,8
2024-08-11 04:00:00,25.103333333333335,61.88,0.0,9.1962908,4,6,8
2024-08-11 05:00:00,24.43166666666667,62.059999999999995,0.0,8.947742400000001,5,6,8
2024-08-11 06:00:00,23.191666666666666,61.16,0.0,8.947742400000001,6,6,8
2024-08-11 07:00:00,22.84166666666667,61.34,0.0,7.8292746,7,6,8
2024-08-11 08:00:00,21.820000000000004,63.68,0.0,8.512782699999999,8,6,8
2024-08-11 09:00:00,21.478333333333335,68.0,0.0,8.512782699999999,9,6,8
2024-08-11 10:00:00,18.863333333333333,71.78,0.0,8.637056900000001,10,6,8
2024-08-11 11:00:00,19.186666666666667,74.66,0.0,10.625444100000001,11,6,8
2024-08-11 12:00:00,18.296666666666667,76.82,0.0,12.2410087,12,6,8
2024-08-11 13:00:00,18.155,77.9,0.0,12.7381055,13,6,8
2024-08-11 14:00:00,17.841666666666665,79.16,0.0,11.743911899999999,14,6,8
2024-08-11 15:00:00,17.655,80.42,0.0,10.936129600000001,15,6,8
2024-08-11 16:00:00,17.16,81.32,0.0,10.9982667,16,6,8
2024-08-11 17:00:00,16.705000000000002,79.88,0.0,13.297339399999998,17,6,8
2024-08-11 18:00:00,17.273333333333333,78.8,0.0,9.0720166,18,6,8
2024-08-11 19:00:00,18.783333333333335,77.36,0.0,7.7671375000000005,19,6,8
2024-08-11 20:00:00,19.656666666666666,74.12,0.0,5.4059276999999994,20,6,8
2024-08-11 21:00:00,19.543333333333333,70.7,0.0,6.7108068,21,6,8
2024-08-11 22:00:00,20.521666666666665,68.54,0.0,7.4564520000000005,22,6,8
2024-08-11 23:00:00,20.19333333333333,66.92,0.0,6.7729439000000005,23,6,8
2024-08-12 00:00:00,20.113333333333333,65.48,0.0,6.151572900000001,0,0,8
2024-08-12 01:00:00,24.353333333333335,64.22,0.0,6.5243955,1,0,8
2024-08-12 02:00:00,25.53333333333333,63.32,0.0,6.8972181,2,0,8
2024-08-12 03:00:00,25.83,62.24,0.0,6.2758471,3,0,8
2024-08-12 04:00:00,25.353333333333335,61.16,0.0,6.151572900000001,4,0,8
2024-08-12 05:00:00,22.72666666666667,59.9,0.0,5.1573793000000006,5,0,8
2024-08-12 06:00:00,20.224999999999998,59.0,0.0,5.4059276999999994,6,0,8
2024-08-12 07:00:00,17.275000000000002,60.8,0.0,5.3437906,7,0,8
2024-08-12 08:00:00,15.113333333333335,65.48,0.0,4.7845567,8,0,8
2024-08-12 09:00:00,16.478333333333335,69.98,0.0,5.2195164,9,0,8
2024-08-12 10:00:00,17.956666666666667,73.4,0.0,5.6544761,10,0,8
2024-08-12 11:00:00,17.39,75.56,0.0,5.2816535,11,0,8
2024-08-12 12:00:00,17.276666666666667,77.0,0.0,3.5418147,12,0,8
2024-08-12 13:00:00,17.73,78.8,0.0,1.6155646000000001,13,0,8
2024-08-12 14:00:00,17.39,80.06,0.0,3.3554034,14,0,8
2024-08-12 15:00:00,15.566666666666668,80.6,0.0,7.6428633,15,0,8
2024-08-12 16:00:00,13.976666666666667,79.52,0.0,11.557500600000001,16,0,8
2024-08-12 17:00:00,13.75,78.44,0.0,10.8739925,17,0,8
2024-08-12 18:00:00,15.908333333333333,77.72,0.0,8.637056900000001,18,0,8
2024-08-12 19:00:00,17.956666666666667,77.18,0.0,8.077823,19,0,8
2024-08-12 20:00:00,18.41,75.02,0.0,5.716613199999999,20,0,8
2024-08-12 21:00:00,19.316666666666666,73.4,0.0,5.716613199999999,21,0,8
2024-08-12 22:00:00,20.419999999999998,71.42,0.0,5.592339,22,0,8
2024-08-12 23:00:00,22.27333333333333,68.9,0.0,6.151572900000001,23,0,8
2024-08-13 00:00:00,23.295,66.74000000000001,0.0,5.6544761,0,1,8
2024-08-13 01:00:00,23.771666666666665,65.66,0.0,5.7787503000000005,1,1,8
2024-08-13 02:00:00,25.811666666666667,64.94,0.0,6.2758471,2,1,8
2024-08-13 03:00:00,24.52333333333333,64.22,0.0,6.027298699999999,3,1,8
2024-08-13 04:00:00,23.66,63.32,0.0,6.2758471,4,1,8
2024-08-13 05:00:00,22.501666666666665,62.78,0.0,5.7787503000000005,5,1,8
2024-08-13 06:00:00,20.451666666666664,62.24,0.0,5.9030245,6,1,8
2024-08-13 07:00:00,16.81833333333333,64.22,0.0,5.3437906,7,1,8
2024-08-13 08:00:00,14.886666666666665,67.64,0.0,3.6660889,8,1,8
2024-08-13 09:00:00,15.339999999999998,72.14,0.0,3.7282260000000003,9,1,8
2024-08-13 10:00:00,17.843333333333334,75.38,0.0,2.6718953,10,1,8
2024-08-13 11:00:00,17.388333333333332,77.9,0.0,3.7903631,11,1,8
2024-08-13 12:00:00,17.315,79.7,0.0,5.2816535,12,1,8
2024-08-13 13:00:00,16.935,80.6,0.0,6.21371,13,1,8
2024-08-13 14:00:00,16.63,81.14,0.0,6.0894358,14,1,8
2024-08-13 15:00:00,15.906666666666666,81.32,0.0,6.337984199999999,15,1,8
2024-08-13 16:00:00,14.093333333333334,81.32,0.0,5.9030245,16,1,8
2024-08-13 17:00:00,13.748333333333333,81.14,0.0,6.21371,17,1,8
2024-08-13 18:00:00,15.908333333333333,80.42,0.0,7.0214923,18,1,8
2024-08-13 19:00:00,17.616666666666667,78.8,0.0,6.9593552,19,1,8
2024-08-13 20:00:00,18.523333333333333,76.82,0.0,6.0894358,20,1,8
2024-08-13 21:00:00,19.546666666666667,75.56,0.0,4.7845567,21,1,8
2024-08-13 22:00:00,21.25166666666667,74.66,0.0,4.9088309,22,1,8
2024-08-13 23:00:00,22.02333333333333,73.4,0.0,4.7224196,23,1,8
2024-08-14 00:00:00,24.058333333333334,72.14,0.0,4.9088309,0,2,8
2024-08-14 01:00:00,23.521666666666665,70.52,0.0,4.970968,1,2,8
2024-08-14 02:00:00,22.983333333333334,68.9,0.0,4.2253228,2,2,8
2024-08-14 03:00:00,24.695000000000004,67.46,0.0,3.7282260000000003,3,2,8
2024-08-14 04:00:00,23.733333333333334,66.92,0.0,2.9825808,4,2,8
2024-08-14 05:00:00,22.80666666666667,66.38,0.0,3.5418147,5,2,8
2024-08-14 06:00:00,20.111666666666668,65.66,0.0,4.349597,6,2,8
2024-08-14 07:00:00,17.025000000000002,69.25999999999999,0.0,4.7845567,7,2,8
2024-08-14 08:00:00,14.49,72.14,0.0,6.337984199999999,8,2,8
2024-08-14 09:00:00,15.906666666666666,75.02,0.0,6.4622584000000005,9,2,8
2024-08-14 10:00:00,17.956666666666667,77.18,0.0,6.7108068,10,2,8
2024-08-14 11:00:00,17.503333333333334,78.8,0.0,7.7671375000000005,11,2,8
2024-08-14 12:00:00,17.388333333333332,79.88,0.0,7.8914117,12,2,8
2024-08-14 13:00:00,17.048333333333336,80.78,0.0,9.1962908,13,2,8
2024-08-14 14:00:00,17.39,81.5,0.0,10.0662102,14,2,8
2024-08-14 15:00:00,15.906666666666666,81.32,0.0,10.4390328,15,2,8
2024-08-14 16:00:00,14.545,80.78,0.0,11.3089522,16,2,8
2024-08-14 17:00:00,12.953333333333333,80.24000000000001,0.0,10.004073100000001,17,2,8
2024-08-14 18:00:00,15.793333333333331,78.8,0.0,9.3827021,18,2,8
2024-08-14 19:00:00,17.855,76.82,0.0,8.637056900000001,19,2,8
2024-08-14 20:00:00,17.39,74.3,0.0,7.6428633,20,2,8
2024-08-14 21:00:00,19.544999999999998,73.75999999999999,0.0,7.2079036,21,2,8
2024-08-14 22:00:00,19.996666666666666,73.04,0.0,8.823468199999999,22,2,8
2024-08-14 23:00:00,21.59,72.68,0.0,7.5807262,23,2,8
2024-08-15 00:00:00,22.72666666666667,72.5,0.0,7.0214923,0,3,8
2024-08-15 01:00:00,23.578333333333333,72.32,0.0,6.648669699999999,1,3,8
2024-08-15 02:00:00,24.285,72.5,0.0,8.077823,2,3,8
2024-08-15 03:00:00,25.165000000000003,73.04,0.0,9.134153699999999,3,3,8
2024-08-15 04:00:00,25.546666666666667,72.68,0.0,11.3089522,4,3,8
2024-08-15 05:00:00,22.045,72.32,0.0,13.297339399999998,5,3,8
2024-08-15 06:00:00,19.773333333333333,71.42,0.0,12.7381055,6,3,8
2024-08-15 07:00:00,15.908333333333333,70.7,0.0,11.184678,7,3,8
2024-08-15 08:00:00,13.408333333333333,68.0,4.4,12.1167345,8,3,8
2024-08-15 09:00:00,15.455,68.18,3.0,15.3478637,9,3,8
2024-08-15 10:00:00,17.616666666666667,69.08,0.6,16.5284686,10,3,8
2024-08-15 11:00:00,17.388333333333332,69.44,0.6,15.4100008,11,3,8
2024-08-15 12:00:00,16.82,68.72,0.6,11.743911899999999,12,3,8
2024-08-15 13:00:00,16.895,69.62,1.8,11.122540899999999,13,3,8
2024-08-15 14:00:00,16.81833333333333,69.44,0.9,10.563307,14,3,8
2024-08-15 15:00:00,15.113333333333335,70.34,0.2,12.675968399999999,15,3,8
2024-08-15 16:00:00,13.636666666666665,72.86,0.0,14.5400814,16,3,8
2024-08-15 17:00:00,13.406666666666666,73.4,0.0,12.2410087,17,3,8
2024-08-15 18:00:00,15.683333333333332,72.68,0.1,13.1109281,18,3,8
2024-08-15 19:00:00,17.39,73.75999999999999,0.0,10.6875812,19,3,8
2024-08-15 20:00:00,18.296666666666667,72.32,0.6,8.7613311,20,3,8
2024-08-15 21:00:00,19.203333333333333,71.6,0.8,7.3943149,21,3,8
2024-08-15 22:00:00,20.258333333333333,70.7,0.2,8.326371400000001,22,3,8
2024-08-15 23:00:00,21.81833333333333,71.24000000000001,0.1,10.0662102,23,3,8
2024-08-16 00:00:00,23.33,71.06,0.0,10.8739925,0,4,8
2024-08-16 01:00:00,22.778333333333332,70.52,0.0,8.637056900000001,1,4,8
2024-08-16 02:00:00,23.755,70.16,0.0,6.2758471,2,4,8
2024-08-16 03:00:00,23.63,67.28,6.6,7.6428633,3,4,8
2024-08-16 04:00:00,24.103333333333335,67.64,0.1,6.21371,4,4,8
2024-08-16 05:00:00,22.691666666666666,67.64,0.1,8.077823,5,4,8
2024-08-16 06:00:00,20.111666666666668,67.1,0.0,5.3437906,6,4,8
2024-08-16 07:00:00,17.273333333333333,68.36,0.0,6.2758471,7,4,8
2024-08-16 08:00:00,15.115,71.96,0.0,11.8681861,8,4,8
2024-08-16 09:00:00,16.135,74.3,0.0,11.6196377,9,4,8
2024-08-16 10:00:00,17.99,76.64,0.0,10.3768957,10,4,8
2024-08-16 11:00:00,17.843333333333334,79.88,0.0,7.0836294,11,4,8
2024-08-16 12:00:00,17.161666666666665,81.32,0.1,8.5749198,12,4,8
2024-08-16 13:00:00,17.763333333333332,83.3,0.0,10.1283473,13,4,8
2024-08-16 14:00:00,17.276666666666667,84.74,0.0,12.8623797,14,4,8
2024-08-16 15:00:00,15.568333333333333,85.64,0.0,12.924516800000001,15,4,8
2024-08-16 16:00:00,14.318333333333333,85.46000000000001,0.0,14.5400814,16,4,8
2024-08-16 17:00:00,13.066666666666668,85.1,0.0,14.1672588,17,4,8
2024-08-16 18:00:00,15.226666666666667,82.4,0.0,11.8681861,18,4,8
2024-08-16 19:00:00,17.73,81.14,0.0,12.054597399999999,19,4,8
2024-08-16 20:00:00,17.273333333333333,73.04,5.6,10.811855399999999,20,4,8
2024-08-16 21:00:00,18.30666666666667,71.24000000000001,0.8,11.743911899999999,21,4,8
2024-08-16 22:00:00,19.724999999999998,71.06,0.0,11.557500600000001,22,4,8
2024-08-16 23:00:00,22.386666666666667,70.7,0.0,10.1283473,23,4,8
2024-08-17 00:00:00,22.84,70.16,0.0,9.6933876,0,5,8
2024-08-17 01:00:00,24.66,69.8,0.0,10.004073100000001,1,5,8
2024-08-17 02:00:00,24.108333333333334,69.62,0.0,10.563307,2,5,8
2024-08-17 03:00:00,27.945000000000004,69.44,0.0,10.811855399999999,3,5,8
2024-08-17 04:00:00,25.22666666666667,69.08,0.0,10.501169899999999,4,5,8
2024-08-17 05:00:00,24.671666666666667,68.72,0.0,10.563307,5,5,8
2024-08-17 06:00:00,23.53333333333333,68.36,0.0,10.563307,6,5,8
2024-08-17 07:00:00,21.816666666666666,69.08,0.1,10.749718300000001,7,5,8
2024-08-17 08:00:00,19.996666666666666,70.52,0.0,9.8797989,8,5,8
2024-08-17 09:00:00,18.766666666666666,71.6,0.0,10.625444100000001,9,5,8
2024-08-17 10:00:00,17.616666666666667,73.22,0.0,10.3768957,10,5,8
2024-08-17 11:00:00,16.82,76.1,0.0,9.3827021,11,5,8
2024-08-17 12:00:00,16.57,77.72,0.0,9.6312505,12,5,8
2024-08-17 13:00:00,17.163333333333334,78.8,0.1,9.4448392,13,5,8
2024-08-17 14:00:00,16.59,78.98,0.0,8.077823,14,5,8
2024-08-17 15:00:00,14.363333333333335,74.3,8.3,10.9982667,15,5,8
2024-08-17 16:00:00,14.658333333333333,73.22,0.7,4.7224196,16,5,8
2024-08-17 17:00:00,16.293333333333333,75.74000000000001,0.0,5.0952421999999995,17,5,8
2024-08-17 18:00:00,16.591666666666665,74.3,1.7,10.0662102,18,5,8
2024-08-17 19:00:00,17.276666666666667,71.42,0.6,5.592339,19,5,8
2024-08-17 20:00:00,16.933333333333334,68.54,4.3,7.8292746,20,5,8
2024-08-17 21:00:00,17.576666666666668,69.44,4.4,2.9825808,21,5,8
2024-08-17 22:00:00,19.31833333333333,68.18,0.1,3.9146373,22,5,8
2024-08-17 23:00:00,20.226666666666667,68.72,0.0,5.716613199999999,23,5,8
2024-08-18 00:00:00,21.353333333333335,68.18,0.0,6.7729439000000005,0,6,8
2024-08-18 01:00:00,23.278333333333336,68.18,0.0,7.2079036,1,6,8
2024-08-18 02:00:00,22.046666666666667,68.36,0.0,9.258427900000001,2,6,8
2024-08-18 03:00:00,20.94333333333333,68.36,0.0,10.1283473,3,6,8
2024-08-18 04:00:00,26.0,68.36,0.3,11.246815100000001,4,6,8
2024-08-18 05:00:00,23.456666666666667,68.0,0.1,12.365282899999999,5,6,8
2024-08-18 06:00:00,23.40833333333333,67.46,0.1,13.7322991,6,6,8
2024-08-18 07:00:00,22.308333333333334,67.64,0.0,13.608024899999998,7,6,8
2024-08-18 08:00:00,21.933333333333334,69.08,0.0,13.4837507,8,6,8
2024-08-18 09:00:00,20.91,70.52,0.0,15.0371782,9,6,8
2024-08-18 10:00:00,19.515,72.14,0.0,16.4663315,10,6,8
2024-08-18 11:00:00,18.75,72.68,0.0,17.2119767,11,6,8
2024-08-18 12:00:00,19.385,70.52,0.2,17.025565399999998,12,6,8
2024-08-18 13:00:00,18.863333333333333,72.14,0.0,17.895484800000002,13,6,8
2024-08-18 14:00:00,18.346666666666668,71.6,0.0,18.1440332,14,6,8
2024-08-18 15:00:00,17.616666666666667,71.6,0.0,18.5789929,15,6,8
2024-08-18 16:00:00,17.275000000000002,70.88,0.0,19.5110494,16,6,8
2024-08-18 17:00:00,17.046666666666667,69.8,0.0,17.5226622,17,6,8
2024-08-18 18:00:00,16.593333333333334,68.9,0.0,15.6585492,18,6,8
2024-08-18 19:00:00,16.48,67.64,0.0,13.3594765,19,6,8
2024-08-18 20:00:00,17.273333333333333,67.46,0.0,12.5516942,20,6,8
2024-08-18 21:00:00,19.06833333333333,66.74000000000001,0.0,10.936129600000001,21,6,8
2024-08-18 22:00:00,20.453333333333333,66.38,0.0,10.563307,22,6,8
2024-08-18 23:00:00,22.5,65.84,0.0,13.4837507,23,6,8
2024-08-19 00:00:00,23.40833333333333,65.12,0.0,14.6643556,0,0,8
2024-08-19 01:00:00,24.613333333333333,65.3,0.0,14.912904000000001,1,0,8
2024-08-19 02:00:00,26.62,65.12,0.0,13.545887800000001,2,0,8
2024-08-19 03:00:00,24.5,63.5,0.0,12.8623797,3,0,8
2024-08-19 04:00:00,26.703333333333333,62.959999999999994,0.0,12.7381055,4,0,8
2024-08-19 05:00:00,22.56833333333333,62.78,0.0,12.5516942,5,0,8
2024-08-19 06:00:00,21.474999999999998,62.6,0.0,12.7381055,6,0,8
2024-08-19 07:00:00,17.886666666666667,63.68,0.0,14.1051217,7,0,8
2024-08-19 08:00:00,15.566666666666668,66.56,0.0,14.7264927,8,0,8
2024-08-19 09:00:00,16.478333333333335,67.46,0.0,14.7886298,9,0,8
2024-08-19 10:00:00,17.616666666666667,67.82,0.0,15.4721379,10,0,8
2024-08-19 11:00:00,17.956666666666667,68.72,0.0,14.6022185,11,0,8
2024-08-19 12:00:00,17.956666666666667,69.44,0.0,14.912904000000001,12,0,8
2024-08-19 13:00:00,17.503333333333334,69.62,0.0,15.5964121,13,0,8
2024-08-19 14:00:00,17.843333333333334,70.34,0.0,16.031371800000002,14,0,8
2024-08-19 15:00:00,15.908333333333333,70.16,0.0,17.5226622,15,0,8
2024-08-19 16:00:00,13.636666666666665,69.62,0.0,15.9070976,16,0,8
2024-08-19 17:00:00,13.521666666666667,69.25999999999999,0.0,16.3420573,17,0,8
2024-08-19 18:00:00,16.361666666666668,68.18,0.0,14.3536701,18,0,8
2024-08-19 19:00:00,17.843333333333334,66.92,0.0,13.4837507,19,0,8
2024-08-19 20:00:00,18.268333333333334,66.02,0.0,10.0662102,20,0,8
2024-08-19 21:00:00,18.863333333333333,65.48,0.0,11.184678,21,0,8
2024-08-19 22:00:00,20.849999999999998,65.3,0.0,12.054597399999999,22,0,8
2024-08-19 23:00:00,21.81833333333333,65.3,0.0,14.912904000000001,23,0,8
2024-08-20 00:00:00,23.863333333333333,64.22,0.0,15.6585492,0,1,8
2024-08-20 01:00:00,23.251666666666665,63.86,0.0,14.1051217,1,1,8
2024-08-20 02:00:00,26.363333333333333,63.14,0.0,12.613831300000001,2,1,8
2024-08-20 03:00:00,23.983333333333334,62.42,0.0,13.297339399999998,3,1,8
2024-08-20 04:00:00,26.84166666666667,62.059999999999995,0.0,11.433226399999999,4,1,8
2024-08-20 05:00:00,23.40833333333333,61.519999999999996,0.0,9.134153699999999,5,1,8
2024-08-20 06:00:00,20.794999999999998,60.8,0.0,8.077823,6,1,8
2024-08-20 07:00:00,17.048333333333336,61.88,0.0,7.7671375000000005,7,1,8
2024-08-20 08:00:00,14.886666666666665,63.86,0.0,5.9030245,8,1,8
2024-08-20 09:00:00,16.246666666666666,64.75999999999999,0.0,6.337984199999999,9,1,8
2024-08-20 10:00:00,17.615,65.66,0.0,7.2079036,10,1,8
2024-08-20 11:00:00,17.843333333333334,66.56,0.0,8.7613311,11,1,8
2024-08-20 12:00:00,17.276666666666667,67.64,0.0,10.004073100000001,12,1,8
2024-08-20 13:00:00,17.275000000000002,68.0,0.0,10.936129600000001,13,1,8
2024-08-20 14:00:00,16.81833333333333,68.18,0.0,11.4953635,14,1,8
2024-08-20 15:00:00,14.773333333333333,67.64,0.0,11.371089300000001,15,1,8
2024-08-20 16:00:00,13.295,67.46,0.0,11.246815100000001,16,1,8
2024-08-20 17:00:00,13.181666666666667,67.1,0.0,11.8681861,17,1,8
2024-08-20 18:00:00,16.361666666666668,66.38,0.0,12.365282899999999,18,1,8
2024-08-20 19:00:00,17.276666666666667,65.3,0.0,11.743911899999999,19,1,8
2024-08-20 20:00:00,16.705000000000002,62.959999999999994,0.0,8.947742400000001,20,1,8
2024-08-20 21:00:00,16.591666666666665,62.42,0.0,7.3943149,21,1,8
2024-08-20 22:00:00,18.06833333333333,61.519999999999996,0.0,5.840887400000001,22,1,8
2024-08-20 23:00:00,21.051666666666666,60.440000000000005,0.0,4.9088309,23,1,8
2024-08-21 00:00:00,25.0,59.9,0.0,4.6602825,0,2,8
2024-08-21 01:00:00,23.986666666666665,60.8,0.0,3.4796776,1,2,8
2024-08-21 02:00:00,23.636666666666667,61.519999999999996,0.0,2.485484,2,2,8
2024-08-21 03:00:00,24.238333333333333,59.72,0.0,2.5476210999999997,3,2,8
2024-08-21 04:00:00,24.01,57.379999999999995,0.0,3.2311292000000003,4,2,8
2024-08-21 05:00:00,22.94333333333333,56.66,0.0,4.2874599,5,2,8
2024-08-21 06:00:00,20.451666666666664,56.3,0.0,5.1573793000000006,6,2,8
2024-08-21 07:00:00,16.773333333333333,58.28,0.0,4.9088309,7,2,8
2024-08-21 08:00:00,14.886666666666665,60.62,0.0,2.7961695,8,2,8
2024-08-21 09:00:00,16.433333333333334,64.58,0.0,3.3554034,9,2,8
2024-08-21 10:00:00,17.803333333333335,66.92,0.0,1.8019759,10,2,8
2024-08-21 11:00:00,17.616666666666667,68.72,0.0,2.485484,11,2,8
2024-08-21 12:00:00,17.73,69.98,0.0,6.027298699999999,12,2,8
2024-08-21 13:00:00,17.956666666666667,70.34,0.0,8.326371400000001,13,2,8
2024-08-21 14:00:00,16.933333333333334,70.52,0.0,8.326371400000001,14,2,8
2024-08-21 15:00:00,15.226666666666667,70.7,0.0,8.202097199999999,15,2,8
2024-08-21 16:00:00,13.523333333333333,70.88,0.0,8.823468199999999,16,2,8
2024-08-21 17:00:00,13.978333333333333,70.34,0.0,8.8856053,17,2,8
2024-08-21 18:00:00,16.816666666666666,69.62,0.0,7.8292746,18,2,8
2024-08-21 19:00:00,18.07,68.18,0.0,6.337984199999999,19,2,8
2024-08-21 20:00:00,18.035,64.04,0.0,5.3437906,20,2,8
2024-08-21 21:00:00,19.205000000000002,62.78,0.0,4.0389115,21,2,8
2024-08-21 22:00:00,20.111666666666668,64.22,0.0,3.1689920999999996,22,2,8
2024-08-21 23:00:00,21.141666666666666,64.94,0.0,1.1184678000000001,23,2,8
2024-08-22 00:00:00,23.921666666666667,63.32,0.0,0.8077823000000001,0,3,8
2024-08-22 01:00:00,23.751666666666665,59.540000000000006,0.0,3.1689920999999996,1,3,8
2024-08-22 02:00:00,23.97666666666667,56.120000000000005,0.0,5.7787503000000005,2,3,8
2024-08-22 03:00:00,26.905,54.86,0.0,5.840887400000001,3,3,8
2024-08-22 04:00:00,24.886666666666667,53.6,0.0,4.7224196,4,3,8
2024-08-22 05:00:00,22.41,52.52,0.0,4.411734099999999,5,3,8
2024-08-22 06:00:00,20.241666666666667,51.98,0.0,3.4796776,6,3,8
2024-08-22 07:00:00,16.93166666666667,54.68,0.0,3.2311292000000003,7,3,8
2024-08-22 08:00:00,15.0,58.459999999999994,0.0,3.2311292000000003,8,3,8
2024-08-22 09:00:00,16.246666666666666,63.86,0.0,3.3554034,9,3,8
2024-08-22 10:00:00,17.503333333333334,67.46,0.0,3.3554034,10,3,8
2024-08-22 11:00:00,17.616666666666667,69.98,0.0,4.2874599,11,3,8
2024-08-22 12:00:00,17.728333333333335,71.78,0.0,5.7787503000000005,12,3,8
2024-08-22 13:00:00,17.503333333333334,73.22,0.0,6.21371,13,3,8
2024-08-22 14:00:00,15.581666666666669,74.48,0.0,5.9030245,14,3,8
2024-08-22 15:00:00,14.660000000000002,75.56,0.0,5.530201900000001,15,3,8
2024-08-22 16:00:00,13.636666666666665,76.28,0.0,5.6544761,16,3,8
2024-08-22 17:00:00,13.865,76.46,0.0,5.592339,17,3,8
2024-08-22 18:00:00,16.703333333333333,76.1,0.0,7.3943149,18,3,8
2024-08-22 19:00:00,18.07,73.58,0.0,7.0214923,19,3,8
2024-08-22 20:00:00,18.183333333333334,70.34,0.0,7.6428633,20,3,8
2024-08-22 21:00:00,20.34,67.82,0.0,6.337984199999999,21,3,8
2024-08-22 22:00:00,20.451666666666664,65.66,0.0,5.9030245,22,3,8
2024-08-22 23:00:00,21.59166666666667,63.86,0.0,6.2758471,23,3,8
2024-08-23 00:00:00,23.066666666666666,62.24,0.0,5.9030245,0,4,8
2024-08-23 01:00:00,27.398333333333337,60.440000000000005,0.0,5.2195164,1,4,8
2024-08-23 02:00:00,25.691666666666663,58.82,0.0,4.4738712000000005,2,4,8
2024-08-23 03:00:00,25.436666666666667,57.92,0.0,4.5981454,3,4,8
2024-08-23 04:00:00,24.376666666666665,57.56,0.0,5.4059276999999994,4,4,8
2024-08-23 05:00:00,22.65833333333333,57.02,0.0,5.2195164,5,4,8
2024-08-23 06:00:00,20.793333333333333,57.2,0.0,5.9030245,6,4,8
2024-08-23 07:00:00,18.07,59.72,0.0,5.592339,7,4,8
2024-08-23 08:00:00,16.25,62.959999999999994,0.0,5.840887400000001,8,4,8
2024-08-23 09:00:00,16.933333333333334,66.74000000000001,0.0,5.1573793000000006,9,4,8
2024-08-23 10:00:00,18.08666666666667,71.24000000000001,0.0,6.2758471,10,4,8
2024-08-23 11:00:00,17.73,74.66,0.0,7.6428633,11,4,8
2024-08-23 12:00:00,17.73,76.64,0.0,8.823468199999999,12,4,8
2024-08-23 13:00:00,17.39,78.25999999999999,0.0,9.5069763,13,4,8
2024-08-23 14:00:00,17.48,79.7,0.0,9.1962908,14,4,8
2024-08-23 15:00:00,15.68,80.6,0.0,8.7613311,15,4,8
2024-08-23 16:00:00,15.339999999999998,80.96,0.0,9.1962908,16,4,8
2024-08-23 17:00:00,14.886666666666665,80.96,0.0,9.1962908,17,4,8
2024-08-23 18:00:00,16.75166666666667,80.24000000000001,0.0,8.2642343,18,4,8
2024-08-23 19:00:00,17.881666666666668,78.08,0.0,6.7108068,19,4,8
2024-08-23 20:00:00,18.275000000000002,73.58,0.0,6.5243955,20,4,8
2024-08-23 21:00:00,20.111666666666668,70.7,0.0,5.592339,21,4,8
2024-08-23 22:00:00,20.111666666666668,68.36,0.0,6.027298699999999,22,4,8
2024-08-23 23:00:00,22.35166666666667,67.1,0.0,6.7108068,23,4,8
2024-08-24 00:00:00,24.09166666666667,65.3,0.0,5.9030245,0,5,8
2024-08-24 01:00:00,24.935000000000002,64.04,0.0,5.4680648000000005,1,5,8
2024-08-24 02:00:00,28.023333333333337,62.6,0.0,5.1573793000000006,2,5,8
2024-08-24 03:00:00,30.323333333333334,62.059999999999995,0.0,4.970968,3,5,8
2024-08-24 04:00:00,29.865,61.34,0.0,5.2195164,4,5,8
2024-08-24 05:00:00,23.636666666666667,61.34,0.0,5.716613199999999,5,5,8
2024-08-24 06:00:00,23.888333333333335,60.980000000000004,0.0,5.7787503000000005,6,5,8
2024-08-24 07:00:00,23.18166666666667,63.14,0.0,4.349597,7,5,8
2024-08-24 08:00:00,21.48,67.82,0.0,3.106855,8,5,8
2024-08-24 09:00:00,20.793333333333333,71.96,0.0,4.411734099999999,9,5,8
2024-08-24 10:00:00,19.203333333333333,75.56,0.0,5.840887400000001,10,5,8
2024-08-24 11:00:00,18.665,78.98,0.0,6.151572900000001,11,5,8
2024-08-24 12:00:00,18.183333333333334,81.5,0.0,7.3943149,12,5,8
2024-08-24 13:00:00,18.093333333333334,83.3,0.0,6.027298699999999,13,5,8
2024-08-24 14:00:00,17.366666666666667,84.02,0.0,7.5807262,14,5,8
2024-08-24 15:00:00,17.161666666666665,84.2,0.0,9.320565,15,5,8
2024-08-24 16:00:00,17.276666666666667,83.12,0.1,10.749718300000001,16,5,8
2024-08-24 17:00:00,16.636666666666667,82.22,0.0,10.0662102,17,5,8
2024-08-24 18:00:00,16.591666666666665,80.6,0.0,9.3827021,18,5,8
2024-08-24 19:00:00,17.526666666666667,78.62,0.0,8.2642343,19,5,8
2024-08-24 20:00:00,17.405,77.54,0.0,7.4564520000000005,20,5,8
2024-08-24 21:00:00,19.203333333333333,76.64,0.0,7.2700407,21,5,8
2024-08-24 22:00:00,19.885,75.74000000000001,0.0,6.8972181,22,5,8
2024-08-24 23:00:00,19.43166666666667,75.74000000000001,0.0,6.7729439000000005,23,5,8
2024-08-25 00:00:00,19.205000000000002,75.74000000000001,0.0,7.1457665,0,6,8
2024-08-25 01:00:00,23.035,75.02,0.0,7.0214923,1,6,8
2024-08-25 02:00:00,25.040000000000003,74.12,0.0,7.0836294,2,6,8
2024-08-25 03:00:00,22.665000000000003,73.4,0.0,7.0836294,3,6,8
2024-08-25 04:00:00,23.179999999999996,72.86,0.0,7.1457665,4,6,8
2024-08-25 05:00:00,22.72666666666667,72.32,0.0,7.5185891,5,6,8
2024-08-25 06:00:00,23.06833333333333,71.96,0.0,7.0836294,6,6,8
2024-08-25 07:00:00,22.501666666666665,73.04,0.0,7.2079036,7,6,8
2024-08-25 08:00:00,22.386666666666667,76.1,0.0,7.3321778,8,6,8
2024-08-25 09:00:00,21.706666666666667,79.88,0.0,8.699194,9,6,8
2024-08-25 10:00:00,19.99833333333333,83.3,0.0,9.941936,10,6,8
2024-08-25 11:00:00,19.091666666666665,86.18,0.0,11.8681861,11,6,8
2024-08-25 12:00:00,17.956666666666667,88.52,0.0,14.291533,12,6,8
2024-08-25 13:00:00,17.956666666666667,90.32,0.0,14.9750411,13,6,8
2024-08-25 14:00:00,17.73,91.58000000000001,0.0,13.9187104,14,6,8
2024-08-25 15:00:00,17.163333333333334,92.11999999999999,0.0,13.4837507,15,6,8
2024-08-25 16:00:00,17.796666666666667,92.11999999999999,0.0,12.675968399999999,16,6,8
2024-08-25 17:00:00,17.843333333333334,91.58000000000001,0.0,12.675968399999999,17,6,8
2024-08-25 18:00:00,18.37,90.32,0.0,12.054597399999999,18,6,8
2024-08-25 19:00:00,19.918333333333333,87.98,0.0,9.8176618,19,6,8
2024-08-25 20:00:00,20.453333333333333,84.02,0.0,9.7555247,20,6,8
2024-08-25 21:00:00,20.55666666666667,82.04,0.0,9.6312505,21,6,8
2024-08-25 22:00:00,21.820000000000004,80.42,0.0,9.3827021,22,6,8
2024-08-25 23:00:00,22.21666666666667,79.52,0.0,9.320565,23,6,8
2024-08-26 00:00:00,23.97666666666667,78.62,0.0,9.5691134,0,0,8
2024-08-26 01:00:00,26.995,78.8,0.0,10.749718300000001,1,0,8
2024-08-26 02:00:00,25.338333333333335,78.44,0.0,10.501169899999999,2,0,8
2024-08-26 03:00:00,24.421666666666667,78.08,0.0,11.122540899999999,3,0,8
2024-08-26 04:00:00,23.34,77.18,0.2,8.3885085,4,0,8
2024-08-26 05:00:00,22.638333333333335,77.36,0.0,10.004073100000001,5,0,8
2024-08-26 06:00:00,20.453333333333333,77.36,0.0,10.004073100000001,6,0,8
2024-08-26 07:00:00,17.044999999999998,77.36,0.0,9.258427900000001,7,0,8
2024-08-26 08:00:00,15.681666666666667,78.62,0.0,8.7613311,8,0,8
2024-08-26 09:00:00,16.363333333333333,80.78,0.0,9.5691134,9,0,8
2024-08-26 10:00:00,17.956666666666667,84.91999999999999,0.0,12.8002426,10,0,8
2024-08-26 11:00:00,17.39,87.61999999999999,0.0,13.1109281,11,0,8
2024-08-26 12:00:00,16.935,90.32,0.0,12.1167345,12,0,8
2024-08-26 13:00:00,17.046666666666667,92.3,0.0,11.6196377,13,0,8
2024-08-26 14:00:00,17.048333333333336,94.46000000000001,0.0,12.4895571,14,0,8
2024-08-26 15:00:00,15.566666666666668,95.9,0.0,14.2293959,15,0,8
2024-08-26 16:00:00,14.205,96.26,0.0,13.4837507,16,0,8
2024-08-26 17:00:00,13.291666666666666,96.08000000000001,0.0,13.1109281,17,0,8
2024-08-26 18:00:00,16.021666666666665,94.82,0.0,12.613831300000001,18,0,8
2024-08-26 19:00:00,17.843333333333334,92.48,0.0,10.190484399999999,19,0,8
2024-08-26 20:00:00,17.843333333333334,87.44,0.0,12.1788716,20,0,8
2024-08-26 21:00:00,19.805,85.64,0.0,13.297339399999998,21,0,8
2024-08-26 22:00:00,20.453333333333333,84.38000000000001,0.0,12.42742,22,0,8
2024-08-26 23:00:00,21.25,83.3,0.0,10.936129600000001,23,0,8
2024-08-27 00:00:00,23.06833333333333,82.22,0.0,6.835081,0,1,8
2024-08-27 01:00:00,22.51,81.14,0.0,9.6933876,1,1,8
2024-08-27 02:00:00,22.87,80.24000000000001,0.0,7.8292746,2,1,8
2024-08-27 03:00:00,24.191666666666666,79.7,0.0,10.501169899999999,3,1,8
2024-08-27 04:00:00,23.560000000000002,79.34,0.0,12.303145800000001,4,1,8
2024-08-27 05:00:00,21.93166666666667,79.16,0.0,13.7322991,5,1,8
2024-08-27 06:00:00,19.543333333333333,78.98,0.0,15.5964121,6,1,8
2024-08-27 07:00:00,17.273333333333333,79.52,0.0,13.297339399999998,7,1,8
2024-08-27 08:00:00,14.546666666666667,79.88,0.0,9.5069763,8,1,8
2024-08-27 09:00:00,15.568333333333333,83.3,0.0,7.5185891,9,1,8
2024-08-27 10:00:00,17.275000000000002,87.08000000000001,0.0,6.9593552,10,1,8
2024-08-27 11:00:00,17.416666666666668,90.14,0.0,8.5749198,11,1,8
2024-08-27 12:00:00,16.196666666666665,93.2,0.0,9.0098795,12,1,8
2024-08-27 13:00:00,16.933333333333334,96.08000000000001,0.0,8.823468199999999,13,1,8
2024-08-27 14:00:00,16.706666666666667,97.16,0.1,8.7613311,14,1,8
2024-08-27 15:00:00,15.113333333333335,96.61999999999999,0.0,8.699194,15,1,8
2024-08-27 16:00:00,13.865,97.16,0.0,8.326371400000001,16,1,8
2024-08-27 17:00:00,12.496666666666664,97.16,0.0,9.941936,17,1,8
2024-08-27 18:00:00,15.341666666666667,96.61999999999999,0.0,11.6196377,18,1,8
2024-08-27 19:00:00,16.803333333333335,94.28,0.0,10.749718300000001,19,1,8
2024-08-27 20:00:00,17.036666666666665,78.62,0.2,5.6544761,20,1,8
2024-08-27 21:00:00,18.183333333333334,77.72,0.0,8.8856053,21,1,8
2024-08-27 22:00:00,20.035,77.36,0.0,7.8292746,22,1,8
2024-08-27 23:00:00,20.794999999999998,76.82,0.0,9.0098795,23,1,8
2024-08-28 00:00:00,23.011666666666667,76.64,0.0,8.512782699999999,0,2,8
2024-08-28 01:00:00,22.183333333333334,76.28,0.0,8.512782699999999,1,2,8
2024-08-28 02:00:00,23.80666666666667,75.92,0.0,8.077823,2,2,8
2024-08-28 03:00:00,24.66,75.56,0.0,7.7050004,3,2,8
2024-08-28 04:00:00,22.5,75.2,0.0,5.530201900000001,4,2,8
2024-08-28 05:00:00,21.44333333333333,74.48,0.0,3.7903631,5,2,8
2024-08-28 06:00:00,19.316666666666666,73.58,0.0,3.4796776,6,2,8
2024-08-28 07:00:00,16.933333333333334,74.84,0.0,2.2990727,7,2,8
2024-08-28 08:00:00,15.568333333333333,73.22,0.0,4.5981454,8,2,8
2024-08-28 09:00:00,16.136666666666667,76.28,0.0,4.7224196,9,2,8
2024-08-28 10:00:00,17.956666666666667,79.88,0.0,6.7729439000000005,10,2,8
2024-08-28 11:00:00,17.39,83.12,0.0,8.823468199999999,11,2,8
2024-08-28 12:00:00,17.046666666666667,85.64,0.0,8.512782699999999,12,2,8
2024-08-28 13:00:00,17.276666666666667,86.0,0.0,3.0447179,13,2,8
2024-08-28 14:00:00,17.05,82.94,0.1,6.9593552,14,2,8
2024-08-28 15:00:00,15.681666666666667,79.52,0.0,11.557500600000001,15,2,8
2024-08-28 16:00:00,13.293333333333331,77.72,0.3,9.8797989,16,2,8
2024-08-28 17:00:00,12.723333333333334,77.72,0.1,11.3089522,17,2,8
2024-08-28 18:00:00,15.566666666666668,75.2,0.0,10.936129600000001,18,2,8
2024-08-28 19:00:00,17.956666666666667,73.94,0.0,10.625444100000001,19,2,8
2024-08-28 20:00:00,18.07,74.3,0.0,9.1962908,20,2,8
2024-08-28 21:00:00,18.31833333333333,73.75999999999999,0.0,9.8176618,21,2,8
2024-08-28 22:00:00,20.111666666666668,73.04,0.0,8.3885085,22,2,8
2024-08-28 23:00:00,20.919999999999998,72.32,0.0,9.0098795,23,2,8
2024-08-29 00:00:00,23.445000000000004,71.24000000000001,0.0,10.0662102,0,3,8
2024-08-29 01:00:00,23.046666666666667,70.7,0.0,9.6312505,1,3,8
2024-08-29 02:00:00,25.33,69.98,0.0,10.501169899999999,2,3,8
2024-08-29 03:00:00,25.69333333333333,69.62,0.0,10.501169899999999,3,3,8
2024-08-29 04:00:00,24.34166666666667,69.62,0.0,8.3885085,4,3,8
2024-08-29 05:00:00,22.16,69.44,0.0,8.3885085,5,3,8
2024-08-29 06:00:00,19.766666666666666,69.25999999999999,0.0,8.077823,6,3,8
2024-08-29 07:00:00,16.93166666666667,70.16,0.0,8.202097199999999,7,3,8
2024-08-29 08:00:00,15.339999999999998,71.6,0.0,9.0720166,8,3,8
2024-08-29 09:00:00,16.25166666666667,73.22,0.0,8.2642343,9,3,8
2024-08-29 10:00:00,17.616666666666667,74.66,0.0,7.0214923,10,3,8
2024-08-29 11:00:00,17.161666666666665,76.1,0.0,6.2758471,11,3,8
2024-08-29 12:00:00,16.933333333333334,77.36,0.0,6.9593552,12,3,8
2024-08-29 13:00:00,16.82,78.98,0.0,7.2079036,13,3,8
2024-08-29 14:00:00,16.591666666666665,79.7,0.0,9.0720166,14,3,8
2024-08-29 15:00:00,15.226666666666667,79.52,0.0,10.501169899999999,15,3,8
2024-08-29 16:00:00,13.633333333333333,79.88,0.0,10.4390328,16,3,8
2024-08-29 17:00:00,12.156666666666666,79.88,0.0,9.4448392,17,3,8
2024-08-29 18:00:00,14.998333333333333,78.8,0.0,9.258427900000001,18,3,8
2024-08-29 19:00:00,17.503333333333334,77.0,0.0,8.077823,19,3,8
2024-08-29 20:00:00,17.298333333333336,74.66,0.0,8.7613311,20,3,8
2024-08-29 21:00:00,18.636666666666667,74.48,0.0,6.7729439000000005,21,3,8
2024-08-29 22:00:00,20.338333333333335,74.3,0.0,7.2700407,22,3,8
2024-08-29 23:00:00,20.34,73.94,0.0,8.1399601,23,3,8
2024-08-30 00:00:00,22.5,73.75999999999999,0.0,7.3943149,0,4,8
2024-08-30 01:00:00,23.146666666666665,74.66,0.0,10.004073100000001,1,4,8
2024-08-30 02:00:00,24.235,75.74000000000001,0.0,13.048791,2,4,8
2024-08-30 03:00:00,25.96666666666667,75.74000000000001,0.0,12.1167345,3,4,8
2024-08-30 04:00:00,23.671666666666667,75.56,0.0,11.6196377,4,4,8
2024-08-30 05:00:00,22.331666666666667,75.38,0.0,11.3089522,5,4,8
2024-08-30 06:00:00,18.976666666666667,75.2,0.0,10.563307,6,4,8
2024-08-30 07:00:00,17.046666666666667,75.74000000000001,0.0,10.625444100000001,7,4,8
2024-08-30 08:00:00,15.453333333333333,72.86,0.3,4.1010485999999995,8,4,8
2024-08-30 09:00:00,16.18166666666667,74.84,0.0,4.0389115,9,4,8
2024-08-30 10:00:00,17.616666666666667,78.25999999999999,0.0,4.6602825,10,4,8
2024-08-30 11:00:00,17.503333333333334,82.58,0.0,8.823468199999999,11,4,8
2024-08-30 12:00:00,16.935,85.1,0.0,8.823468199999999,12,4,8
2024-08-30 13:00:00,17.163333333333334,87.8,0.0,7.0214923,13,4,8
2024-08-30 14:00:00,17.065,88.88000000000001,0.0,8.077823,14,4,8
2024-08-30 15:00:00,15.568333333333333,85.1,0.0,5.4680648000000005,15,4,8
2024-08-30 16:00:00,14.433333333333332,75.74000000000001,3.9,4.4738712000000005,16,4,8
2024-08-30 17:00:00,13.638333333333334,78.25999999999999,0.1,5.2816535,17,4,8
2024-08-30 18:00:00,15.566666666666668,80.06,0.0,5.530201900000001,18,4,8
2024-08-30 19:00:00,17.775000000000002,79.52,0.0,5.592339,19,4,8
2024-08-30 20:00:00,17.73,77.72,0.0,2.3612098,20,4,8
2024-08-30 21:00:00,18.863333333333333,77.18,0.0,4.2253228,21,4,8
2024-08-30 22:00:00,19.49833333333333,76.28,0.0,7.5185891,22,4,8
2024-08-30 23:00:00,20.453333333333333,74.84,0.0,9.0720166,23,4,8
2024-08-31 00:00:00,21.865,73.4,0.0,9.1962908,0,5,8
2024-08-31 01:00:00,23.376666666666665,71.96,0.0,8.2642343,1,5,8
2024-08-31 02:00:00,26.459999999999997,70.34,0.0,8.2642343,2,5,8
2024-08-31 03:00:00,25.186666666666667,68.72,0.0,8.823468199999999,3,5,8
2024-08-31 04:00:00,23.785,67.46,0.0,6.337984199999999,4,5,8
2024-08-31 05:00:00,24.011666666666667,66.2,0.0,6.835081,5,5,8
2024-08-31 06:00:00,22.886666666666667,64.94,0.0,6.7729439000000005,6,5,8
2024-08-31 07:00:00,22.5,64.94,0.0,5.840887400000001,7,5,8
2024-08-31 08:00:00,20.93166666666667,67.28,0.0,5.530201900000001,8,5,8
2024-08-31 09:00:00,20.338333333333335,71.78,0.0,5.2195164,9,5,8
2024-08-31 10:00:00,18.636666666666667,75.02,0.0,2.7340324000000003,10,5,8
2024-08-31 11:00:00,17.73,76.82,0.0,0.8077823000000001,11,5,8
2024-08-31 12:00:00,16.80333333333333,78.44,0.0,1.7398388,12,5,8
2024-08-31 13:00:00,16.631666666666668,79.88,0.0,3.106855,13,5,8
2024-08-31 14:00:00,16.94333333333333,81.32,0.0,4.5360083,14,5,8
2024-08-31 15:00:00,16.361666666666668,82.22,0.0,4.7845567,15,5,8
2024-08-31 16:00:00,16.24833333333333,82.58,0.0,4.4738712000000005,16,5,8
2024-08-31 17:00:00,16.55,82.4,0.0,4.9088309,17,5,8
2024-08-31 18:00:00,17.048333333333336,82.22,0.0,6.5243955,18,5,8
2024-08-31 19:00:00,16.591666666666665,80.6,0.0,8.8856053,19,5,8
2024-08-31 20:00:00,16.474999999999998,76.28,0.0,8.015685900000001,20,5,8
2024-08-31 21:00:00,16.478333333333335,73.4,0.0,8.326371400000001,21,5,8
2024-08-31 22:00:00,17.615,71.78,0.0,8.823468199999999,22,5,8
2024-08-31 23:00:00,17.953333333333333,70.88,0.0,9.5069763,23,5,8
2024-09-01 00:00:00,20.226666666666667,69.98,0.0,10.190484399999999,0,6,9
2024-09-01 01:00:00,22.17,69.25999999999999,0.0,9.258427900000001,1,6,9
2024-09-01 02:00:00,25.828333333333333,68.36,0.0,8.947742400000001,2,6,9
2024-09-01 03:00:00,25.453333333333333,67.28,0.0,8.7613311,3,6,9
2024-09-01 04:00:00,24.613333333333333,66.56,0.0,9.320565,4,6,9
2024-09-01 05:00:00,23.785,66.38,0.0,8.7613311,5,6,9
2024-09-01 06:00:00,22.84,66.38,0.0,8.326371400000001,6,6,9
2024-09-01 07:00:00,22.771666666666665,67.28,0.0,7.2079036,7,6,9
2024-09-01 08:00:00,22.728333333333335,70.7,0.0,9.0098795,8,6,9
2024-09-01 09:00:00,21.478333333333335,72.5,0.0,18.1440332,9,6,9
2024-09-01 10:00:00,20.419999999999998,72.32,0.0,20.1324204,10,6,9
2024-09-01 11:00:00,19.203333333333333,71.24000000000001,0.0,21.5615737,11,6,9
2024-09-01 12:00:00,17.50166666666667,70.88,0.0,20.2566946,12,6,9
2024-09-01 13:00:00,17.513333333333332,70.52,0.0,20.008146200000002,13,6,9
2024-09-01 14:00:00,17.388333333333332,70.16,0.0,19.262501,14,6,9
2024-09-01 15:00:00,17.161666666666665,69.44,0.0,19.1382268,15,6,9
2024-09-01 16:00:00,17.046666666666667,68.36,0.0,18.0818961,16,6,9
2024-09-01 17:00:00,16.706666666666667,67.28,0.0,17.5847993,17,6,9
2024-09-01 18:00:00,17.616666666666667,66.2,0.0,15.6585492,18,6,9
2024-09-01 19:00:00,19.09,64.58,0.0,13.4216136,19,6,9
2024-09-01 20:00:00,19.43,64.22,0.0,11.122540899999999,20,6,9
2024-09-01 21:00:00,20.315,63.68,0.0,10.4390328,21,6,9
2024-09-01 22:00:00,20.794999999999998,63.32,0.0,10.3768957,22,6,9
2024-09-01 23:00:00,20.75,62.78,0.0,9.1962908,23,6,9
2024-09-02 00:00:00,22.271666666666665,61.88,0.0,7.7050004,0,0,9
2024-09-02 01:00:00,25.705,61.519999999999996,0.0,7.8914117,1,0,9
2024-09-02 02:00:00,23.95,61.7,0.0,8.947742400000001,2,0,9
2024-09-02 03:00:00,25.205,61.519999999999996,0.0,8.947742400000001,3,0,9
2024-09-02 04:00:00,24.278333333333336,60.980000000000004,0.0,8.3885085,4,0,9
2024-09-02 05:00:00,22.955,60.440000000000005,0.0,7.8292746,5,0,9
2024-09-02 06:00:00,22.94333333333333,59.540000000000006,0.0,7.3321778,6,0,9
2024-09-02 07:00:00,22.853333333333335,60.8,0.0,7.2079036,7,0,9
2024-09-02 08:00:00,22.386666666666667,63.86,0.0,5.4059276999999994,8,0,9
2024-09-02 09:00:00,21.705,65.3,0.0,4.9088309,9,0,9
2024-09-02 10:00:00,19.715,67.1,0.0,5.4059276999999994,10,0,9
2024-09-02 11:00:00,19.543333333333333,68.72,0.0,5.716613199999999,11,0,9
2024-09-02 12:00:00,18.636666666666667,69.98,0.0,6.2758471,12,0,9
2024-09-02 13:00:00,18.523333333333333,70.7,0.0,6.835081,13,0,9
2024-09-02 14:00:00,17.996666666666666,71.06,0.0,7.5807262,14,0,9
2024-09-02 15:00:00,17.655,71.06,0.0,8.1399601,15,0,9
2024-09-02 16:00:00,17.276666666666667,70.88,0.0,8.4506456,16,0,9
2024-09-02 17:00:00,17.956666666666667,70.52,0.0,8.699194,17,0,9
2024-09-02 18:00:00,18.07,70.16,0.0,8.8856053,18,0,9
2024-09-02 19:00:00,19.316666666666666,68.9,0.0,7.1457665,19,0,9
2024-09-02 20:00:00,19.544999999999998,66.92,0.0,6.337984199999999,20,0,9
2024-09-02 21:00:00,20.466666666666665,66.02,0.0,6.5243955,21,0,9
2024-09-02 22:00:00,21.25166666666667,64.75999999999999,0.0,6.0894358,22,0,9
2024-09-02 23:00:00,21.31,62.959999999999994,0.0,5.2195164,23,0,9
2024-09-03 00:00:00,23.97666666666667,61.519999999999996,0.0,5.2816535,0,1,9
2024-09-03 01:00:00,24.786666666666665,60.8,0.0,5.7787503000000005,1,1,9
2024-09-03 02:00:00,23.896666666666665,61.16,0.0,7.2079036,2,1,9
2024-09-03 03:00:00,25.243333333333336,60.440000000000005,0.0,7.0836294,3,1,9
2024-09-03 04:00:00,23.68166666666667,59.0,0.0,6.7108068,4,1,9
2024-09-03 05:00:00,23.545,57.56,0.0,6.4622584000000005,5,1,9
2024-09-03 06:00:00,19.658333333333335,56.48,0.0,6.0894358,6,1,9
2024-09-03 07:00:00,17.273333333333333,57.379999999999995,0.0,5.4059276999999994,7,1,9
2024-09-03 08:00:00,15.0,59.72,0.0,6.027298699999999,8,1,9
2024-09-03 09:00:00,15.681666666666667,62.6,0.0,5.2195164,9,1,9
2024-09-03 10:00:00,17.80666666666667,66.02,0.0,5.716613199999999,10,1,9
2024-09-03 11:00:00,17.503333333333334,69.08,0.0,7.2079036,11,1,9
2024-09-03 12:00:00,16.933333333333334,71.06,0.0,7.2700407,12,1,9
2024-09-03 13:00:00,17.273333333333333,72.32,0.0,7.0836294,13,1,9
2024-09-03 14:00:00,17.048333333333336,73.22,0.0,7.7050004,14,1,9
2024-09-03 15:00:00,15.113333333333335,73.22,0.0,8.326371400000001,15,1,9
2024-09-03 16:00:00,13.521666666666667,73.04,0.0,7.8914117,16,1,9
2024-09-03 17:00:00,12.156666666666666,73.04,0.0,7.3321778,17,1,9
2024-09-03 18:00:00,15.226666666666667,72.68,0.0,7.2079036,18,1,9
2024-09-03 19:00:00,17.706666666666667,71.42,0.0,6.4001213,19,1,9
2024-09-03 20:00:00,17.808333333333334,69.44,0.0,8.512782699999999,20,1,9
2024-09-03 21:00:00,19.543333333333333,68.72,0.0,8.699194,21,1,9
2024-09-03 22:00:00,20.794999999999998,67.82,0.0,8.3885085,22,1,9
2024-09-03 23:00:00,21.64833333333333,67.1,0.0,8.3885085,23,1,9
2024-09-04 00:00:00,23.30666666666667,66.56,0.0,9.0098795,0,2,9
2024-09-04 01:00:00,23.80666666666667,64.58,0.0,8.015685900000001,1,2,9
2024-09-04 02:00:00,24.060000000000002,62.6,0.0,6.9593552,2,2,9
2024-09-04 03:00:00,25.71666666666667,60.980000000000004,0.0,6.337984199999999,3,2,9
2024-09-04 04:00:00,23.203333333333333,60.08,0.0,6.648669699999999,4,2,9
2024-09-04 05:00:00,22.215,59.0,0.0,6.21371,5,2,9
2024-09-04 06:00:00,19.845,57.92,0.0,5.9651616,6,2,9
2024-09-04 07:00:00,17.16,59.18,0.0,6.0894358,7,2,9
2024-09-04 08:00:00,15.0,62.059999999999995,0.0,5.9030245,8,2,9
2024-09-04 09:00:00,15.456666666666669,65.48,0.0,5.530201900000001,9,2,9
2024-09-04 10:00:00,17.615,69.25999999999999,0.0,6.337984199999999,10,2,9
2024-09-04 11:00:00,17.616666666666667,72.5,0.0,7.2079036,11,2,9
2024-09-04 12:00:00,17.39,75.2,0.0,7.8292746,12,2,9
2024-09-04 13:00:00,17.263333333333332,77.18,0.0,8.8856053,13,2,9
2024-09-04 14:00:00,17.135,78.44,0.0,9.258427900000001,14,2,9
2024-09-04 15:00:00,15.568333333333333,79.16,0.0,9.134153699999999,15,2,9
2024-09-04 16:00:00,13.408333333333333,79.52,0.0,9.1962908,16,2,9
2024-09-04 17:00:00,12.496666666666664,78.98,0.0,9.6312505,17,2,9
2024-09-04 18:00:00,15.318333333333333,77.54,0.0,9.1962908,18,2,9
2024-09-04 19:00:00,17.548333333333336,74.84,0.0,8.202097199999999,19,2,9
2024-09-04 20:00:00,18.07,72.86,0.0,6.7729439000000005,20,2,9
2024-09-04 21:00:00,19.544999999999998,71.96,0.0,5.9651616,21,2,9
2024-09-04 22:00:00,20.451666666666664,70.34,0.0,5.840887400000001,22,2,9
2024-09-04 23:00:00,21.771666666666665,67.28,0.0,3.6660889,23,2,9
2024-09-05 00:00:00,22.613333333333333,65.84,0.0,3.2311292000000003,0,3,9
2024-09-05 01:00:00,23.896666666666665,66.02,0.0,5.592339,1,3,9
2024-09-05 02:00:00,26.096666666666664,67.46,0.0,5.2195164,2,3,9
2024-09-05 03:00:00,26.176666666666666,68.18,0.0,5.530201900000001,3,3,9
2024-09-05 04:00:00,23.09,68.9,0.0,6.9593552,4,3,9
2024-09-05 05:00:00,22.875,67.82,0.0,7.1457665,5,3,9
2024-09-05 06:00:00,20.816666666666666,66.02,0.0,6.5243955,6,3,9
2024-09-05 07:00:00,17.161666666666665,66.02,0.0,6.7729439000000005,7,3,9
2024-09-05 08:00:00,15.115,68.36,0.0,5.530201900000001,8,3,9
2024-09-05 09:00:00,15.453333333333333,73.75999999999999,0.0,7.2700407,9,3,9
2024-09-05 10:00:00,17.426666666666666,78.25999999999999,0.0,9.8176618,10,3,9
2024-09-05 11:00:00,17.349999999999998,82.04,0.0,10.811855399999999,11,3,9
2024-09-05 12:00:00,17.05,84.38000000000001,0.0,11.992460300000001,12,3,9
2024-09-05 13:00:00,16.82,86.0,0.0,11.806049,13,3,9
2024-09-05 14:00:00,16.593333333333334,87.44,0.0,12.054597399999999,14,3,9
2024-09-05 15:00:00,15.339999999999998,88.7,0.0,12.986653899999999,15,3,9
2024-09-05 16:00:00,13.635,88.7,0.0,13.670162,16,3,9
2024-09-05 17:00:00,11.703333333333333,88.16,0.0,13.9187104,17,3,9
2024-09-05 18:00:00,15.113333333333335,86.72,0.0,12.4895571,18,3,9
2024-09-05 19:00:00,17.39,83.66,0.0,7.6428633,19,3,9
2024-09-05 20:00:00,16.82,74.84,1.0,11.4953635,20,3,9
2024-09-05 21:00:00,18.296666666666667,71.78,2.9,8.3885085,21,3,9
2024-09-05 22:00:00,20.726666666666667,69.25999999999999,6.0,3.6660889,22,3,9
2024-09-05 23:00:00,21.43166666666667,69.44,0.1,7.2700407,23,3,9
2024-09-06 00:00:00,23.103333333333335,69.08,0.0,7.3943149,0,4,9
2024-09-06 01:00:00,22.295,68.9,0.0,7.9535488,1,4,9
2024-09-06 02:00:00,23.808333333333334,68.18,0.0,7.1457665,2,4,9
2024-09-06 03:00:00,24.988333333333333,67.28,0.0,8.5749198,3,4,9
2024-09-06 04:00:00,24.936666666666667,66.38,0.0,10.4390328,4,4,9
2024-09-06 05:00:00,23.40833333333333,66.02,0.0,10.563307,5,4,9
2024-09-06 06:00:00,20.021666666666665,65.84,0.1,12.054597399999999,6,4,9
2024-09-06 07:00:00,17.388333333333332,65.66,0.1,11.992460300000001,7,4,9
2024-09-06 08:00:00,14.886666666666665,66.02,0.1,15.5964121,8,4,9
2024-09-06 09:00:00,16.365,66.74000000000001,0.1,16.217783100000002,9,4,9
2024-09-06 10:00:00,17.956666666666667,66.38,0.1,17.895484800000002,10,4,9
2024-09-06 11:00:00,17.616666666666667,66.38,0.1,19.7595978,11,4,9
2024-09-06 12:00:00,17.163333333333334,67.1,0.0,19.6353236,12,4,9
2024-09-06 13:00:00,16.933333333333334,66.2,0.0,20.5673801,13,4,9
2024-09-06 14:00:00,16.706666666666667,66.38,0.0,19.2003639,14,4,9
2024-09-06 15:00:00,14.433333333333332,66.2,0.0,17.8333477,15,4,9
2024-09-06 16:00:00,13.635,64.75999999999999,0.1,17.646936399999998,16,4,9
2024-09-06 17:00:00,12.241666666666667,64.4,0.0,17.274113800000002,17,4,9
2024-09-06 18:00:00,14.545,63.86,0.0,16.404194399999998,18,4,9
2024-09-06 19:00:00,16.24833333333333,62.6,0.0,14.291533,19,4,9
2024-09-06 20:00:00,17.161666666666665,61.16,0.0,13.670162,20,4,9
2024-09-06 21:00:00,18.671666666666667,60.980000000000004,0.0,14.1051217,21,4,9
2024-09-06 22:00:00,18.863333333333333,60.440000000000005,0.1,14.7886298,22,4,9
2024-09-06 23:00:00,20.636666666666667,58.459999999999994,0.0,16.2799202,23,4,9
2024-09-07 00:00:00,21.808333333333334,57.02,0.2,13.8565733,0,5,9
2024-09-07 01:00:00,23.593333333333334,57.2,0.4,14.8507669,1,5,9
2024-09-07 02:00:00,23.386666666666667,56.84,0.1,14.8507669,2,5,9
2024-09-07 03:00:00,26.03333333333333,55.58,0.0,13.4216136,3,5,9
2024-09-07 04:00:00,24.813333333333333,53.96,0.0,13.545887800000001,4,5,9
2024-09-07 05:00:00,22.15833333333333,52.52,0.0,14.5400814,5,5,9
2024-09-07 06:00:00,21.59166666666667,51.44,0.0,14.5400814,6,5,9
2024-09-07 07:00:00,19.99833333333333,51.26,0.0,14.4779443,7,5,9
2024-09-07 08:00:00,20.453333333333333,52.7,0.0,15.0993153,8,5,9
2024-09-07 09:00:00,18.75,55.04,0.0,16.155646,9,5,9
2024-09-07 10:00:00,18.863333333333333,57.379999999999995,0.0,16.404194399999998,10,5,9
2024-09-07 11:00:00,18.301666666666666,58.82,0.0,17.025565399999998,11,5,9
2024-09-07 12:00:00,17.701666666666668,60.08,0.0,17.895484800000002,12,5,9
2024-09-07 13:00:00,17.593333333333334,60.62,0.0,17.274113800000002,13,5,9
2024-09-07 14:00:00,17.39,61.34,0.0,16.652742800000002,14,5,9
2024-09-07 15:00:00,16.24833333333333,59.9,0.0,16.777017,15,5,9
2024-09-07 16:00:00,16.25,59.9,0.0,15.0371782,16,5,9
2024-09-07 17:00:00,16.01,59.36,0.0,13.3594765,17,5,9
2024-09-07 18:00:00,16.24833333333333,58.64,0.0,11.6196377,18,5,9
2024-09-07 19:00:00,16.705000000000002,57.2,0.0,8.637056900000001,19,5,9
2024-09-07 20:00:00,17.208333333333332,57.02,0.0,6.21371,20,5,9
2024-09-07 21:00:00,18.976666666666667,55.94,0.0,5.6544761,21,5,9
2024-09-07 22:00:00,19.885,54.32,0.0,4.349597,22,5,9
2024-09-07 23:00:00,21.021666666666665,52.879999999999995,0.0,3.9767744,23,5,9
2024-09-08 00:00:00,21.933333333333334,51.8,0.0,4.9088309,0,6,9
2024-09-08 01:00:00,23.521666666666665,50.72,0.0,6.2758471,1,6,9
2024-09-08 02:00:00,24.251666666666665,50.0,0.0,6.5865326,2,6,9
2024-09-08 03:00:00,24.298333333333332,49.82,0.0,6.7729439000000005,3,6,9
2024-09-08 04:00:00,23.955,49.82,0.0,6.835081,4,6,9
2024-09-08 05:00:00,25.23,49.28,0.0,7.2700407,5,6,9
2024-09-08 06:00:00,23.16,48.92,0.0,7.7050004,6,6,9
2024-09-08 07:00:00,22.861666666666665,49.46,0.0,8.4506456,7,6,9
2024-09-08 08:00:00,21.820000000000004,52.879999999999995,0.0,7.0836294,8,6,9
2024-09-08 09:00:00,21.53333333333333,58.459999999999994,0.0,8.3885085,9,6,9
2024-09-08 10:00:00,18.636666666666667,63.32,0.0,10.749718300000001,10,6,9
2024-09-08 11:00:00,18.296666666666667,66.38,0.0,10.936129600000001,11,6,9
2024-09-08 12:00:00,18.716666666666665,68.72,0.0,9.6312505,12,6,9
2024-09-08 13:00:00,18.523333333333333,70.52,0.0,8.947742400000001,13,6,9
2024-09-08 14:00:00,18.046666666666667,71.96,0.0,9.4448392,14,6,9
2024-09-08 15:00:00,16.933333333333334,73.04,0.0,10.314758600000001,15,6,9
2024-09-08 16:00:00,14.291666666666666,73.75999999999999,0.0,10.749718300000001,16,6,9
2024-09-08 17:00:00,16.138333333333332,73.58,0.0,10.3768957,17,6,9
2024-09-08 18:00:00,17.615,72.5,0.0,11.3089522,18,6,9
2024-09-08 19:00:00,19.465,69.62,0.0,9.3827021,19,6,9
2024-09-08 20:00:00,19.951666666666664,65.3,0.0,8.637056900000001,20,6,9
2024-09-08 21:00:00,20.796666666666667,63.14,0.0,8.699194,21,6,9
2024-09-08 22:00:00,21.701666666666668,61.519999999999996,0.0,8.5749198,22,6,9
2024-09-08 23:00:00,22.138333333333335,60.440000000000005,0.0,9.4448392,23,6,9
2024-09-09 00:00:00,23.76,59.9,0.0,10.3768957,0,0,9
2024-09-09 01:00:00,23.98,59.18,0.0,10.563307,1,0,9
2024-09-09 02:00:00,23.94333333333333,58.459999999999994,0.0,11.184678,2,0,9
2024-09-09 03:00:00,25.33,58.1,0.0,11.4953635,3,0,9
2024-09-09 04:00:00,24.035,57.92,0.0,11.9303232,4,0,9
2024-09-09 05:00:00,23.363333333333333,57.74,0.0,11.992460300000001,5,0,9
2024-09-09 06:00:00,20.55666666666667,57.56,0.0,11.9303232,6,0,9
2024-09-09 07:00:00,17.50166666666667,57.92,0.0,11.371089300000001,7,0,9
2024-09-09 08:00:00,15.568333333333333,60.440000000000005,0.0,10.625444100000001,8,0,9
2024-09-09 09:00:00,16.25166666666667,64.75999999999999,0.0,12.613831300000001,9,0,9
2024-09-09 10:00:00,18.07,69.08,0.0,14.0429846,10,0,9
2024-09-09 11:00:00,17.73,73.22,0.0,14.9750411,11,0,9
2024-09-09 12:00:00,17.73,76.28,0.0,14.5400814,12,0,9
2024-09-09 13:00:00,17.39,78.62,0.0,13.3594765,13,0,9
2024-09-09 14:00:00,17.163333333333334,80.24000000000001,0.0,12.2410087,14,0,9
2024-09-09 15:00:00,15.339999999999998,81.14,0.0,11.743911899999999,15,0,9
2024-09-09 16:00:00,13.865,81.5,0.0,11.246815100000001,16,0,9
2024-09-09 17:00:00,13.408333333333333,80.96,0.0,11.246815100000001,17,0,9
2024-09-09 18:00:00,15.795,79.88,0.0,10.1283473,18,0,9
2024-09-09 19:00:00,18.155,76.46,0.0,7.3321778,19,0,9
2024-09-09 20:00:00,17.73,71.78,0.0,8.2642343,20,0,9
2024-09-09 21:00:00,20.224999999999998,69.25999999999999,0.0,7.9535488,21,0,9
2024-09-09 22:00:00,21.025000000000002,67.28,0.0,7.5185891,22,0,9
2024-09-09 23:00:00,22.228333333333335,65.3,0.0,7.4564520000000005,23,0,9
2024-09-10 00:00:00,24.34166666666667,63.68,0.0,7.0836294,0,1,9
2024-09-10 01:00:00,24.955,61.7,0.0,6.4001213,1,1,9
2024-09-10 02:00:00,26.688333333333333,60.08,0.0,5.7787503000000005,2,1,9
2024-09-10 03:00:00,25.0,58.64,0.0,5.840887400000001,3,1,9
2024-09-10 04:00:00,25.388333333333335,57.56,0.0,6.21371,4,1,9
2024-09-10 05:00:00,22.513333333333335,56.66,0.0,6.337984199999999,5,1,9
2024-09-10 06:00:00,20.338333333333335,55.94,0.0,6.4622584000000005,6,1,9
2024-09-10 07:00:00,17.386666666666667,56.3,0.0,5.7787503000000005,7,1,9
2024-09-10 08:00:00,15.226666666666667,59.36,0.0,4.4738712000000005,8,1,9
2024-09-10 09:00:00,15.683333333333332,64.94,0.0,4.9088309,9,1,9
2024-09-10 10:00:00,17.956666666666667,71.06,0.0,5.4680648000000005,10,1,9
2024-09-10 11:00:00,17.616666666666667,75.56,0.0,7.0836294,11,1,9
2024-09-10 12:00:00,17.276666666666667,78.25999999999999,0.0,8.823468199999999,12,1,9
2024-09-10 13:00:00,17.275000000000002,80.42,0.0,10.190484399999999,13,1,9
2024-09-10 14:00:00,17.325,81.86,0.0,10.314758600000001,14,1,9
2024-09-10 15:00:00,15.681666666666667,82.75999999999999,0.0,9.8797989,15,1,9
2024-09-10 16:00:00,13.748333333333333,82.94,0.0,10.4390328,16,1,9
2024-09-10 17:00:00,12.838333333333333,82.4,0.0,10.563307,17,1,9
2024-09-10 18:00:00,15.113333333333335,80.78,0.0,10.1283473,18,1,9
2024-09-10 19:00:00,17.276666666666667,77.18,0.0,8.326371400000001,19,1,9
2024-09-10 20:00:00,17.763333333333332,73.75999999999999,0.0,8.947742400000001,20,1,9
2024-09-10 21:00:00,19.43,71.42,0.0,8.947742400000001,21,1,9
2024-09-10 22:00:00,20.68,69.62,0.0,9.941936,22,1,9
2024-09-10 23:00:00,20.68166666666667,67.82,0.0,8.637056900000001,23,1,9
2024-09-11 00:00:00,23.635,66.02,0.0,7.5185891,0,2,9
2024-09-11 01:00:00,22.125,64.58,0.0,7.2079036,1,2,9
2024-09-11 02:00:00,25.06833333333333,63.32,0.0,7.0214923,2,2,9
2024-09-11 03:00:00,27.578333333333333,62.059999999999995,0.0,6.5243955,3,2,9
2024-09-11 04:00:00,24.236666666666665,60.8,0.0,6.337984199999999,4,2,9
2024-09-11 05:00:00,22.386666666666667,60.440000000000005,0.0,6.337984199999999,5,2,9
2024-09-11 06:00:00,20.05,59.540000000000006,0.0,6.2758471,6,2,9
2024-09-11 07:00:00,16.933333333333334,59.36,0.0,5.0331051,7,2,9
2024-09-11 08:00:00,14.886666666666665,62.24,0.0,2.6097582,8,2,9
2024-09-11 09:00:00,15.455,66.92,0.0,4.0389115,9,2,9
2024-09-11 10:00:00,17.86,72.14,0.0,5.9651616,10,2,9
2024-09-11 11:00:00,17.39,76.82,0.0,7.7671375000000005,11,2,9
2024-09-11 12:00:00,17.503333333333334,80.42,0.0,8.7613311,12,2,9
2024-09-11 13:00:00,17.503333333333334,82.94,0.0,8.4506456,13,2,9
2024-09-11 14:00:00,17.05,84.38000000000001,0.0,8.5749198,14,2,9
2024-09-11 15:00:00,15.795,85.1,0.0,8.8856053,15,2,9
2024-09-11 16:00:00,13.521666666666667,85.1,0.0,8.823468199999999,16,2,9
2024-09-11 17:00:00,12.723333333333334,84.2,0.0,8.699194,17,2,9
2024-09-11 18:00:00,15.568333333333333,82.22,0.0,8.2642343,18,2,9
2024-09-11 19:00:00,17.616666666666667,78.44,0.0,8.015685900000001,19,2,9
2024-09-11 20:00:00,17.616666666666667,74.66,0.0,8.8856053,20,2,9
2024-09-11 21:00:00,20.566666666666666,73.75999999999999,0.0,8.202097199999999,21,2,9
2024-09-11 22:00:00,20.408333333333335,72.32,0.0,7.4564520000000005,22,2,9
2024-09-11 23:00:00,21.795,70.52,0.0,6.5865326,23,2,9
2024-09-12 00:00:00,23.43166666666667,68.9,0.0,6.21371,0,3,9
2024-09-12 01:00:00,23.113333333333333,67.82,0.0,6.4001213,1,3,9
2024-09-12 02:00:00,24.701666666666668,66.56,0.0,5.9651616,2,3,9
2024-09-12 03:00:00,25.083333333333332,65.3,0.0,5.7787503000000005,3,3,9
2024-09-12 04:00:00,24.258333333333336,64.4,0.0,5.7787503000000005,4,3,9
2024-09-12 05:00:00,22.5,63.32,0.0,5.2195164,5,3,9
2024-09-12 06:00:00,19.99833333333333,62.24,0.0,4.349597,6,3,9
2024-09-12 07:00:00,17.388333333333332,63.86,0.0,3.0447179,7,3,9
2024-09-12 08:00:00,14.660000000000002,68.0,0.0,2.6718953,8,3,9
2024-09-12 09:00:00,15.795,72.14,0.0,5.592339,9,3,9
2024-09-12 10:00:00,17.50166666666667,74.3,0.0,7.3943149,10,3,9
2024-09-12 11:00:00,17.276666666666667,75.92,0.0,7.8292746,11,3,9
2024-09-12 12:00:00,16.82,77.9,0.0,8.077823,12,3,9
2024-09-12 13:00:00,17.161666666666665,79.7,0.0,9.5069763,13,3,9
2024-09-12 14:00:00,17.048333333333336,80.78,0.0,9.5069763,14,3,9
2024-09-12 15:00:00,15.453333333333333,81.86,0.0,11.060403800000001,15,3,9
2024-09-12 16:00:00,14.203333333333333,81.14,0.0,11.246815100000001,16,3,9
2024-09-12 17:00:00,12.611666666666666,79.7,0.0,11.184678,17,3,9
2024-09-12 18:00:00,15.113333333333335,77.72,0.0,10.1283473,18,3,9
2024-09-12 19:00:00,17.503333333333334,75.38,0.0,11.184678,19,3,9
2024-09-12 20:00:00,17.73,73.94,0.0,12.8002426,20,3,9
2024-09-12 21:00:00,18.863333333333333,73.58,0.0,12.7381055,21,3,9
2024-09-12 22:00:00,20.34,73.22,0.0,12.5516942,22,3,9
2024-09-12 23:00:00,21.820000000000004,72.68,0.0,12.303145800000001,23,3,9
2024-09-13 00:00:00,22.53333333333333,72.32,0.0,13.8565733,0,4,9
2024-09-13 01:00:00,24.215,71.24000000000001,0.0,12.924516800000001,1,4,9
2024-09-13 02:00:00,24.785,70.16,0.0,11.9303232,2,4,9
2024-09-13 03:00:00,26.358333333333334,69.08,0.0,10.625444100000001,3,4,9
2024-09-13 04:00:00,24.365,68.18,0.0,9.6312505,4,4,9
2024-09-13 05:00:00,22.613333333333333,67.1,0.0,9.134153699999999,5,4,9
2024-09-13 06:00:00,19.543333333333333,66.38,0.0,8.5749198,6,4,9
2024-09-13 07:00:00,17.161666666666665,66.2,0.0,8.3885085,7,4,9
2024-09-13 08:00:00,15.339999999999998,67.82,0.0,8.3885085,8,4,9
2024-09-13 09:00:00,16.705000000000002,69.98,0.0,9.4448392,9,4,9
2024-09-13 10:00:00,17.673333333333336,72.14,0.0,10.0662102,10,4,9
2024-09-13 11:00:00,17.871666666666666,74.66,0.0,10.0662102,11,4,9
2024-09-13 12:00:00,16.82,77.18,0.0,10.1283473,12,4,9
2024-09-13 13:00:00,17.616666666666667,78.8,0.0,10.811855399999999,13,4,9
2024-09-13 14:00:00,17.39,79.7,0.0,10.8739925,14,4,9
2024-09-13 15:00:00,16.365,80.06,0.0,11.6196377,15,4,9
2024-09-13 16:00:00,14.773333333333333,79.52,0.0,11.8681861,16,4,9
2024-09-13 17:00:00,13.295,78.62,0.0,12.1788716,17,4,9
2024-09-13 18:00:00,15.226666666666667,76.64,0.0,10.3768957,18,4,9
2024-09-13 19:00:00,17.048333333333336,75.92,0.0,9.4448392,19,4,9
2024-09-13 20:00:00,16.706666666666667,74.84,0.0,9.1962908,20,4,9
2024-09-13 21:00:00,17.048333333333336,74.48,0.0,10.0662102,21,4,9
2024-09-13 22:00:00,19.078333333333333,73.75999999999999,0.0,11.9303232,22,4,9
2024-09-13 23:00:00,17.146666666666665,72.86,0.0,12.42742,23,4,9
2024-09-14 00:00:00,20.865,71.96,0.0,12.1167345,0,5,9
2024-09-14 01:00:00,21.761666666666667,71.24000000000001,0.0,10.936129600000001,1,5,9
2024-09-14 02:00:00,25.746666666666666,70.52,0.0,10.190484399999999,2,5,9
2024-09-14 03:00:00,25.331666666666667,69.62,0.0,9.4448392,3,5,9
2024-09-14 04:00:00,22.876666666666665,68.72,0.0,8.823468199999999,4,5,9
2024-09-14 05:00:00,22.886666666666667,67.82,0.0,7.8914117,5,5,9
2024-09-14 06:00:00,22.73,67.28,0.0,7.2079036,6,5,9
2024-09-14 07:00:00,21.96666666666667,67.46,0.0,6.7729439000000005,7,5,9
2024-09-14 08:00:00,21.46666666666667,70.16,0.0,4.1631857000000005,8,5,9
2024-09-14 09:00:00,20.59,72.68,0.0,3.8525002,9,5,9
2024-09-14 10:00:00,19.658333333333335,75.74000000000001,0.0,4.7224196,10,5,9
2024-09-14 11:00:00,18.716666666666665,77.9,0.0,6.337984199999999,11,5,9
2024-09-14 12:00:00,18.523333333333333,79.52,0.0,8.2642343,12,5,9
2024-09-14 13:00:00,17.956666666666667,80.78,0.0,9.5069763,13,5,9
2024-09-14 14:00:00,17.276666666666667,81.5,0.0,10.0662102,14,5,9
2024-09-14 15:00:00,17.388333333333332,82.4,0.0,10.004073100000001,15,5,9
2024-09-14 16:00:00,17.161666666666665,82.94,0.0,9.6933876,16,5,9
2024-09-14 17:00:00,16.705000000000002,82.4,0.0,9.0098795,17,5,9
2024-09-14 18:00:00,17.06833333333333,80.42,0.0,8.8856053,18,5,9
2024-09-14 19:00:00,16.933333333333334,77.72,0.0,7.4564520000000005,19,5,9
2024-09-14 20:00:00,15.113333333333335,75.92,0.0,9.0720166,20,5,9
2024-09-14 21:00:00,14.098333333333334,75.38,0.0,9.6312505,21,5,9
2024-09-14 22:00:00,12.271666666666667,75.38,0.0,10.8739925,22,5,9
2024-09-14 23:00:00,16.366666666666667,74.48,0.0,11.6196377,23,5,9
2024-09-15 00:00:00,18.523333333333333,73.58,0.0,11.4953635,0,6,9
2024-09-15 01:00:00,20.888333333333332,72.5,0.0,10.4390328,1,6,9
2024-09-15 02:00:00,25.46666666666667,71.06,0.0,8.7613311,2,6,9
2024-09-15 03:00:00,26.328333333333333,69.8,0.0,7.2700407,3,6,9
2024-09-15 04:00:00,24.65833333333333,68.72,0.0,6.5243955,4,6,9
2024-09-15 05:00:00,24.125,68.0,0.0,6.4001213,5,6,9
2024-09-15 06:00:00,23.41,67.28,0.0,6.5243955,6,6,9
2024-09-15 07:00:00,22.386666666666667,67.46,0.0,6.337984199999999,7,6,9
2024-09-15 08:00:00,22.31833333333333,69.8,0.0,4.7845567,8,6,9
2024-09-15 09:00:00,22.046666666666667,72.68,0.0,6.7729439000000005,9,6,9
2024-09-15 10:00:00,20.68,75.56,0.0,7.4564520000000005,10,6,9
2024-09-15 11:00:00,19.883333333333333,78.8,0.0,6.7729439000000005,11,6,9
2024-09-15 12:00:00,20.226666666666667,80.96,0.0,7.8914117,12,6,9
2024-09-15 13:00:00,18.75,82.58,0.0,9.0720166,13,6,9
2024-09-15 14:00:00,18.636666666666667,84.02,0.0,9.1962908,14,6,9
2024-09-15 15:00:00,17.956666666666667,84.56,0.0,10.1283473,15,6,9
2024-09-15 16:00:00,17.73,83.84,0.0,10.811855399999999,16,6,9
2024-09-15 17:00:00,17.50166666666667,82.58,0.0,10.2526215,17,6,9
2024-09-15 18:00:00,16.361666666666668,80.42,0.0,9.6933876,18,6,9
2024-09-15 19:00:00,13.293333333333331,77.54,0.0,10.0662102,19,6,9
2024-09-15 20:00:00,14.0,75.56,0.0,9.5691134,20,6,9
2024-09-15 21:00:00,15.455,74.66,0.0,9.0098795,21,6,9
2024-09-15 22:00:00,17.18166666666667,73.75999999999999,0.0,9.1962908,22,6,9
2024-09-15 23:00:00,17.521666666666665,72.86,0.0,8.7613311,23,6,9
2024-09-16 00:00:00,20.41,72.14,0.0,8.202097199999999,0,0,9
2024-09-16 01:00:00,24.613333333333333,71.06,0.0,8.2642343,1,0,9
2024-09-16 02:00:00,25.261666666666667,69.8,0.0,7.9535488,2,0,9
2024-09-16 03:00:00,26.635,68.72,0.0,7.8914117,3,0,9
2024-09-16 04:00:00,23.40833333333333,67.64,0.0,7.3943149,4,0,9
2024-09-16 05:00:00,23.295,66.56,0.0,7.3321778,5,0,9
2024-09-16 06:00:00,20.224999999999998,65.12,0.0,6.7108068,6,0,9
2024-09-16 07:00:00,16.593333333333334,65.3,0.0,6.648669699999999,7,0,9
2024-09-16 08:00:00,15.455,68.0,0.0,5.3437906,8,0,9
2024-09-16 09:00:00,16.478333333333335,71.42,0.0,4.970968,9,0,9
2024-09-16 10:00:00,18.183333333333334,75.38,0.0,5.530201900000001,10,0,9
2024-09-16 11:00:00,17.39,78.44,0.0,6.4001213,11,0,9
2024-09-16 12:00:00,17.366666666666667,80.24000000000001,0.0,7.1457665,12,0,9
2024-09-16 13:00:00,17.39,81.32,0.0,8.7613311,13,0,9
2024-09-16 14:00:00,17.163333333333334,81.86,0.0,9.3827021,14,0,9
2024-09-16 15:00:00,16.136666666666667,83.12,0.0,8.947742400000001,15,0,9
2024-09-16 16:00:00,14.771666666666667,84.2,0.0,8.5749198,16,0,9
2024-09-16 17:00:00,13.520000000000001,83.66,0.0,8.4506456,17,0,9
2024-09-16 18:00:00,15.908333333333333,80.96,0.0,8.5749198,18,0,9
2024-09-16 19:00:00,17.666666666666668,77.18,0.0,7.3943149,19,0,9
2024-09-16 20:00:00,17.735,74.66,0.0,8.077823,20,0,9
2024-09-16 21:00:00,16.711666666666666,73.4,0.0,9.1962908,21,0,9
2024-09-16 22:00:00,18.841666666666665,71.96,0.0,8.5749198,22,0,9
2024-09-16 23:00:00,20.408333333333335,70.7,0.0,7.7671375000000005,23,0,9
2024-09-17 00:00:00,22.125,69.62,0.0,7.3321778,0,1,9
2024-09-17 01:00:00,23.85166666666667,68.54,0.0,7.6428633,1,1,9
2024-09-17 02:00:00,26.221666666666664,67.1,0.0,6.7108068,2,1,9
2024-09-17 03:00:00,25.923333333333332,64.58,0.0,4.5981454,3,1,9
2024-09-17 04:00:00,24.535,65.66,0.0,3.2311292000000003,4,1,9
2024-09-17 05:00:00,22.16,63.14,0.0,4.5981454,5,1,9
2024-09-17 06:00:00,19.99833333333333,62.24,0.0,5.4059276999999994,6,1,9
2024-09-17 07:00:00,16.933333333333334,62.959999999999994,0.0,3.9767744,7,1,9
2024-09-17 08:00:00,15.226666666666667,66.92,0.0,3.6039518,8,1,9
2024-09-17 09:00:00,16.023333333333333,70.16,0.0,4.2874599,9,1,9
2024-09-17 10:00:00,17.956666666666667,72.86,0.0,3.1689920999999996,10,1,9
2024-09-17 11:00:00,17.39,75.38,0.0,6.151572900000001,11,1,9
2024-09-17 12:00:00,17.173333333333336,76.1,0.0,8.5749198,12,1,9
2024-09-17 13:00:00,17.163333333333334,77.36,0.0,8.3885085,13,1,9
2024-09-17 14:00:00,17.048333333333336,78.25999999999999,0.0,8.512782699999999,14,1,9
2024-09-17 15:00:00,15.795,78.25999999999999,0.0,9.320565,15,1,9
2024-09-17 16:00:00,13.978333333333333,77.9,0.0,9.134153699999999,16,1,9
2024-09-17 17:00:00,13.065,76.82,0.0,9.4448392,17,1,9
2024-09-17 18:00:00,15.339999999999998,74.84,0.0,8.4506456,18,1,9
2024-09-17 19:00:00,17.956666666666667,72.14,0.0,6.648669699999999,19,1,9
2024-09-17 20:00:00,18.183333333333334,70.34,0.0,6.21371,20,1,9
2024-09-17 21:00:00,19.543333333333333,69.44,0.0,6.027298699999999,21,1,9
2024-09-17 22:00:00,20.601666666666667,68.18,0.0,5.7787503000000005,22,1,9
2024-09-17 23:00:00,21.365,67.82,0.0,6.2758471,23,1,9
2024-09-18 00:00:00,23.40833333333333,67.64,0.0,7.6428633,0,2,9
2024-09-18 01:00:00,23.40833333333333,66.92,0.0,7.7050004,1,2,9
2024-09-18 02:00:00,23.64833333333333,66.2,0.0,7.2079036,2,2,9
2024-09-18 03:00:00,25.545,64.58,0.0,6.027298699999999,3,2,9
2024-09-18 04:00:00,23.706666666666667,62.6,0.0,4.7224196,4,2,9
2024-09-18 05:00:00,22.613333333333333,61.519999999999996,0.0,4.7224196,5,2,9
2024-09-18 06:00:00,19.8,60.62,0.0,4.7224196,6,2,9
2024-09-18 07:00:00,17.158333333333335,61.34,0.0,5.530201900000001,7,2,9
2024-09-18 08:00:00,15.339999999999998,63.86,0.0,4.349597,8,2,9
2024-09-18 09:00:00,16.00166666666667,67.82,0.0,3.3554034,9,2,9
2024-09-18 10:00:00,17.841666666666665,72.5,0.0,1.7398388,10,2,9
2024-09-18 11:00:00,17.616666666666667,76.46,0.0,3.8525002,11,2,9
2024-09-18 12:00:00,17.048333333333336,78.8,0.0,6.2758471,12,2,9
2024-09-18 13:00:00,17.273333333333333,79.88,0.0,9.6312505,13,2,9
2024-09-18 14:00:00,17.145,80.6,0.0,11.433226399999999,14,2,9
2024-09-18 15:00:00,15.453333333333333,80.6,0.0,13.235202300000001,15,2,9
2024-09-18 16:00:00,13.521666666666667,79.7,0.0,13.670162,16,2,9
2024-09-18 17:00:00,13.178333333333333,78.44,0.0,12.1167345,17,2,9
2024-09-18 18:00:00,15.339999999999998,76.1,0.0,9.320565,18,2,9
2024-09-18 19:00:00,17.73,73.04,0.0,8.1399601,19,2,9
2024-09-18 20:00:00,17.73,71.06,0.0,8.077823,20,2,9
2024-09-18 21:00:00,19.43,70.52,0.0,8.202097199999999,21,2,9
2024-09-18 22:00:00,20.111666666666668,69.8,0.0,7.5807262,22,2,9
2024-09-18 23:00:00,21.83,69.08,0.0,6.9593552,23,2,9
2024-09-19 00:00:00,22.69333333333333,68.0,0.0,5.840887400000001,0,3,9
2024-09-19 01:00:00,23.261666666666667,66.02,0.0,4.5360083,1,3,9
2024-09-19 02:00:00,24.921666666666667,64.94,0.0,4.1010485999999995,2,3,9
2024-09-19 03:00:00,24.676666666666666,63.5,0.0,4.5981454,3,3,9
2024-09-19 04:00:00,23.228333333333335,62.42,0.0,4.9088309,4,3,9
2024-09-19 05:00:00,22.385,62.059999999999995,0.0,3.2311292000000003,5,3,9
2024-09-19 06:00:00,19.771666666666665,62.42,0.0,2.7961695,6,3,9
2024-09-19 07:00:00,17.046666666666667,61.16,0.0,3.4175405,7,3,9
2024-09-19 08:00:00,15.906666666666666,64.94,0.0,4.1010485999999995,8,3,9
2024-09-19 09:00:00,15.795,69.98,0.0,4.0389115,9,3,9
2024-09-19 10:00:00,18.07,75.2,0.0,5.0331051,10,3,9
2024-09-19 11:00:00,17.276666666666667,79.7,0.0,5.530201900000001,11,3,9
2024-09-19 12:00:00,16.705000000000002,83.66,0.0,5.4059276999999994,12,3,9
2024-09-19 13:00:00,16.935,85.1,0.0,5.530201900000001,13,3,9
2024-09-19 14:00:00,17.263333333333332,86.53999999999999,0.0,7.7050004,14,3,9
2024-09-19 15:00:00,16.023333333333333,85.64,0.0,9.1962908,15,3,9
2024-09-19 16:00:00,13.863333333333335,84.74,0.0,8.077823,16,3,9
2024-09-19 17:00:00,13.065,83.3,0.0,9.134153699999999,17,3,9
2024-09-19 18:00:00,15.228333333333333,80.78,0.0,10.811855399999999,18,3,9
2024-09-19 19:00:00,17.616666666666667,78.8,0.0,9.7555247,19,3,9
2024-09-19 20:00:00,17.496666666666666,76.64,0.0,11.371089300000001,20,3,9
2024-09-19 21:00:00,20.30666666666667,75.2,0.0,11.371089300000001,21,3,9
2024-09-19 22:00:00,20.341666666666665,75.02,0.0,10.9982667,22,3,9
2024-09-19 23:00:00,21.498333333333335,73.58,0.0,8.8856053,23,3,9
2024-09-20 00:00:00,23.521666666666665,72.14,0.0,7.5807262,0,4,9
2024-09-20 01:00:00,25.455,71.6,0.0,7.4564520000000005,1,4,9
2024-09-20 02:00:00,27.534999999999997,71.42,0.0,8.5749198,2,4,9
2024-09-20 03:00:00,26.866666666666664,71.42,0.0,8.326371400000001,3,4,9
2024-09-20 04:00:00,23.31833333333333,71.6,0.0,8.015685900000001,4,4,9
2024-09-20 05:00:00,23.113333333333333,70.7,0.0,7.5807262,5,4,9
2024-09-20 06:00:00,19.773333333333333,69.44,0.0,8.512782699999999,6,4,9
2024-09-20 07:00:00,17.048333333333336,69.44,0.0,8.077823,7,4,9
2024-09-20 08:00:00,15.795,72.32,0.0,10.9982667,8,4,9
2024-09-20 09:00:00,16.25,76.28,0.0,12.42742,9,4,9
2024-09-20 10:00:00,17.956666666666667,79.7,0.6,13.235202300000001,10,4,9
2024-09-20 11:00:00,17.605,78.08,3.9,11.806049,11,4,9
2024-09-20 12:00:00,17.503333333333334,79.88,0.6,12.5516942,12,4,9
2024-09-20 13:00:00,17.16,84.2,0.0,12.42742,13,4,9
2024-09-20 14:00:00,16.843333333333334,86.9,0.0,11.433226399999999,14,4,9
2024-09-20 15:00:00,15.681666666666667,88.7,0.0,10.9982667,15,4,9
2024-09-20 16:00:00,14.886666666666665,87.8,0.0,12.054597399999999,16,4,9
2024-09-20 17:00:00,14.773333333333333,82.58,0.0,7.4564520000000005,17,4,9
2024-09-20 18:00:00,15.568333333333333,78.98,0.0,6.4622584000000005,18,4,9
2024-09-20 19:00:00,17.276666666666667,75.2,0.0,6.4622584000000005,19,4,9
2024-09-20 20:00:00,18.183333333333334,75.92,0.0,4.2874599,20,4,9
2024-09-20 21:00:00,19.203333333333333,73.94,0.0,4.970968,21,4,9
2024-09-20 22:00:00,20.076666666666664,72.86,0.0,5.840887400000001,22,4,9
2024-09-20 23:00:00,21.136666666666667,71.42,0.0,5.4680648000000005,23,4,9
2024-09-21 00:00:00,21.81833333333333,69.25999999999999,0.0,5.0952421999999995,0,5,9
2024-09-21 01:00:00,23.906666666666666,67.46,0.0,4.7224196,1,5,9
2024-09-21 02:00:00,25.929999999999996,66.74000000000001,0.0,5.530201900000001,2,5,9
2024-09-21 03:00:00,25.488333333333333,66.02,0.0,5.4059276999999994,3,5,9
2024-09-21 04:00:00,23.873333333333335,64.75999999999999,0.0,4.7845567,4,5,9
2024-09-21 05:00:00,23.64833333333333,65.12,0.0,3.7903631,5,5,9
2024-09-21 06:00:00,22.91,65.3,0.0,2.9204437000000003,6,5,9
2024-09-21 07:00:00,20.926666666666666,66.56,0.0,0.8077823000000001,7,5,9
2024-09-21 08:00:00,18.976666666666667,69.25999999999999,0.0,2.0505242999999997,8,5,9
2024-09-21 09:00:00,18.41,73.94,0.0,4.0389115,9,5,9
2024-09-21 10:00:00,17.956666666666667,77.0,0.0,7.2079036,10,5,9
2024-09-21 11:00:00,18.296666666666667,78.8,0.0,8.512782699999999,11,5,9
2024-09-21 12:00:00,17.713333333333335,81.32,0.0,7.6428633,12,5,9
2024-09-21 13:00:00,17.39,84.02,0.0,6.835081,13,5,9
2024-09-21 14:00:00,17.39,85.82,0.0,6.7108068,14,5,9
2024-09-21 15:00:00,17.16,86.53999999999999,0.0,8.8856053,15,5,9
2024-09-21 21:00:00,19.658333333333335,76.1,0.0,8.015685900000001,21,5,9
2024-09-21 22:00:00,19.883333333333333,74.84,0.0,7.8292746,22,5,9
2024-09-21 23:00:00,21.023333333333333,75.2,0.0,9.320565,23,5,9
2024-09-22 00:00:00,21.706666666666667,74.84,0.0,7.3943149,0,6,9
2024-09-22 01:00:00,23.703333333333333,73.22,0.0,6.9593552,1,6,9
2024-09-22 02:00:00,25.47666666666667,72.68,0.0,6.5865326,2,6,9
2024-09-22 03:00:00,24.905,72.32,0.0,6.7108068,3,6,9
2024-09-22 04:00:00,24.99,72.14,0.0,6.9593552,4,6,9
2024-09-22 05:00:00,23.78333333333333,71.96,0.0,7.0836294,5,6,9
2024-09-22 06:00:00,22.84166666666667,71.42,0.0,7.6428633,6,6,9
2024-09-22 07:00:00,22.948,71.96,0.0,9.134153699999999,7,6,9
2024-09-22 08:00:00,20.566666666666666,69.08,3.5,9.6312505,8,6,9
2024-09-22 09:00:00,20.44333333333333,69.44,3.6,9.4448392,9,6,9
2024-09-22 10:00:00,19.305,69.98,3.6,9.1962908,10,6,9
2024-09-22 11:00:00,19.09,70.88,4.1,9.134153699999999,11,6,9
2024-09-22 12:00:00,18.523333333333333,71.06,1.9,4.7845567,12,6,9
2024-09-22 13:00:00,17.616666666666667,71.24000000000001,1.6,4.9088309,13,6,9
2024-09-22 14:00:00,17.161666666666665,70.88,1.5,9.1962908,14,6,9
2024-09-22 15:00:00,17.956666666666667,71.24000000000001,0.4,5.4680648000000005,15,6,9
2024-09-22 16:00:00,17.373333333333335,70.52,0.3,6.4622584000000005,16,6,9
2024-09-22 17:00:00,18.183333333333334,69.44,1.8,7.2079036,17,6,9
2024-09-22 18:00:00,17.900000000000002,69.62,0.5,6.835081,18,6,9
2024-09-22 19:00:00,19.09,69.08,0.0,8.326371400000001,19,6,9
2024-09-22 20:00:00,19.09,67.64,0.5,17.5847993,20,6,9
2024-09-22 21:00:00,20.326666666666664,67.1,0.3,17.646936399999998,21,6,9
2024-09-22 22:00:00,20.68166666666667,66.56,0.0,16.5284686,22,6,9
2024-09-22 23:00:00,21.636666666666667,66.2,0.0,17.274113800000002,23,6,9
2024-09-23 00:00:00,22.965,65.3,0.0,18.0818961,0,0,9
2024-09-23 01:00:00,22.728333333333335,64.4,0.0,18.019759,1,0,9
2024-09-23 02:00:00,25.891666666666666,63.68,0.0,17.7090735,2,0,9
2024-09-23 03:00:00,26.103333333333335,62.959999999999994,0.0,17.8333477,3,0,9
2024-09-23 04:00:00,24.55,62.42,0.0,17.4605251,4,0,9
2024-09-23 05:00:00,23.18166666666667,61.88,0.0,16.839154100000002,5,0,9
2024-09-23 06:00:00,19.656666666666666,61.34,0.0,15.5964121,6,0,9
2024-09-23 07:00:00,17.615,61.16,0.0,14.912904000000001,7,0,9
2024-09-23 08:00:00,15.455,62.959999999999994,0.0,13.545887800000001,8,0,9
2024-09-23 09:00:00,16.136666666666667,63.68,0.0,13.297339399999998,9,0,9
2024-09-23 10:00:00,18.07,64.22,0.0,13.9187104,10,0,9
2024-09-23 11:00:00,17.39,64.22,0.0,13.297339399999998,11,0,9
2024-09-23 12:00:00,17.048333333333336,64.04,0.0,10.4390328,12,0,9
2024-09-23 13:00:00,17.503333333333334,63.68,0.0,10.811855399999999,13,0,9
2024-09-23 14:00:00,17.276666666666667,63.32,0.0,12.303145800000001,14,0,9
2024-09-23 15:00:00,15.476666666666667,62.959999999999994,0.0,12.613831300000001,15,0,9
2024-09-23 16:00:00,14.545,62.78,0.0,12.303145800000001,16,0,9
2024-09-23 17:00:00,13.636666666666665,62.6,0.0,12.8002426,17,0,9
2024-09-23 18:00:00,15.68,62.059999999999995,0.0,11.8681861,18,0,9
2024-09-23 19:00:00,17.956666666666667,61.519999999999996,0.0,9.6933876,19,0,9
2024-09-23 20:00:00,18.523333333333333,62.24,0.0,7.1457665,20,0,9
2024-09-23 21:00:00,20.088333333333335,61.34,0.0,5.3437906,21,0,9
2024-09-23 22:00:00,19.771666666666665,62.42,0.4,4.2874599,22,0,9
2024-09-23 23:00:00,21.59,62.42,0.7,2.6718953,23,0,9
2024-09-24 00:00:00,22.285,62.42,1.7,5.3437906,0,1,9
2024-09-24 01:00:00,21.90833333333333,62.42,3.2,6.027298699999999,1,1,9
2024-09-24 02:00:00,24.131666666666664,62.959999999999994,0.3,7.5185891,2,1,9
2024-09-24 03:00:00,24.60166666666667,62.959999999999994,0.1,8.5749198,3,1,9
2024-09-24 04:00:00,24.59166666666667,62.959999999999994,0.3,7.3321778,4,1,9
2024-09-24 05:00:00,22.44333333333333,62.959999999999994,0.2,6.4001213,5,1,9
2024-09-24 06:00:00,19.31833333333333,63.14,0.3,6.835081,6,1,9
2024-09-24 07:00:00,16.93,63.14,0.4,5.4059276999999994,7,1,9
2024-09-24 08:00:00,15.113333333333335,64.22,3.9,5.840887400000001,8,1,9
2024-09-24 09:00:00,15.793333333333331,64.04,2.7,9.258427900000001,9,1,9
2024-09-24 10:00:00,16.82,64.4,3.3,9.134153699999999,10,1,9
2024-09-24 11:00:00,16.474999999999998,64.94,1.7,10.314758600000001,11,1,9
2024-09-24 12:00:00,16.02,65.12,2.3,7.9535488,12,1,9
2024-09-24 13:00:00,16.24833333333333,66.02,0.5,5.6544761,13,1,9
2024-09-24 14:00:00,16.476666666666667,67.1,0.0,3.3554034,14,1,9
2024-09-24 15:00:00,14.773333333333333,66.56,0.2,4.8466938,15,1,9
2024-09-24 16:00:00,14.089999999999998,67.28,0.2,9.134153699999999,16,1,9
2024-09-24 17:00:00,12.270000000000001,66.92,0.1,9.6933876,17,1,9
2024-09-24 18:00:00,14.886666666666665,66.2,0.1,10.811855399999999,18,1,9
2024-09-24 19:00:00,16.82166666666667,64.94,0.3,13.297339399999998,19,1,9
2024-09-24 20:00:00,18.183333333333334,63.14,0.3,12.4895571,20,1,9
2024-09-24 21:00:00,19.283333333333335,62.78,0.2,11.4953635,21,1,9
2024-09-24 22:00:00,20.75,62.24,0.0,11.433226399999999,22,1,9
2024-09-24 23:00:00,22.045,62.24,0.0,9.8176618,23,1,9
2024-09-25 00:00:00,23.74,61.88,0.0,10.004073100000001,0,2,9
2024-09-25 01:00:00,23.863333333333333,60.980000000000004,0.0,8.3885085,1,2,9
2024-09-25 02:00:00,25.938333333333333,59.9,0.0,7.7050004,2,2,9
2024-09-25 03:00:00,26.131666666666664,59.540000000000006,0.0,7.5807262,3,2,9
2024-09-25 04:00:00,23.53333333333333,59.18,0.0,7.3943149,4,2,9
2024-09-25 05:00:00,23.613333333333333,58.64,0.0,6.2758471,5,2,9
2024-09-25 06:00:00,19.736666666666668,57.74,0.0,6.5243955,6,2,9
2024-09-25 07:00:00,17.273333333333333,57.56,0.0,6.21371,7,2,9
2024-09-25 08:00:00,15.339999999999998,60.440000000000005,0.0,5.840887400000001,8,2,9
2024-09-25 09:00:00,16.023333333333333,63.14,0.0,6.9593552,9,2,9
2024-09-25 10:00:00,17.73,66.38,0.0,7.3321778,10,2,9
2024-09-25 11:00:00,17.503333333333334,68.72,0.0,5.840887400000001,11,2,9
2024-09-25 12:00:00,17.048333333333336,70.52,0.0,6.648669699999999,12,2,9
2024-09-25 13:00:00,17.128,71.42,0.0,6.7108068,13,2,9
2024-09-25 14:00:00,16.830000000000002,71.78,0.0,8.015685900000001,14,2,9
2024-09-25 15:00:00,15.795,70.7,0.0,10.625444100000001,15,2,9
2024-09-25 16:00:00,13.520000000000001,69.8,0.0,10.314758600000001,16,2,9
2024-09-25 17:00:00,12.270000000000001,69.08,0.0,9.6933876,17,2,9
2024-09-25 18:00:00,14.546666666666667,67.82,0.0,6.151572900000001,18,2,9
2024-09-25 19:00:00,17.046666666666667,65.12,0.0,6.0894358,19,2,9
2024-09-25 20:00:00,17.503333333333334,63.86,0.0,5.530201900000001,20,2,9
2024-09-25 21:00:00,19.271666666666665,62.059999999999995,0.0,4.1010485999999995,21,2,9
2024-09-25 22:00:00,20.11,60.62,0.0,4.4738712000000005,22,2,9
2024-09-25 23:00:00,21.365,59.18,0.0,4.0389115,23,2,9
2024-09-26 00:00:00,23.41,58.28,0.0,4.5981454,0,3,9
2024-09-26 01:00:00,24.363333333333333,57.379999999999995,0.0,4.6602825,1,3,9
2024-09-26 02:00:00,25.958333333333332,56.84,0.0,4.2874599,2,3,9
2024-09-26 03:00:00,26.38,56.3,0.0,3.7282260000000003,3,3,9
2024-09-26 04:00:00,23.959999999999997,56.120000000000005,0.0,3.9767744,4,3,9
2024-09-26 05:00:00,22.703333333333333,55.94,0.0,4.2253228,5,3,9
2024-09-26 06:00:00,19.771666666666665,55.94,0.0,4.2253228,6,3,9
2024-09-26 07:00:00,16.705000000000002,56.84,0.0,4.411734099999999,7,3,9
2024-09-26 08:00:00,15.339999999999998,58.82,0.0,3.2932663,8,3,9
2024-09-26 09:00:00,15.796666666666667,64.94,0.0,4.1010485999999995,9,3,9
2024-09-26 10:00:00,17.728333333333335,69.08,0.0,7.2079036,10,3,9
2024-09-26 11:00:00,17.503333333333334,70.16,0.0,9.5691134,11,3,9
2024-09-26 12:00:00,17.046666666666667,70.34,0.0,9.6933876,12,3,9
2024-09-26 13:00:00,17.161666666666665,70.52,0.0,9.258427900000001,13,3,9
2024-09-26 14:00:00,17.276666666666667,70.88,0.0,9.320565,14,3,9
2024-09-26 15:00:00,15.455,71.06,0.0,10.314758600000001,15,3,9
2024-09-26 16:00:00,14.203333333333333,70.88,0.0,10.749718300000001,16,3,9
2024-09-26 17:00:00,12.383333333333333,69.98,0.0,11.4953635,17,3,9
2024-09-26 18:00:00,14.886666666666665,68.36,0.0,10.6875812,18,3,9
2024-09-26 19:00:00,17.133333333333333,67.1,0.0,10.501169899999999,19,3,9
2024-09-26 20:00:00,17.39,66.56,0.0,10.6875812,20,3,9
2024-09-26 21:00:00,18.976666666666667,66.56,0.0,10.0662102,21,3,9
2024-09-26 22:00:00,20.224999999999998,66.38,0.0,11.060403800000001,22,3,9
2024-09-26 23:00:00,20.91,66.38,0.0,11.060403800000001,23,3,9
2024-09-27 00:00:00,23.18166666666667,65.66,0.0,11.3089522,0,4,9
2024-09-27 01:00:00,23.486666666666665,65.48,0.0,12.2410087,1,4,9
2024-09-27 02:00:00,25.12,65.48,0.0,12.7381055,2,4,9
2024-09-27 03:00:00,24.968333333333334,65.3,0.0,12.7381055,3,4,9
2024-09-27 04:00:00,24.771666666666665,65.12,0.0,14.1051217,4,4,9
2024-09-27 05:00:00,22.021666666666665,64.94,0.0,15.4721379,5,4,9
2024-09-27 06:00:00,19.544999999999998,64.75999999999999,0.0,16.839154100000002,6,4,9
2024-09-27 07:00:00,16.933333333333334,64.58,0.0,17.9576219,7,4,9
2024-09-27 08:00:00,15.113333333333335,64.94,0.0,18.8275413,8,4,9
2024-09-27 09:00:00,16.25,65.3,0.0,19.3246381,9,4,9
2024-09-27 10:00:00,17.616666666666667,65.84,0.0,21.3130253,10,4,9
2024-09-27 11:00:00,17.503333333333334,66.02,0.0,21.126614,11,4,9
2024-09-27 12:00:00,17.308333333333334,66.92,0.0,22.245081799999998,12,4,9
2024-09-27 13:00:00,17.39,67.28,0.0,21.9965334,13,4,9
2024-09-27 14:00:00,17.276666666666667,67.28,0.0,21.747985,14,4,9
2024-09-27 15:00:00,15.339999999999998,67.1,0.0,21.9343963,15,4,9
2024-09-27 16:00:00,14.203333333333333,67.1,0.0,21.623710799999998,16,4,9
2024-09-27 17:00:00,12.951666666666666,66.56,0.0,21.250888200000002,17,4,9
2024-09-27 18:00:00,15.568333333333333,65.48,0.0,24.668428700000003,18,4,9
2024-09-27 19:00:00,17.161666666666665,64.75999999999999,0.0,24.4820174,19,4,9
2024-09-27 20:00:00,17.978333333333335,64.94,0.0,24.4198803,20,4,9
2024-09-27 21:00:00,19.203333333333333,65.48,0.0,24.4820174,21,4,9
2024-09-27 22:00:00,20.113333333333333,65.12,0.0,24.606291600000002,22,4,9
2024-09-27 23:00:00,21.136666666666667,64.22,0.0,22.6179044,23,4,9
2024-09-28 00:00:00,23.054999999999996,63.68,0.0,21.002339799999998,0,5,9
2024-09-28 01:00:00,24.08,63.32,0.0,19.9460091,1,5,9
2024-09-28 02:00:00,24.084999999999997,63.32,0.0,18.7654042,2,5,9
2024-09-28 03:00:00,24.965,63.14,0.0,17.398388,3,5,9
2024-09-28 04:00:00,23.353333333333335,62.959999999999994,0.4,16.5906057,4,5,9
2024-09-28 05:00:00,22.69333333333333,62.78,0.3,16.839154100000002,5,5,9
2024-09-28 06:00:00,22.275000000000002,62.6,0.9,16.5284686,6,5,9
2024-09-28 07:00:00,20.796666666666667,62.6,0.5,16.404194399999998,7,5,9
2024-09-28 08:00:00,20.113333333333333,62.959999999999994,0.4,13.8565733,8,5,9
2024-09-28 09:00:00,18.863333333333333,64.22,0.1,13.9808475,9,5,9
2024-09-28 10:00:00,18.41,64.75999999999999,0.5,14.6022185,10,5,9
2024-09-28 11:00:00,17.616666666666667,64.58,0.2,15.9070976,11,5,9
2024-09-28 12:00:00,17.463333333333335,65.48,0.0,17.7090735,12,5,9
2024-09-28 13:00:00,17.388333333333332,66.02,0.0,18.5789929,13,5,9
2024-09-28 14:00:00,17.39,66.2,0.0,19.3246381,14,5,9
2024-09-28 15:00:00,17.19666666666667,65.3,0.0,19.0139526,15,5,9
2024-09-28 16:00:00,17.048333333333336,66.2,0.0,18.8275413,16,5,9
2024-09-28 17:00:00,17.275000000000002,64.94,0.0,16.7148799,17,5,9
2024-09-28 18:00:00,17.048333333333336,64.04,0.0,17.025565399999998,18,5,9
2024-09-28 19:00:00,17.503333333333334,63.68,0.0,17.5847993,19,5,9
2024-09-28 20:00:00,18.296666666666667,63.86,0.0,16.5906057,20,5,9
2024-09-28 21:00:00,18.863333333333333,63.86,0.0,14.7264927,21,5,9
2024-09-28 22:00:00,20.0,64.22,0.0,14.4158072,22,5,9
2024-09-28 23:00:00,20.908333333333335,64.58,0.0,11.433226399999999,23,5,9
2024-09-29 00:00:00,22.123333333333335,65.84,0.0,12.1167345,0,6,9
2024-09-29 01:00:00,21.865,66.2,0.0,13.545887800000001,1,6,9
2024-09-29 02:00:00,26.188333333333333,65.66,0.0,13.235202300000001,2,6,9
2024-09-29 03:00:00,24.070000000000004,65.12,0.0,12.924516800000001,3,6,9
2024-09-29 04:00:00,23.40833333333333,64.75999999999999,0.0,12.8623797,4,6,9
2024-09-29 05:00:00,23.115,64.58,0.0,13.9808475,5,6,9
2024-09-29 06:00:00,23.146666666666665,64.04,0.0,14.4158072,6,6,9
2024-09-29 07:00:00,21.81833333333333,63.86,0.0,13.8565733,7,6,9
2024-09-29 08:00:00,21.933333333333334,65.12,0.0,11.060403800000001,8,6,9
2024-09-29 09:00:00,20.228333333333335,66.38,0.0,15.0993153,9,6,9
2024-09-29 10:00:00,17.956666666666667,66.02,0.0,15.6585492,10,6,9
2024-09-29 11:00:00,18.698333333333334,65.48,0.0,15.4721379,11,6,9
2024-09-29 12:00:00,19.131666666666664,66.02,0.1,15.9692347,12,6,9
2024-09-29 13:00:00,19.205000000000002,67.64,0.0,17.4605251,13,6,9
2024-09-29 14:00:00,18.523333333333333,68.54,0.0,17.025565399999998,14,6,9
2024-09-29 15:00:00,17.956666666666667,68.9,0.0,16.652742800000002,15,6,9
2024-09-29 16:00:00,16.705000000000002,68.72,0.0,16.2799202,16,6,9
2024-09-29 17:00:00,17.956666666666667,67.64,0.0,14.7264927,17,6,9
2024-09-29 18:00:00,18.525000000000002,66.2,0.0,12.8623797,18,6,9
2024-09-29 19:00:00,18.976666666666667,65.66,0.0,13.235202300000001,19,6,9
2024-09-29 20:00:00,20.224999999999998,65.3,0.0,13.3594765,20,6,9
2024-09-29 21:00:00,20.57,65.48,0.0,11.9303232,21,6,9
2024-09-29 22:00:00,21.021666666666665,65.84,0.0,9.6312505,22,6,9
2024-09-29 23:00:00,22.27333333333333,66.02,0.0,8.077823,23,6,9
2024-09-30 00:00:00,23.066666666666666,65.84,0.0,7.4564520000000005,0,0,9
2024-09-30 01:00:00,25.551666666666666,66.2,0.0,9.5691134,1,0,9
2024-09-30 02:00:00,25.52333333333333,66.02,0.0,10.2526215,2,0,9
2024-09-30 03:00:00,26.603333333333335,65.12,0.0,9.1962908,3,0,9
2024-09-30 04:00:00,26.403333333333336,64.22,0.0,8.077823,4,0,9
2024-09-30 05:00:00,23.375,63.5,0.0,7.3943149,5,0,9
2024-09-30 06:00:00,19.771666666666665,62.959999999999994,0.0,7.1457665,6,0,9
2024-09-30 07:00:00,17.955000000000002,62.6,0.0,7.0214923,7,0,9
2024-09-30 08:00:00,16.023333333333333,65.12,0.0,4.970968,8,0,9
2024-09-30 09:00:00,16.183333333333334,66.92,0.0,6.21371,9,0,9
2024-09-30 10:00:00,17.955000000000002,68.18,0.0,6.9593552,10,0,9
2024-09-30 11:00:00,17.39,69.44,0.0,7.3321778,11,0,9
2024-09-30 12:00:00,17.388333333333332,70.34,0.0,8.326371400000001,12,0,9
2024-09-30 13:00:00,17.503333333333334,71.24000000000001,0.0,8.015685900000001,13,0,9
2024-09-30 14:00:00,17.276666666666667,72.14,0.0,8.015685900000001,14,0,9
2024-09-30 15:00:00,16.365,72.5,0.0,7.2700407,15,0,9
2024-09-30 16:00:00,14.431666666666667,72.68,0.0,6.337984199999999,16,0,9
2024-09-30 17:00:00,13.521666666666667,72.5,0.0,6.027298699999999,17,0,9
2024-09-30 18:00:00,16.135,71.42,0.0,5.592339,18,0,9
2024-09-30 19:00:00,17.39,68.9,0.0,3.7282260000000003,19,0,9
2024-09-30 20:00:00,18.285,68.0,0.0,5.530201900000001,20,0,9
2024-09-30 21:00:00,19.883333333333333,67.46,0.0,5.7787503000000005,21,0,9
2024-09-30 22:00:00,20.476666666666667,66.02,0.0,4.970968,22,0,9
2024-09-30 23:00:00,22.045,65.3,0.0,5.1573793000000006,23,0,9
2024-10-01 00:00:00,23.863333333333333,64.22,0.0,5.6544761,0,1,10
2024-10-01 01:00:00,23.236666666666665,63.86,0.0,5.9651616,1,1,10
2024-10-01 02:00:00,23.823333333333334,64.22,0.0,6.5865326,2,1,10
2024-10-01 03:00:00,36.025,64.04,0.0,7.3943149,3,1,10
2024-10-01 04:00:00,23.91,63.68,0.0,7.5807262,4,1,10
2024-10-01 05:00:00,23.06833333333333,63.32,0.0,8.077823,5,1,10
2024-10-01 06:00:00,19.99833333333333,63.68,0.1,9.4448392,6,1,10
2024-10-01 07:00:00,16.93166666666667,64.75999999999999,0.0,14.4158072,7,1,10
2024-10-01 08:00:00,15.226666666666667,64.75999999999999,0.0,17.4605251,8,1,10
2024-10-01 09:00:00,16.363333333333333,64.04,0.0,19.5110494,9,1,10
2024-10-01 10:00:00,17.73,64.04,0.0,17.7712106,10,1,10
2024-10-01 11:00:00,17.503333333333334,63.68,0.0,18.1440332,11,1,10
2024-10-01 12:00:00,17.50166666666667,64.75999999999999,0.0,17.8333477,12,1,10
2024-10-01 13:00:00,17.616666666666667,65.48,0.0,17.274113800000002,13,1,10
2024-10-01 14:00:00,17.276666666666667,65.84,0.0,17.274113800000002,14,1,10
2024-10-01 15:00:00,16.25166666666667,66.2,0.0,15.223589500000001,15,1,10
2024-10-01 16:00:00,14.089999999999998,66.56,0.0,12.675968399999999,16,1,10
2024-10-01 17:00:00,12.836666666666666,66.38,0.0,10.625444100000001,17,1,10
2024-10-01 18:00:00,15.226666666666667,64.4,0.0,10.4390328,18,1,10
2024-10-01 19:00:00,17.531666666666666,61.34,0.0,13.4837507,19,1,10
2024-10-01 20:00:00,18.438333333333333,59.72,0.0,10.936129600000001,20,1,10
2024-10-01 21:00:00,19.658333333333335,58.459999999999994,0.0,10.190484399999999,21,1,10
2024-10-01 22:00:00,20.224999999999998,57.2,0.0,9.320565,22,1,10
2024-10-01 23:00:00,22.16,56.48,0.0,9.3827021,23,1,10
2024-10-02 00:00:00,24.28333333333333,55.76,0.0,9.5691134,0,2,10
2024-10-02 01:00:00,23.46666666666667,54.86,0.0,9.5691134,1,2,10
2024-10-02 02:00:00,24.243333333333336,54.14,0.0,8.1399601,2,2,10
2024-10-02 03:00:00,26.135,53.42,0.0,7.6428633,3,2,10
2024-10-02 04:00:00,24.285,52.52,0.0,8.077823,4,2,10
2024-10-02 05:00:00,22.85166666666667,51.44,0.0,6.9593552,5,2,10
2024-10-02 06:00:00,19.771666666666665,50.18,0.0,6.7108068,6,2,10
2024-10-02 07:00:00,17.046666666666667,48.74,0.0,5.530201900000001,7,2,10
2024-10-02 08:00:00,15.908333333333333,51.620000000000005,0.0,4.9088309,8,2,10
2024-10-02 09:00:00,16.363333333333333,55.94,0.0,5.0331051,9,2,10
2024-10-02 10:00:00,17.503333333333334,60.62,0.0,5.9651616,10,2,10
2024-10-02 11:00:00,17.543333333333333,63.5,0.0,8.4506456,11,2,10
2024-10-02 12:00:00,16.98,65.12,0.0,8.8856053,12,2,10
2024-10-02 13:00:00,16.933333333333334,66.38,0.0,9.6933876,13,2,10
2024-10-02 14:00:00,17.065,67.46,0.0,10.936129600000001,14,2,10
2024-10-02 15:00:00,15.57,68.18,0.0,11.4953635,15,2,10
2024-10-02 16:00:00,14.089999999999998,68.36,0.0,11.060403800000001,16,2,10
2024-10-02 17:00:00,13.18,67.82,0.0,11.122540899999999,17,2,10
2024-10-02 18:00:00,15.339999999999998,65.12,0.0,8.947742400000001,18,2,10
2024-10-02 19:00:00,18.07,61.34,0.0,9.134153699999999,19,2,10
2024-10-02 20:00:00,18.07,61.16,0.0,9.7555247,20,2,10
2024-10-02 21:00:00,19.781666666666666,59.72,0.0,10.004073100000001,21,2,10
2024-10-02 22:00:00,19.99833333333333,58.459999999999994,0.0,9.5691134,22,2,10
2024-10-02 23:00:00,22.16,57.56,0.0,9.8176618,23,2,10
2024-10-03 00:00:00,23.51,56.66,0.0,9.7555247,0,3,10
2024-10-03 01:00:00,22.74,56.120000000000005,0.0,9.8797989,1,3,10
2024-10-03 02:00:00,26.135,55.4,0.0,9.8176618,2,3,10
2024-10-03 03:00:00,26.061666666666667,54.68,0.0,9.8797989,3,3,10
2024-10-03 04:00:00,24.296666666666667,53.96,0.0,9.4448392,4,3,10
2024-10-03 05:00:00,22.84166666666667,53.24,0.0,9.0098795,5,3,10
2024-10-03 06:00:00,19.543333333333333,52.52,0.0,8.202097199999999,6,3,10
2024-10-03 07:00:00,17.5,51.98,0.0,8.2642343,7,3,10
2024-10-03 08:00:00,15.113333333333335,54.5,0.0,6.835081,8,3,10
2024-10-03 09:00:00,16.023333333333333,58.82,0.0,6.337984199999999,9,3,10
2024-10-03 10:00:00,17.843333333333334,63.14,0.0,4.7224196,10,3,10
2024-10-03 11:00:00,17.503333333333334,66.74000000000001,0.0,2.7340324000000003,11,3,10
2024-10-03 12:00:00,17.276666666666667,69.62,0.0,2.6718953,12,3,10
2024-10-03 13:00:00,17.276666666666667,71.78,0.0,3.9146373,13,3,10
2024-10-03 14:00:00,17.163333333333334,73.04,0.0,5.2195164,14,3,10
2024-10-03 15:00:00,15.568333333333333,73.75999999999999,0.0,5.6544761,15,3,10
2024-10-03 16:00:00,14.023333333333333,72.14,0.0,8.015685900000001,16,3,10
2024-10-03 17:00:00,13.18,68.9,0.0,11.6196377,17,3,10
2024-10-03 18:00:00,15.594999999999999,66.38,0.0,10.501169899999999,18,3,10
2024-10-03 19:00:00,17.916666666666668,64.75999999999999,0.0,8.699194,19,3,10
2024-10-03 20:00:00,18.183333333333334,64.04,0.0,9.134153699999999,20,3,10
2024-10-03 21:00:00,20.111666666666668,63.68,0.0,8.8856053,21,3,10
2024-10-03 22:00:00,20.226666666666667,63.5,0.0,9.134153699999999,22,3,10
2024-10-03 23:00:00,21.24,63.68,0.0,10.1283473,23,3,10
2024-10-04 00:00:00,22.978333333333335,63.68,0.0,9.7555247,0,4,10
2024-10-04 01:00:00,22.945000000000004,62.959999999999994,0.0,9.0098795,1,4,10
2024-10-04 02:00:00,26.113333333333333,63.14,0.0,8.637056900000001,2,4,10
2024-10-04 03:00:00,24.741666666666664,62.959999999999994,0.0,8.699194,3,4,10
2024-10-04 04:00:00,23.865,64.22,0.0,12.8623797,4,4,10
2024-10-04 05:00:00,23.24,64.04,0.0,15.6585492,5,4,10
2024-10-04 06:00:00,19.316666666666666,64.04,0.0,15.223589500000001,6,4,10
2024-10-04 07:00:00,16.93,63.86,0.0,15.7828234,7,4,10
2024-10-04 08:00:00,15.0,63.14,0.9,11.060403800000001,8,4,10
2024-10-04 09:00:00,16.136666666666667,63.5,0.3,9.8797989,9,4,10
2024-10-04 10:00:00,17.615,64.75999999999999,0.0,11.557500600000001,10,4,10
2024-10-04 11:00:00,17.32166666666667,66.38,0.0,12.986653899999999,11,4,10
2024-10-04 12:00:00,17.50166666666667,67.82,0.0,15.0993153,12,4,10
2024-10-04 13:00:00,17.12666666666667,66.92,0.0,16.0935089,13,4,10
2024-10-04 14:00:00,17.39,66.2,0.0,16.2799202,14,4,10
2024-10-04 15:00:00,16.25166666666667,65.48,0.0,14.9750411,15,4,10
2024-10-04 16:00:00,14.205,64.75999999999999,0.0,14.7264927,16,4,10
2024-10-04 17:00:00,13.748333333333333,63.32,0.0,14.9750411,17,4,10
2024-10-04 18:00:00,15.773333333333333,61.519999999999996,0.0,12.986653899999999,18,4,10
2024-10-04 19:00:00,17.046666666666667,60.08,0.0,11.681774800000001,19,4,10
2024-10-04 20:00:00,17.956666666666667,60.08,0.0,11.6196377,20,4,10
2024-10-04 21:00:00,18.863333333333333,59.72,0.0,10.749718300000001,21,4,10
2024-10-04 22:00:00,19.885,59.18,0.0,9.0720166,22,4,10
2024-10-04 23:00:00,20.91,59.0,0.0,9.4448392,23,4,10
2024-10-05 00:00:00,23.013333333333335,58.459999999999994,0.0,8.326371400000001,0,5,10
2024-10-05 01:00:00,24.035,59.18,0.0,9.1962908,1,5,10
2024-10-05 02:00:00,24.511666666666667,59.540000000000006,0.0,9.320565,2,5,10
2024-10-05 03:00:00,24.875,59.36,0.0,9.134153699999999,3,5,10
2024-10-05 04:00:00,24.353333333333335,59.9,0.0,8.7613311,4,5,10
2024-10-05 05:00:00,23.58,59.540000000000006,0.0,8.3885085,5,5,10
2024-10-05 06:00:00,22.956666666666667,59.18,0.0,8.512782699999999,6,5,10
2024-10-05 07:00:00,21.59166666666667,59.540000000000006,0.0,9.8797989,7,5,10
2024-10-05 08:00:00,18.863333333333333,60.08,0.0,10.314758600000001,8,5,10
2024-10-05 09:00:00,18.976666666666667,61.16,0.0,11.557500600000001,9,5,10
2024-10-05 10:00:00,18.296666666666667,64.04,0.0,13.048791,10,5,10
2024-10-05 11:00:00,18.296666666666667,67.64,0.0,15.0371782,11,5,10
2024-10-05 12:00:00,17.503333333333334,71.24000000000001,0.0,15.9692347,12,5,10
2024-10-05 13:00:00,17.503333333333334,73.94,0.0,16.652742800000002,13,5,10
2024-10-05 14:00:00,17.115,76.46,0.0,17.1498396,14,5,10
2024-10-05 15:00:00,16.82,78.8,0.0,17.398388,15,5,10
2024-10-05 16:00:00,17.043333333333333,79.34,0.0,17.398388,16,5,10
2024-10-05 17:00:00,17.388333333333332,78.44,0.0,16.3420573,17,5,10
2024-10-05 18:00:00,16.478333333333335,75.92,0.0,15.7206863,18,5,10
2024-10-05 19:00:00,17.046666666666667,73.4,0.0,16.839154100000002,19,5,10
2024-10-05 20:00:00,18.296666666666667,74.66,0.0,18.7654042,20,5,10
2024-10-05 21:00:00,19.543333333333333,73.94,0.0,19.5110494,21,5,10
2024-10-05 22:00:00,19.09,73.58,0.0,20.9402027,22,5,10
2024-10-05 23:00:00,20.794999999999998,73.4,0.0,21.4372995,23,5,10
2024-10-06 00:00:00,22.386666666666667,73.4,0.0,20.9402027,0,6,10
2024-10-06 01:00:00,26.461666666666662,73.22,0.0,20.380968799999998,1,6,10
2024-10-06 02:00:00,26.43166666666667,73.04,0.0,19.0139526,2,6,10
2024-10-06 03:00:00,25.91,72.68,0.0,18.0818961,3,6,10
2024-10-06 04:00:00,23.505,72.14,0.0,16.7148799,4,6,10
2024-10-06 05:00:00,23.24,68.9,0.0,15.534275000000001,5,6,10
2024-10-06 06:00:00,22.84,64.58,0.0,10.625444100000001,6,6,10
2024-10-06 07:00:00,22.613333333333333,61.16,0.0,8.5749198,7,6,10
2024-10-06 08:00:00,22.011666666666667,62.959999999999994,0.0,10.0662102,8,6,10
2024-10-06 09:00:00,20.965,66.2,0.0,11.060403800000001,9,6,10
2024-10-06 10:00:00,18.98,69.62,0.0,14.1051217,10,6,10
2024-10-06 11:00:00,18.976666666666667,71.6,0.0,16.217783100000002,11,6,10
2024-10-06 12:00:00,18.846666666666668,72.5,0.0,17.895484800000002,12,6,10
2024-10-06 13:00:00,18.408333333333335,73.04,0.0,19.3246381,13,6,10
2024-10-06 14:00:00,18.183333333333334,73.04,0.0,19.6353236,14,6,10
2024-10-06 15:00:00,17.616666666666667,71.78,0.0,18.516855800000002,15,6,10
2024-10-06 16:00:00,16.24833333333333,70.34,0.0,17.7712106,16,6,10
2024-10-06 17:00:00,17.843333333333334,68.36,0.0,16.9634283,17,6,10
2024-10-06 18:00:00,18.75,65.48,0.0,15.0993153,18,6,10
2024-10-06 19:00:00,18.919999999999998,62.78,0.0,14.2293959,19,6,10
2024-10-06 20:00:00,20.338333333333335,61.519999999999996,0.0,11.806049,20,6,10
2024-10-06 21:00:00,20.68166666666667,60.08,0.0,12.303145800000001,21,6,10
2024-10-06 22:00:00,21.706666666666667,58.82,0.0,12.2410087,22,6,10
2024-10-06 23:00:00,21.363333333333333,57.379999999999995,0.0,11.060403800000001,23,6,10
2024-10-07 00:00:00,23.30666666666667,55.58,0.0,8.8856053,0,0,10
2024-10-07 01:00:00,25.91,54.32,0.0,9.258427900000001,1,0,10
2024-10-07 02:00:00,23.81833333333333,53.78,0.0,10.190484399999999,2,0,10
2024-10-07 03:00:00,26.81833333333333,53.06,0.0,11.060403800000001,3,0,10
2024-10-07 04:00:00,24.545,52.34,0.0,10.8739925,4,0,10
2024-10-07 05:00:00,22.84,51.620000000000005,0.0,10.3768957,5,0,10
2024-10-07 06:00:00,20.67833333333333,51.08,0.0,10.3768957,6,0,10
2024-10-07 07:00:00,17.69,50.36,0.0,9.6312505,7,0,10
2024-10-07 08:00:00,15.908333333333333,52.34,0.0,8.4506456,8,0,10
2024-10-07 09:00:00,16.593333333333334,55.04,0.0,8.202097199999999,9,0,10
2024-10-07 10:00:00,18.07,57.2,0.0,6.337984199999999,10,0,10
2024-10-07 11:00:00,17.843333333333334,59.36,0.0,5.4680648000000005,11,0,10
2024-10-07 12:00:00,17.276666666666667,61.7,0.0,5.6544761,12,0,10
2024-10-07 13:00:00,17.581666666666667,63.5,0.0,5.2195164,13,0,10
2024-10-07 14:00:00,17.163333333333334,64.94,0.0,4.6602825,14,0,10
2024-10-07 15:00:00,15.908333333333333,66.02,0.0,5.0331051,15,0,10
2024-10-07 16:00:00,14.089999999999998,65.48,0.0,5.716613199999999,16,0,10
2024-10-07 17:00:00,13.863333333333335,64.75999999999999,0.0,7.7671375000000005,17,0,10
2024-10-07 18:00:00,15.68,62.959999999999994,0.0,8.823468199999999,18,0,10
2024-10-07 19:00:00,17.73,59.540000000000006,0.0,9.134153699999999,19,0,10
2024-10-07 20:00:00,18.07,58.28,0.0,5.530201900000001,20,0,10
2024-10-07 21:00:00,19.99833333333333,55.94,0.0,6.4622584000000005,21,0,10
2024-10-07 22:00:00,20.451666666666664,54.14,0.0,7.2079036,22,0,10
2024-10-07 23:00:00,22.136666666666667,52.52,0.0,7.0836294,23,0,10
2024-10-08 00:00:00,23.363333333333333,51.620000000000005,0.0,7.0836294,0,1,10
2024-10-08 01:00:00,24.596666666666664,51.08,0.0,7.3321778,1,1,10
2024-10-08 02:00:00,25.001666666666665,51.08,0.0,7.9535488,2,1,10
2024-10-08 03:00:00,25.14833333333333,50.9,0.0,8.4506456,3,1,10
2024-10-08 04:00:00,25.176666666666666,50.36,0.0,8.2642343,4,1,10
2024-10-08 05:00:00,23.215,50.0,0.0,8.326371400000001,5,1,10
2024-10-08 06:00:00,19.885,49.46,0.0,8.2642343,6,1,10
2024-10-08 07:00:00,17.386666666666667,48.92,0.0,7.9535488,7,1,10
2024-10-08 08:00:00,16.02,50.0,0.0,7.2079036,8,1,10
2024-10-08 09:00:00,16.25166666666667,54.86,0.0,6.7108068,9,1,10
2024-10-08 10:00:00,18.075,60.8,0.0,7.2700407,10,1,10
2024-10-08 11:00:00,17.50166666666667,66.56,0.0,8.512782699999999,11,1,10
2024-10-08 12:00:00,17.05,69.44,0.0,10.190484399999999,12,1,10
2024-10-08 13:00:00,17.503333333333334,70.88,0.0,11.371089300000001,13,1,10
2024-10-08 14:00:00,17.048333333333336,71.96,0.0,11.6196377,14,1,10
2024-10-08 15:00:00,15.68,72.32,0.0,11.8681861,15,1,10
2024-10-08 16:00:00,13.863333333333335,72.14,0.0,11.246815100000001,16,1,10
2024-10-08 17:00:00,12.951666666666666,71.42,0.0,10.3768957,17,1,10
2024-10-08 18:00:00,15.339999999999998,68.72,0.0,7.8292746,18,1,10
2024-10-08 19:00:00,17.163333333333334,63.86,0.0,6.337984199999999,19,1,10
2024-10-08 20:00:00,17.996666666666666,61.88,0.0,9.3827021,20,1,10
2024-10-08 21:00:00,19.771666666666665,60.62,0.0,7.3321778,21,1,10
2024-10-08 22:00:00,21.135,59.0,0.0,6.4622584000000005,22,1,10
2024-10-08 23:00:00,21.60166666666667,57.379999999999995,0.0,5.4059276999999994,23,1,10
2024-10-09 00:00:00,23.761666666666667,56.3,0.0,4.6602825,0,2,10
2024-10-09 01:00:00,24.785,56.66,0.0,3.9146373,1,2,10
2024-10-09 02:00:00,24.09166666666667,53.96,0.0,5.0952421999999995,2,2,10
2024-10-09 03:00:00,26.18166666666667,53.42,0.0,6.2758471,3,2,10
2024-10-09 04:00:00,27.125,52.16,0.0,6.027298699999999,4,2,10
2024-10-09 05:00:00,23.18166666666667,50.72,0.0,5.7787503000000005,5,2,10
2024-10-09 06:00:00,20.451666666666664,49.64,0.0,5.716613199999999,6,2,10
2024-10-09 07:00:00,17.341666666666665,48.74,0.0,5.3437906,7,2,10
2024-10-09 08:00:00,15.113333333333335,50.54,0.0,4.2874599,8,2,10
2024-10-09 09:00:00,16.023333333333333,54.14,0.0,2.2990727,9,2,10
2024-10-09 10:00:00,17.956666666666667,59.0,0.0,1.9262501,10,2,10
2024-10-09 11:00:00,17.73,62.6,0.0,4.7845567,11,2,10
2024-10-09 12:00:00,17.276666666666667,64.22,0.0,7.5185891,12,2,10
2024-10-09 13:00:00,17.241666666666667,64.75999999999999,0.0,8.1399601,13,2,10
2024-10-09 14:00:00,17.276666666666667,65.3,0.0,7.7671375000000005,14,2,10
2024-10-09 15:00:00,16.023333333333333,65.48,0.0,8.5749198,15,2,10
2024-10-09 16:00:00,13.75,65.12,0.0,10.2526215,16,2,10
2024-10-09 17:00:00,12.838333333333333,64.04,0.0,10.749718300000001,17,2,10
2024-10-09 18:00:00,15.68,62.6,0.0,10.749718300000001,18,2,10
2024-10-09 19:00:00,17.843333333333334,61.16,0.0,10.004073100000001,19,2,10
2024-10-09 20:00:00,18.285,60.08,0.0,11.3089522,20,2,10
2024-10-09 21:00:00,19.656666666666666,59.540000000000006,0.0,11.060403800000001,21,2,10
2024-10-09 22:00:00,20.305,59.18,0.0,10.936129600000001,22,2,10
2024-10-09 23:00:00,21.820000000000004,58.459999999999994,0.0,10.3768957,23,2,10
2024-10-10 00:00:00,22.953333333333333,58.1,0.0,9.4448392,0,3,10
2024-10-10 01:00:00,25.81833333333333,57.74,0.0,9.7555247,1,3,10
2024-10-10 02:00:00,24.439999999999998,57.74,0.0,9.6933876,2,3,10
2024-10-10 03:00:00,45.25,57.379999999999995,0.0,9.6933876,3,3,10
2024-10-10 04:00:00,24.31833333333333,56.84,0.0,9.258427900000001,4,3,10
2024-10-10 05:00:00,23.133333333333336,55.94,0.0,8.699194,5,3,10
2024-10-10 06:00:00,19.834999999999997,54.68,0.0,7.7671375000000005,6,3,10
2024-10-10 07:00:00,17.386666666666667,53.42,0.0,7.3321778,7,3,10
2024-10-10 08:00:00,15.228333333333333,55.4,0.0,6.337984199999999,8,3,10
2024-10-10 09:00:00,15.568333333333333,57.92,0.0,6.7108068,9,3,10
2024-10-10 10:00:00,18.16,59.72,0.0,7.0836294,10,3,10
2024-10-10 11:00:00,17.388333333333332,61.88,0.0,6.648669699999999,11,3,10
2024-10-10 12:00:00,17.048333333333336,64.22,0.0,7.2079036,12,3,10
2024-10-10 13:00:00,17.275000000000002,65.84,0.0,8.326371400000001,13,3,10
2024-10-10 14:00:00,17.39,66.74000000000001,0.0,8.077823,14,3,10
2024-10-10 15:00:00,14.773333333333333,67.1,0.0,7.5185891,15,3,10
2024-10-10 16:00:00,13.748333333333333,67.1,0.0,6.7108068,16,3,10
2024-10-10 17:00:00,11.589999999999998,66.56,0.0,5.9651616,17,3,10
2024-10-10 18:00:00,11.703333333333333,64.94,0.0,4.970968,18,3,10
2024-10-10 19:00:00,15.568333333333333,62.6,0.0,5.592339,19,3,10
2024-10-10 20:00:00,17.616666666666667,61.7,0.0,6.2758471,20,3,10
2024-10-10 21:00:00,19.919999999999998,60.62,0.0,6.7108068,21,3,10
2024-10-10 22:00:00,20.226666666666667,59.36,0.0,6.8972181,22,3,10
2024-10-10 23:00:00,21.43166666666667,57.92,0.0,7.0214923,23,3,10
2024-10-11 00:00:00,23.691666666666666,56.66,0.0,7.5185891,0,4,10
2024-10-11 01:00:00,22.615,55.22,0.0,7.9535488,1,4,10
2024-10-11 02:00:00,24.011666666666667,54.32,0.0,8.2642343,2,4,10
2024-10-11 03:00:00,25.138333333333335,53.78,0.0,8.3885085,3,4,10
2024-10-11 04:00:00,25.925,53.42,0.0,8.637056900000001,4,4,10
2024-10-11 05:00:00,22.67,53.24,0.0,8.5749198,5,4,10
2024-10-11 06:00:00,19.658333333333335,53.06,0.0,8.823468199999999,6,4,10
2024-10-11 07:00:00,16.93166666666667,52.879999999999995,0.0,8.823468199999999,7,4,10
2024-10-11 08:00:00,14.433333333333332,54.32,0.0,8.202097199999999,8,4,10
2024-10-11 09:00:00,13.408333333333333,59.540000000000006,0.0,7.5185891,9,4,10
2024-10-11 10:00:00,17.161666666666665,66.02,0.0,8.947742400000001,10,4,10
2024-10-11 11:00:00,17.161666666666665,72.32,0.0,11.9303232,11,4,10
2024-10-11 12:00:00,16.599999999999998,76.82,0.0,13.235202300000001,12,4,10
2024-10-11 13:00:00,16.361666666666668,80.06,0.0,15.2857266,13,4,10
2024-10-11 14:00:00,16.135,81.68,0.0,16.4663315,14,4,10
2024-10-11 15:00:00,13.636666666666665,82.75999999999999,0.0,16.4663315,15,4,10
2024-10-11 16:00:00,11.93,82.4,0.0,16.031371800000002,16,4,10
2024-10-11 17:00:00,11.703333333333333,80.6,0.0,14.1051217,17,4,10
2024-10-11 18:00:00,14.318333333333333,77.18,0.0,11.6196377,18,4,10
2024-10-11 19:00:00,17.048333333333336,73.58,0.0,12.1167345,19,4,10
2024-10-11 20:00:00,17.275000000000002,72.5,0.0,12.1167345,20,4,10
2024-10-11 21:00:00,19.636666666666667,71.42,0.0,12.613831300000001,21,4,10
2024-10-11 22:00:00,20.463333333333335,70.52,0.0,11.806049,22,4,10
2024-10-11 23:00:00,21.138333333333332,69.44,0.0,10.936129600000001,23,4,10
2024-10-12 00:00:00,22.853333333333335,67.64,0.0,10.2526215,0,5,10
2024-10-12 01:00:00,22.191666666666666,64.58,0.0,12.42742,1,5,10
2024-10-12 02:00:00,24.813333333333333,62.42,0.0,14.291533,2,5,10
2024-10-12 03:00:00,24.886666666666667,61.34,0.0,14.7886298,3,5,10
2024-10-12 04:00:00,23.785,60.62,0.0,13.7944362,4,5,10
2024-10-12 05:00:00,24.011666666666667,60.08,0.0,13.297339399999998,5,5,10
2024-10-12 06:00:00,21.715,59.540000000000006,0.0,13.3594765,6,5,10
2024-10-12 07:00:00,18.625,59.0,0.0,13.048791,7,5,10
2024-10-12 08:00:00,19.066666666666666,60.08,0.0,13.4837507,8,5,10
2024-10-12 09:00:00,18.976666666666667,61.34,0.0,14.3536701,9,5,10
2024-10-12 10:00:00,17.893333333333334,61.34,0.3,14.291533,10,5,10
2024-10-12 11:00:00,17.16,61.16,0.6,13.048791,11,5,10
2024-10-12 12:00:00,16.591666666666665,61.519999999999996,0.0,10.625444100000001,12,5,10
2024-10-12 13:00:00,16.023333333333333,62.42,0.0,9.4448392,13,5,10
2024-10-12 14:00:00,15.453333333333333,63.14,0.0,8.5749198,14,5,10
2024-10-12 15:00:00,15.113333333333335,62.6,0.0,11.4953635,15,5,10
2024-10-12 16:00:00,15.453333333333333,62.059999999999995,0.1,9.258427900000001,16,5,10
2024-10-12 17:00:00,15.075000000000001,60.8,4.3,13.4216136,17,5,10
2024-10-12 18:00:00,16.02,59.0,0.0,17.7712106,18,5,10
2024-10-12 19:00:00,16.81833333333333,59.36,2.1,16.777017,19,5,10
2024-10-12 20:00:00,17.388333333333332,57.56,0.9,17.646936399999998,20,5,10
2024-10-12 21:00:00,18.863333333333333,58.64,0.0,14.4158072,21,5,10
2024-10-12 22:00:00,19.203333333333333,58.82,0.9,14.5400814,22,5,10
2024-10-12 23:00:00,20.728333333333335,58.28,8.8,10.563307,23,5,10
2024-10-13 00:00:00,22.34166666666667,58.459999999999994,0.4,5.0952421999999995,0,6,10
2024-10-13 01:00:00,24.94333333333333,57.74,0.0,3.1689920999999996,1,6,10
2024-10-13 02:00:00,25.68166666666667,58.64,0.0,8.3885085,2,6,10
2024-10-13 03:00:00,24.17,59.0,0.0,8.1399601,3,6,10
2024-10-13 04:00:00,23.92,59.18,0.0,9.1962908,4,6,10
2024-10-13 05:00:00,22.238333333333333,58.82,0.0,9.7555247,5,6,10
2024-10-13 06:00:00,18.771666666666665,58.82,0.0,8.823468199999999,6,6,10
2024-10-13 07:00:00,13.751666666666667,58.459999999999994,0.0,7.2700407,7,6,10
2024-10-13 08:00:00,13.92,58.82,0.0,7.4564520000000005,8,6,10
2024-10-13 09:00:00,14.25,58.82,0.0,8.326371400000001,9,6,10
2024-10-13 10:00:00,15.226666666666667,59.0,0.1,9.5069763,10,6,10
2024-10-13 11:00:00,14.455,59.72,0.1,11.3089522,11,6,10
2024-10-13 12:00:00,13.805,61.88,0.1,13.7944362,12,6,10
2024-10-13 13:00:00,14.42,64.58,0.0,15.2857266,13,6,10
2024-10-13 14:00:00,14.806666666666667,65.3,0.0,19.5731865,14,6,10
2024-10-13 15:00:00,14.885,62.42,0.1,22.804315700000004,15,6,10
2024-10-13 16:00:00,15.910000000000002,59.9,0.0,23.2392754,16,6,10
2024-10-13 17:00:00,16.25166666666667,58.1,0.0,22.804315700000004,17,6,10
2024-10-13 18:00:00,16.703333333333333,56.48,0.0,19.2003639,18,6,10
2024-10-13 19:00:00,19.203333333333333,54.14,0.0,20.7537914,19,6,10
2024-10-13 20:00:00,19.68,53.06,0.0,19.3867752,20,6,10
2024-10-13 21:00:00,20.794999999999998,51.8,0.0,18.019759,21,6,10
2024-10-13 22:00:00,21.64833333333333,51.620000000000005,0.0,20.008146200000002,22,6,10
2024-10-13 23:00:00,22.646666666666665,50.9,0.0,21.747985,23,6,10
2024-10-14 00:00:00,22.625,49.28,0.0,21.499436600000003,0,0,10
2024-10-14 01:00:00,22.626666666666665,48.92,0.0,23.2392754,1,0,10
2024-10-14 02:00:00,24.785,47.48,0.0,22.5557673,2,0,10
2024-10-14 03:00:00,23.955,48.2,0.0,19.2003639,3,0,10
2024-10-14 04:00:00,23.915000000000003,49.82,0.1,19.3867752,4,0,10
2024-10-14 05:00:00,21.828333333333333,50.36,0.5,19.3867752,5,0,10
2024-10-14 06:00:00,19.09,49.1,0.3,19.2003639,6,0,10
2024-10-14 07:00:00,16.706666666666667,47.48,0.2,18.9518155,7,0,10
2024-10-14 08:00:00,14.660000000000002,47.84,0.4,16.839154100000002,8,0,10
2024-10-14 09:00:00,15.795,47.66,0.5,12.1788716,9,0,10
2024-10-14 10:00:00,17.73,48.92,0.4,11.8681861,10,0,10
2024-10-14 11:00:00,15.113333333333335,51.98,0.0,12.924516800000001,11,0,10
2024-10-14 12:00:00,15.226666666666667,52.879999999999995,0.1,13.4216136,12,0,10
2024-10-14 13:00:00,15.450000000000001,53.42,0.0,13.4216136,13,0,10
2024-10-14 14:00:00,15.793333333333331,53.6,0.0,12.365282899999999,14,0,10
2024-10-14 15:00:00,15.0,51.44,0.1,11.3089522,15,0,10
2024-10-14 16:00:00,14.32,50.0,0.0,11.3089522,16,0,10
2024-10-14 17:00:00,13.521666666666667,48.92,0.0,5.6544761,17,0,10
2024-10-14 18:00:00,15.455,48.379999999999995,0.0,4.970968,18,0,10
2024-10-14 19:00:00,17.843333333333334,46.4,0.1,12.1167345,19,0,10
2024-10-14 20:00:00,18.07,47.3,0.0,4.349597,20,0,10
2024-10-14 21:00:00,19.203333333333333,46.76,0.0,8.202097199999999,21,0,10
2024-10-14 22:00:00,21.25,45.5,0.0,10.2526215,22,0,10
2024-10-14 23:00:00,22.19333333333333,44.78,0.0,12.7381055,23,0,10
2024-10-15 00:00:00,22.046666666666667,44.239999999999995,0.0,12.054597399999999,0,1,10
2024-10-15 01:00:00,23.40833333333333,43.7,0.0,13.235202300000001,1,1,10
2024-10-15 02:00:00,26.488333333333333,43.34,0.0,13.7322991,2,1,10
2024-10-15 03:00:00,23.67,43.34,0.1,14.1051217,3,1,10
2024-10-15 04:00:00,24.728333333333335,44.42,0.2,12.42742,4,1,10
2024-10-15 05:00:00,22.113333333333333,42.08,1.6,15.0371782,5,1,10
2024-10-15 06:00:00,19.544999999999998,44.6,0.2,14.4158072,6,1,10
2024-10-15 07:00:00,17.023333333333333,45.86,0.1,10.3768957,7,1,10
2024-10-15 08:00:00,15.793333333333331,46.4,0.2,8.7613311,8,1,10
2024-10-15 09:00:00,15.0,47.3,0.1,13.7322991,9,1,10
2024-10-15 10:00:00,17.275000000000002,48.74,0.1,16.217783100000002,10,1,10
2024-10-15 11:00:00,16.363333333333333,47.120000000000005,0.2,18.516855800000002,11,1,10
2024-10-15 12:00:00,16.135,46.76,1.4,20.505243,12,1,10
2024-10-15 13:00:00,16.474999999999998,46.76,0.3,24.3577432,13,1,10
2024-10-15 14:00:00,16.476666666666667,48.56,0.2,21.8101221,14,1,10
2024-10-15 15:00:00,15.113333333333335,47.48,0.1,23.7363722,15,1,10
2024-10-15 16:00:00,13.976666666666667,46.22,0.2,21.623710799999998,16,1,10
2024-10-15 17:00:00,11.363333333333335,48.2,0.2,18.3304445,17,1,10
2024-10-15 18:00:00,14.431666666666667,47.120000000000005,0.1,19.4489123,18,1,10
2024-10-15 19:00:00,16.82,48.2,0.0,16.839154100000002,19,1,10
2024-10-15 20:00:00,17.881666666666668,46.76,0.0,13.8565733,20,1,10
2024-10-15 21:00:00,20.111666666666668,45.68,0.0,16.217783100000002,21,1,10
2024-10-15 22:00:00,20.223333333333333,45.32,0.0,15.7206863,22,1,10
2024-10-15 23:00:00,21.81833333333333,44.78,0.0,15.0371782,23,1,10
2024-10-16 00:00:00,23.52333333333333,44.6,0.0,14.7886298,0,2,10
2024-10-16 01:00:00,23.455,43.16,0.0,12.8623797,1,2,10
2024-10-16 02:00:00,24.745,42.44,0.0,13.8565733,2,2,10
2024-10-16 03:00:00,26.403333333333332,41.36,0.0,13.9808475,3,2,10
2024-10-16 04:00:00,26.511666666666667,41.0,0.0,13.670162,4,2,10
2024-10-16 05:00:00,22.728333333333335,40.1,0.0,11.9303232,5,2,10
2024-10-16 06:00:00,20.566666666666666,38.839999999999996,0.0,10.9982667,6,2,10
2024-10-16 07:00:00,17.433333333333334,38.48,0.0,12.1788716,7,2,10
2024-10-16 08:00:00,15.226666666666667,39.56,0.0,11.122540899999999,8,2,10
2024-10-16 09:00:00,16.365,42.44,0.0,10.936129600000001,9,2,10
2024-10-16 10:00:00,17.275000000000002,45.5,0.0,10.6875812,10,2,10
2024-10-16 11:00:00,17.503333333333334,48.02,0.0,9.941936,11,2,10
2024-10-16 12:00:00,17.39,50.0,0.0,9.258427900000001,12,2,10
2024-10-16 13:00:00,17.39,51.44,0.0,8.3885085,13,2,10
2024-10-16 14:00:00,17.338333333333335,52.52,0.0,6.835081,14,2,10
2024-10-16 15:00:00,15.908333333333333,53.42,0.0,5.0331051,15,2,10
2024-10-16 16:00:00,14.205,53.78,0.0,3.4796776,16,2,10
2024-10-16 17:00:00,12.723333333333334,53.6,0.0,2.2369356000000002,17,2,10
2024-10-16 18:00:00,15.453333333333333,53.24,0.0,0.3106855,18,2,10
2024-10-16 19:00:00,17.843333333333334,51.98,0.0,1.9262501,19,2,10
2024-10-16 20:00:00,17.956666666666667,47.120000000000005,0.0,8.1399601,20,2,10
2024-10-16 21:00:00,19.99833333333333,45.5,0.0,7.7050004,21,2,10
2024-10-16 22:00:00,20.224999999999998,43.7,0.0,7.2079036,22,2,10
2024-10-16 23:00:00,22.046666666666667,42.44,0.0,7.2700407,23,2,10
2024-10-17 00:00:00,23.43166666666667,41.0,0.0,7.1457665,0,3,10
2024-10-17 01:00:00,23.183333333333334,39.74,0.0,6.7108068,1,3,10
2024-10-17 02:00:00,23.804999999999996,39.2,0.0,6.7108068,2,3,10
2024-10-17 03:00:00,26.44333333333333,38.48,0.0,6.7108068,3,3,10
2024-10-17 04:00:00,25.608333333333334,37.94,0.0,6.648669699999999,4,3,10
2024-10-17 05:00:00,22.84,37.76,0.0,6.7729439000000005,5,3,10
2024-10-17 06:00:00,20.224999999999998,37.4,0.0,6.5865326,6,3,10
2024-10-17 07:00:00,17.275000000000002,37.22,0.0,6.648669699999999,7,3,10
2024-10-17 08:00:00,15.339999999999998,39.2,0.0,7.4564520000000005,8,3,10
2024-10-17 09:00:00,15.796666666666667,44.239999999999995,0.0,5.840887400000001,9,3,10
2024-10-17 10:00:00,18.296666666666667,49.64,0.0,6.5865326,10,3,10
2024-10-17 11:00:00,17.39,54.5,0.0,7.8914117,11,3,10
2024-10-17 12:00:00,17.39,57.56,0.0,9.1962908,12,3,10
2024-10-17 13:00:00,17.275000000000002,59.36,0.0,10.190484399999999,13,3,10
2024-10-17 14:00:00,17.474999999999998,60.62,0.0,10.749718300000001,14,3,10
2024-10-17 15:00:00,15.908333333333333,61.34,0.0,10.6875812,15,3,10
2024-10-17 16:00:00,13.635,61.519999999999996,0.0,10.625444100000001,16,3,10
2024-10-17 17:00:00,12.383333333333333,59.9,0.0,9.5069763,17,3,10
2024-10-17 18:00:00,15.339999999999998,55.04,0.0,9.5069763,18,3,10
2024-10-17 19:00:00,17.276666666666667,52.879999999999995,0.0,10.4390328,19,3,10
2024-10-17 20:00:00,17.843333333333334,52.16,0.0,10.501169899999999,20,3,10
2024-10-17 21:00:00,19.656666666666666,50.54,0.0,10.563307,21,3,10
2024-10-17 22:00:00,19.543333333333333,49.28,0.0,10.8739925,22,3,10
2024-10-17 23:00:00,21.361666666666665,48.379999999999995,0.0,10.936129600000001,23,3,10
2024-10-18 00:00:00,22.84,47.84,0.0,10.936129600000001,0,4,10
2024-10-18 01:00:00,24.05666666666667,46.94,0.0,10.1283473,1,4,10
2024-10-18 02:00:00,26.311666666666667,46.04,0.0,9.8797989,2,4,10
2024-10-18 03:00:00,25.655,45.32,0.0,9.7555247,3,4,10
2024-10-18 04:00:00,24.77333333333333,44.6,0.0,9.320565,4,4,10
2024-10-18 05:00:00,23.10166666666667,43.879999999999995,0.0,8.7613311,5,4,10
2024-10-18 06:00:00,19.74833333333333,43.16,0.0,8.699194,6,4,10
2024-10-18 07:00:00,16.774,42.620000000000005,0.0,8.5749198,7,4,10
2024-10-18 08:00:00,14.775,44.6,0.0,8.326371400000001,8,4,10
2024-10-18 09:00:00,16.478333333333335,48.56,0.0,8.1399601,9,4,10
2024-10-18 10:00:00,18.07,52.879999999999995,0.0,9.941936,10,4,10
2024-10-18 11:00:00,17.50166666666667,57.2,0.0,11.122540899999999,11,4,10
2024-10-18 12:00:00,17.276666666666667,60.62,0.0,12.054597399999999,12,4,10
2024-10-18 13:00:00,17.39,63.14,0.0,12.8002426,13,4,10
2024-10-18 14:00:00,17.275000000000002,64.4,0.0,12.365282899999999,14,4,10
2024-10-18 15:00:00,15.453333333333333,65.12,0.0,12.054597399999999,15,4,10
2024-10-18 16:00:00,14.316666666666668,64.94,0.0,10.9982667,16,4,10
2024-10-18 17:00:00,13.293333333333331,63.14,0.0,8.699194,17,4,10
2024-10-18 18:00:00,15.566666666666668,57.379999999999995,0.0,7.8914117,18,4,10
2024-10-18 19:00:00,17.39,54.86,0.0,8.3885085,19,4,10
2024-10-18 20:00:00,18.07,54.5,0.0,8.512782699999999,20,4,10
2024-10-18 21:00:00,19.363333333333333,52.879999999999995,0.0,8.947742400000001,21,4,10
2024-10-18 22:00:00,20.226666666666667,51.98,0.0,9.1962908,22,4,10
2024-10-18 23:00:00,21.59166666666667,51.08,0.0,8.8856053,23,4,10
2024-10-19 00:00:00,23.293333333333333,49.46,0.0,8.015685900000001,0,5,10
2024-10-19 01:00:00,23.728333333333335,48.02,0.0,7.6428633,1,5,10
2024-10-19 02:00:00,26.944999999999997,46.76,0.0,7.3321778,2,5,10
2024-10-19 03:00:00,25.68166666666667,45.86,0.0,7.0214923,3,5,10
2024-10-19 04:00:00,25.111666666666665,44.96,0.0,6.8972181,4,5,10
2024-10-19 05:00:00,24.56833333333333,44.239999999999995,0.0,6.9593552,5,5,10
2024-10-19 06:00:00,22.478333333333335,43.519999999999996,0.0,6.7729439000000005,6,5,10
2024-10-19 07:00:00,20.793333333333333,42.620000000000005,0.0,6.337984199999999,7,5,10
2024-10-19 08:00:00,20.113333333333333,44.6,0.0,6.5243955,8,5,10
2024-10-19 09:00:00,18.41,49.46,0.0,5.2195164,9,5,10
2024-10-19 10:00:00,17.388333333333332,54.5,0.0,6.21371,10,5,10
2024-10-19 11:00:00,17.956666666666667,59.72,0.0,7.2700407,11,5,10
2024-10-19 12:00:00,17.503333333333334,63.68,0.0,8.1399601,12,5,10
2024-10-19 13:00:00,16.36,66.38,0.0,7.8292746,13,5,10
2024-10-19 14:00:00,16.81833333333333,67.82,0.0,7.5807262,14,5,10
2024-10-19 15:00:00,16.478333333333335,68.54,0.0,7.9535488,15,5,10
2024-10-19 16:00:00,16.02,68.54,0.0,8.3885085,16,5,10
2024-10-19 17:00:00,12.386666666666665,66.56,0.0,6.9593552,17,5,10
2024-10-19 18:00:00,9.546666666666667,60.440000000000005,0.0,7.7050004,18,5,10
2024-10-19 19:00:00,7.46,57.74,0.0,9.1962908,19,5,10
2024-10-19 20:00:00,10.116666666666667,56.66,0.0,9.5069763,20,5,10
2024-10-19 21:00:00,16.023333333333333,55.22,0.0,9.7555247,21,5,10
2024-10-19 22:00:00,20.05666666666667,54.5,0.0,10.314758600000001,22,5,10
2024-10-19 23:00:00,21.456666666666667,53.06,0.0,9.4448392,23,5,10
2024-10-20 00:00:00,21.77333333333333,51.08,0.0,8.637056900000001,0,6,10
2024-10-20 01:00:00,24.665000000000003,50.54,0.0,9.0720166,1,6,10
2024-10-20 02:00:00,24.91,50.36,0.0,9.6312505,2,6,10
2024-10-20 03:00:00,24.03333333333333,50.9,0.0,10.4390328,3,6,10
2024-10-20 04:00:00,23.804999999999996,51.08,0.0,10.4390328,4,6,10
2024-10-20 05:00:00,24.14833333333333,50.9,0.0,10.004073100000001,5,6,10
2024-10-20 06:00:00,23.521666666666665,50.54,0.0,9.941936,6,6,10
2024-10-20 07:00:00,22.75,50.18,0.0,9.6933876,7,6,10
2024-10-20 08:00:00,22.5,51.620000000000005,0.0,10.004073100000001,8,6,10
2024-10-20 09:00:00,21.59,55.94,0.0,8.015685900000001,9,6,10
2024-10-20 10:00:00,20.794999999999998,60.440000000000005,0.0,10.2526215,10,6,10
2024-10-20 11:00:00,21.023333333333333,65.12,0.0,11.806049,11,6,10
2024-10-20 12:00:00,19.885,68.9,0.0,12.1167345,12,6,10
2024-10-20 13:00:00,18.07,72.14,0.0,12.675968399999999,13,6,10
2024-10-20 14:00:00,17.956666666666667,74.12,0.0,13.1730652,14,6,10
2024-10-20 15:00:00,17.73,75.38,0.0,12.5516942,15,6,10
2024-10-20 16:00:00,17.956666666666667,75.38,0.0,11.9303232,16,6,10
2024-10-20 17:00:00,17.843333333333334,73.22,0.0,10.563307,17,6,10
2024-10-20 18:00:00,18.07,68.18,0.0,10.749718300000001,18,6,10
2024-10-20 19:00:00,19.191666666666666,65.84,0.0,12.054597399999999,19,6,10
2024-10-20 20:00:00,20.113333333333333,64.75999999999999,0.0,12.42742,20,6,10
2024-10-20 21:00:00,21.136666666666667,63.68,0.0,12.4895571,21,6,10
2024-10-20 22:00:00,22.09166666666667,62.6,0.0,12.675968399999999,22,6,10
2024-10-20 23:00:00,21.593333333333334,61.34,0.0,12.7381055,23,6,10
2024-10-21 00:00:00,24.43166666666667,60.26,0.0,12.5516942,0,0,10
2024-10-21 01:00:00,25.941666666666666,58.82,0.0,11.4953635,1,0,10
2024-10-21 02:00:00,23.653333333333332,57.56,0.0,10.811855399999999,2,0,10
2024-10-21 03:00:00,26.62,56.48,0.0,10.8739925,3,0,10
2024-10-21 04:00:00,24.695000000000004,55.58,0.0,10.625444100000001,4,0,10
2024-10-21 05:00:00,23.136666666666667,54.5,0.0,10.0662102,5,0,10
2024-10-21 06:00:00,19.77,53.6,0.0,10.0662102,6,0,10
2024-10-21 07:00:00,17.161666666666665,52.879999999999995,0.0,9.6933876,7,0,10
2024-10-21 08:00:00,15.453333333333333,53.42,0.0,9.1962908,8,0,10
2024-10-21 09:00:00,16.25166666666667,57.56,0.0,8.015685900000001,9,0,10
2024-10-21 10:00:00,17.956666666666667,62.24,0.0,9.5069763,10,0,10
2024-10-21 11:00:00,17.73,67.1,0.0,10.1283473,11,0,10
2024-10-21 12:00:00,17.161666666666665,71.06,0.0,9.941936,12,0,10
2024-10-21 13:00:00,17.39,74.48,0.0,10.6875812,13,0,10
2024-10-21 14:00:00,17.365,76.46,0.0,10.936129600000001,14,0,10
2024-10-21 15:00:00,16.021666666666665,77.72,0.0,10.811855399999999,15,0,10
2024-10-21 16:00:00,14.431666666666667,77.9,0.0,10.3768957,16,0,10
2024-10-21 17:00:00,13.065,75.2,0.0,9.258427900000001,17,0,10
2024-10-21 18:00:00,15.566666666666668,69.62,0.0,10.2526215,18,0,10
2024-10-21 19:00:00,17.956666666666667,67.1,0.0,11.371089300000001,19,0,10
2024-10-21 20:00:00,17.956666666666667,66.2,0.0,11.557500600000001,20,0,10
2024-10-21 21:00:00,19.886666666666667,64.75999999999999,0.0,11.557500600000001,21,0,10
2024-10-21 22:00:00,21.113333333333333,63.14,0.0,11.806049,22,0,10
2024-10-21 23:00:00,21.935000000000002,61.519999999999996,0.0,11.122540899999999,23,0,10
2024-10-22 00:00:00,23.953333333333333,59.9,0.0,10.749718300000001,0,1,10
2024-10-22 01:00:00,24.511666666666667,58.64,0.0,10.749718300000001,1,1,10
2024-10-22 02:00:00,25.02333333333333,57.56,0.0,10.4390328,2,1,10
2024-10-22 03:00:00,26.40833333333333,56.3,0.0,10.501169899999999,3,1,10
2024-10-22 04:00:00,24.206666666666667,54.86,0.0,10.1283473,4,1,10
2024-10-22 05:00:00,23.60166666666667,54.32,0.0,10.004073100000001,5,1,10
2024-10-22 06:00:00,19.608333333333334,53.6,0.0,10.190484399999999,6,1,10
2024-10-22 07:00:00,17.044999999999998,53.06,0.0,10.2526215,7,1,10
2024-10-22 08:00:00,15.226666666666667,54.86,0.0,10.8739925,8,1,10
2024-10-22 09:00:00,15.568333333333333,58.1,0.0,11.122540899999999,9,1,10
2024-10-22 10:00:00,18.07,61.7,0.0,12.5516942,10,1,10
2024-10-22 11:00:00,17.275000000000002,66.56,0.0,15.223589500000001,11,1,10
2024-10-22 12:00:00,16.59,70.34,0.0,15.0371782,12,1,10
2024-10-22 13:00:00,17.276666666666667,72.86,0.0,17.0877025,13,1,10
2024-10-22 14:00:00,16.935,72.14,0.0,12.8623797,14,1,10
2024-10-22 15:00:00,15.339999999999998,70.16,0.2,15.223589500000001,15,1,10
2024-10-22 16:00:00,14.203333333333333,70.88,0.0,17.646936399999998,16,1,10
2024-10-22 17:00:00,12.838333333333333,69.8,0.0,16.9634283,17,1,10
2024-10-22 18:00:00,15.0,67.46,0.0,17.646936399999998,18,1,10
2024-10-22 19:00:00,17.39,66.02,0.0,15.0993153,19,1,10
2024-10-22 20:00:00,18.188333333333333,65.84,0.0,11.9303232,20,1,10
2024-10-22 21:00:00,19.316666666666666,66.02,0.0,13.545887800000001,21,1,10
2024-10-22 22:00:00,19.996666666666666,67.1,0.0,14.1051217,22,1,10
2024-10-22 23:00:00,21.933333333333334,66.38,0.0,14.8507669,23,1,10
2024-10-23 00:00:00,23.861666666666665,64.22,0.0,14.291533,0,2,10
2024-10-23 01:00:00,23.498333333333335,61.88,0.0,11.060403800000001,1,2,10
2024-10-23 02:00:00,26.346666666666664,59.9,0.0,10.004073100000001,2,2,10
2024-10-23 03:00:00,25.456666666666667,59.0,0.0,10.936129600000001,3,2,10
2024-10-23 04:00:00,24.349999999999998,59.18,0.0,10.811855399999999,4,2,10
2024-10-23 05:00:00,22.5,58.64,0.0,11.060403800000001,5,2,10
2024-10-23 06:00:00,19.701666666666664,58.28,0.0,9.8797989,6,2,10
2024-10-23 07:00:00,16.81833333333333,57.2,0.0,9.8176618,7,2,10
2024-10-23 08:00:00,15.453333333333333,57.56,0.0,11.8681861,8,2,10
2024-10-23 09:00:00,15.908333333333333,58.459999999999994,0.0,13.1109281,9,2,10
2024-10-23 10:00:00,17.50166666666667,58.82,0.0,14.1051217,10,2,10
2024-10-23 11:00:00,17.39,59.18,0.0,14.4779443,11,2,10
2024-10-23 12:00:00,17.275000000000002,60.26,0.0,12.675968399999999,12,2,10
2024-10-23 13:00:00,17.39,61.519999999999996,0.0,13.1730652,13,2,10
2024-10-23 14:00:00,17.066666666666666,62.059999999999995,0.0,14.0429846,14,2,10
2024-10-23 15:00:00,15.568333333333333,62.24,0.0,11.806049,15,2,10
2024-10-23 16:00:00,13.75,61.7,0.0,11.681774800000001,16,2,10
2024-10-23 17:00:00,12.61,60.26,0.0,9.258427900000001,17,2,10
2024-10-23 18:00:00,15.681666666666667,57.2,0.0,6.8972181,18,2,10
2024-10-23 19:00:00,17.843333333333334,54.5,0.0,7.0214923,19,2,10
2024-10-23 20:00:00,17.843333333333334,52.52,0.0,6.7108068,20,2,10
2024-10-23 21:00:00,19.656666666666666,50.0,0.0,5.530201900000001,21,2,10
2024-10-23 22:00:00,20.453333333333333,48.2,0.0,5.7787503000000005,22,2,10
2024-10-23 23:00:00,21.59,46.76,0.0,5.7787503000000005,23,2,10
2024-10-24 00:00:00,23.955,44.78,0.0,4.6602825,0,3,10
2024-10-24 01:00:00,25.013333333333335,43.879999999999995,0.0,5.4680648000000005,1,3,10
2024-10-24 02:00:00,24.901666666666667,43.519999999999996,0.0,5.840887400000001,2,3,10
2024-10-24 03:00:00,25.075,42.8,0.0,4.2253228,3,3,10
2024-10-24 04:00:00,24.558333333333334,46.04,0.0,2.4233469,4,3,10
2024-10-24 05:00:00,22.58,40.82,0.0,5.7787503000000005,5,3,10
2024-10-24 06:00:00,19.543333333333333,39.74,0.0,4.2874599,6,3,10
2024-10-24 07:00:00,17.271666666666665,39.74,0.0,4.2874599,7,3,10
2024-10-24 08:00:00,15.226666666666667,40.46,0.0,5.840887400000001,8,3,10
2024-10-24 09:00:00,15.568333333333333,46.4,0.0,6.2758471,9,3,10
2024-10-24 10:00:00,17.843333333333334,52.34,0.0,7.7050004,10,3,10
2024-10-24 11:00:00,17.44,57.92,0.0,9.8797989,11,3,10
2024-10-24 12:00:00,17.405,60.08,0.0,10.563307,12,3,10
2024-10-24 13:00:00,17.161666666666665,61.34,0.0,9.320565,13,3,10
2024-10-24 14:00:00,16.935,62.24,0.0,8.8856053,14,3,10
2024-10-24 15:00:00,15.793333333333331,62.6,0.0,9.6312505,15,3,10
2024-10-24 16:00:00,13.746666666666664,62.42,0.0,9.5069763,16,3,10
2024-10-24 17:00:00,12.951666666666666,61.519999999999996,0.0,8.4506456,17,3,10
2024-10-24 18:00:00,14.773333333333333,57.92,0.0,7.8914117,18,3,10
2024-10-24 19:00:00,17.048333333333336,56.120000000000005,0.0,10.3768957,19,3,10
2024-10-24 20:00:00,17.628333333333334,55.76,0.0,10.563307,20,3,10
2024-10-24 21:00:00,19.658333333333335,54.14,0.0,10.6875812,21,3,10
2024-10-24 22:00:00,20.351666666666667,53.96,0.0,12.42742,22,3,10
2024-10-24 23:00:00,21.136666666666667,54.5,0.0,12.8002426,23,3,10
2024-10-25 00:00:00,22.375,54.32,0.0,12.7381055,0,4,10
2024-10-25 01:00:00,22.261666666666667,52.34,1.9,6.0894358,1,4,10
2024-10-25 02:00:00,24.35166666666667,51.98,1.1,7.0836294,2,4,10
2024-10-25 03:00:00,25.195000000000004,50.54,7.2,8.823468199999999,3,4,10
2024-10-25 04:00:00,23.978333333333335,50.54,1.7,6.835081,4,4,10
2024-10-25 05:00:00,22.125,50.54,5.1,7.8914117,5,4,10
2024-10-25 06:00:00,19.118333333333336,50.54,4.1,4.5981454,6,4,10
2024-10-25 07:00:00,16.706666666666667,50.72,0.1,3.2311292000000003,7,4,10
2024-10-25 08:00:00,14.660000000000002,51.8,0.1,4.9088309,8,4,10
2024-10-25 09:00:00,15.796666666666667,53.78,0.0,4.349597,9,4,10
2024-10-25 10:00:00,17.956666666666667,56.48,0.0,5.2816535,10,4,10
2024-10-25 11:00:00,17.616666666666667,59.0,0.0,7.7671375000000005,11,4,10
2024-10-25 12:00:00,17.616666666666667,61.34,0.0,5.4059276999999994,12,4,10
2024-10-25 13:00:00,17.503333333333334,63.32,0.0,5.6544761,13,4,10
2024-10-25 14:00:00,17.276666666666667,64.58,0.0,6.648669699999999,14,4,10
2024-10-25 15:00:00,16.136666666666667,65.12,0.0,9.0720166,15,4,10
2024-10-25 16:00:00,14.591666666666667,64.04,0.0,10.749718300000001,16,4,10
2024-10-25 17:00:00,13.521666666666667,61.519999999999996,0.0,10.6875812,17,4,10
2024-10-25 18:00:00,15.341666666666667,57.74,0.0,10.190484399999999,18,4,10
2024-10-25 19:00:00,16.59,55.4,0.0,10.936129600000001,19,4,10
2024-10-25 20:00:00,18.07,52.879999999999995,0.0,9.5069763,20,4,10
2024-10-25 21:00:00,18.875,50.72,0.0,8.637056900000001,21,4,10
2024-10-25 22:00:00,19.773333333333333,49.64,0.0,9.6312505,22,4,10
2024-10-25 23:00:00,20.316,49.28,0.0,10.6875812,23,4,10
2024-10-26 00:00:00,23.06833333333333,48.74,0.0,10.9982667,0,5,10
2024-10-26 01:00:00,23.016666666666666,48.02,0.0,11.557500600000001,1,5,10
2024-10-26 02:00:00,22.551666666666666,47.48,0.0,11.371089300000001,2,5,10
2024-10-26 03:00:00,25.626666666666665,46.94,0.0,11.4953635,3,5,10
2024-10-26 04:00:00,24.863333333333333,46.4,0.0,12.303145800000001,4,5,10
2024-10-26 05:00:00,24.546666666666667,45.86,0.0,11.806049,5,5,10
2024-10-26 06:00:00,23.066666666666666,45.14,0.0,11.806049,6,5,10
2024-10-26 07:00:00,21.593333333333334,44.6,0.0,11.6196377,7,5,10
2024-10-26 08:00:00,21.843333333333334,45.14,0.0,10.811855399999999,8,5,10
2024-10-26 09:00:00,20.34,48.02,0.0,10.004073100000001,9,5,10
2024-10-26 10:00:00,18.636666666666667,50.54,0.0,10.625444100000001,10,5,10
2024-10-26 11:00:00,18.07,52.7,0.0,10.4390328,11,5,10
2024-10-26 12:00:00,18.07,53.6,0.0,11.3089522,12,5,10
2024-10-26 13:00:00,17.433333333333334,53.96,0.0,11.6196377,13,5,10
2024-10-26 14:00:00,17.276666666666667,53.78,0.0,11.9303232,14,5,10
2024-10-26 15:00:00,17.388333333333332,52.879999999999995,0.0,11.992460300000001,15,5,10
2024-10-26 16:00:00,17.275000000000002,51.98,0.0,11.246815100000001,16,5,10
2024-10-26 17:00:00,17.163333333333334,51.26,0.0,9.6933876,17,5,10
2024-10-26 18:00:00,17.276666666666667,48.2,0.0,7.3943149,18,5,10
2024-10-26 19:00:00,17.161666666666665,46.22,0.0,6.151572900000001,19,5,10
2024-10-26 20:00:00,18.75,46.04,0.0,5.9651616,20,5,10
2024-10-26 21:00:00,19.656666666666666,44.96,0.0,5.3437906,21,5,10
2024-10-26 22:00:00,20.56833333333333,47.66,0.0,3.6660889,22,5,10
2024-10-26 23:00:00,20.683333333333334,49.64,0.0,0.1864113,23,5,10
2024-10-27 00:00:00,21.39833333333333,45.32,0.0,2.9825808,0,6,10
2024-10-27 01:00:00,22.751666666666665,42.260000000000005,0.0,3.4175405,1,6,10
2024-10-27 02:00:00,24.483333333333334,41.72,0.0,4.1631857000000005,2,6,10
2024-10-27 03:00:00,25.224999999999998,40.28,0.0,5.4680648000000005,3,6,10
2024-10-27 04:00:00,24.68166666666667,39.02,0.0,5.530201900000001,4,6,10
2024-10-27 05:00:00,23.52333333333333,38.48,0.0,4.970968,5,6,10
2024-10-27 06:00:00,22.47666666666667,37.58,0.0,4.7845567,6,6,10
2024-10-27 07:00:00,22.191666666666666,37.04,0.0,4.9088309,7,6,10
2024-10-27 08:00:00,21.978333333333335,38.3,0.0,5.3437906,8,6,10
2024-10-27 09:00:00,21.99,42.8,0.0,4.9088309,9,6,10
2024-10-27 10:00:00,20.341666666666665,47.66,0.0,4.411734099999999,10,6,10
2024-10-27 11:00:00,20.223333333333333,50.9,0.0,4.4738712000000005,11,6,10
2024-10-27 12:00:00,19.115,52.52,0.0,4.349597,12,6,10
2024-10-27 13:00:00,18.75,53.6,0.0,5.840887400000001,13,6,10
2024-10-27 14:00:00,18.46,54.68,0.0,6.5243955,14,6,10
2024-10-27 15:00:00,18.41,55.94,0.0,6.337984199999999,15,6,10
2024-10-27 16:00:00,18.155,56.48,0.0,6.9593552,16,6,10
2024-10-27 17:00:00,18.346666666666668,54.86,0.0,6.5243955,17,6,10
2024-10-27 18:00:00,18.41,50.18,0.0,6.648669699999999,18,6,10
2024-10-27 19:00:00,19.106666666666666,47.66,0.0,5.840887400000001,19,6,10
2024-10-27 20:00:00,20.451666666666664,46.58,0.0,5.3437906,20,6,10
2024-10-27 21:00:00,20.794999999999998,45.68,0.0,5.9651616,21,6,10
2024-10-27 22:00:00,21.59166666666667,44.6,0.0,6.4622584000000005,22,6,10
2024-10-27 23:00:00,23.06833333333333,44.06,0.0,7.7050004,23,6,10
2024-10-28 00:00:00,22.615,44.06,0.0,8.637056900000001,0,0,10
2024-10-28 01:00:00,23.346666666666664,44.239999999999995,0.0,9.3827021,1,0,10
2024-10-28 02:00:00,27.02,44.42,0.0,9.6933876,2,0,10
2024-10-28 03:00:00,26.001666666666665,43.879999999999995,0.0,9.6933876,3,0,10
2024-10-28 04:00:00,24.535,43.34,0.0,9.3827021,4,0,10
2024-10-28 05:00:00,23.751666666666665,42.980000000000004,0.0,8.947742400000001,5,0,10
2024-10-28 06:00:00,20.111666666666668,42.8,0.0,8.947742400000001,6,0,10
2024-10-28 07:00:00,17.16,42.980000000000004,0.0,9.1962908,7,0,10
2024-10-28 08:00:00,15.683333333333332,44.06,0.0,9.7555247,8,0,10
2024-10-28 09:00:00,16.25,47.120000000000005,0.0,8.699194,9,0,10
2024-10-28 10:00:00,17.73,50.54,0.0,10.501169899999999,10,0,10
2024-10-28 11:00:00,17.593333333333334,54.32,0.0,11.3089522,11,0,10
2024-10-28 12:00:00,17.605,58.1,0.0,12.613831300000001,12,0,10
2024-10-28 13:00:00,17.503333333333334,60.440000000000005,0.0,13.608024899999998,13,0,10
2024-10-28 14:00:00,17.163333333333334,61.88,0.0,14.1672588,14,0,10
2024-10-28 15:00:00,16.413333333333334,64.04,0.0,13.9187104,15,0,10
2024-10-28 16:00:00,14.885,63.32,0.0,12.924516800000001,16,0,10
2024-10-28 17:00:00,13.521666666666667,61.88,0.0,12.986653899999999,17,0,10
2024-10-28 18:00:00,16.023333333333333,59.9,0.0,14.3536701,18,0,10
2024-10-28 19:00:00,17.843333333333334,59.18,0.0,15.223589500000001,19,0,10
2024-10-28 20:00:00,18.296666666666667,59.9,0.0,15.7206863,20,0,10
2024-10-28 21:00:00,19.658333333333335,60.440000000000005,0.0,16.155646,21,0,10
2024-10-28 22:00:00,20.5,61.16,0.0,16.3420573,22,0,10
2024-10-28 23:00:00,21.703333333333333,62.24,0.0,16.652742800000002,23,0,10
2024-10-29 00:00:00,23.656666666666666,63.68,0.0,18.3304445,0,1,10
2024-10-29 01:00:00,24.77333333333333,64.94,0.0,19.262501,1,1,10
2024-10-29 02:00:00,24.293333333333333,66.56,0.0,19.4489123,2,1,10
2024-10-29 03:00:00,25.345,67.28,0.0,19.7595978,3,1,10
2024-10-29 04:00:00,23.97666666666667,67.46,0.0,19.5731865,4,1,10
2024-10-29 05:00:00,23.18166666666667,67.1,0.0,19.262501,5,1,10
2024-10-29 06:00:00,20.224999999999998,66.74000000000001,0.0,19.2003639,6,1,10
2024-10-29 07:00:00,17.16,66.38,0.0,19.8217349,7,1,10
2024-10-29 08:00:00,15.226666666666667,67.28,0.0,18.1440332,8,1,10
2024-10-29 09:00:00,15.683333333333332,68.54,0.0,18.516855800000002,9,1,10
2024-10-29 10:00:00,18.183333333333334,70.16,0.0,18.4547187,10,1,10
2024-10-29 11:00:00,17.39,71.96,0.0,19.6353236,11,1,10
2024-10-29 12:00:00,17.503333333333334,75.2,0.0,21.002339799999998,12,1,10
2024-10-29 13:00:00,17.616666666666667,76.82,0.0,21.499436600000003,13,1,10
2024-10-29 14:00:00,16.935,77.72,0.0,20.8780656,14,1,10
2024-10-29 15:00:00,15.795,77.9,0.0,20.1324204,15,1,10
2024-10-29 16:00:00,14.180000000000001,77.0,0.0,19.262501,16,1,10
2024-10-29 17:00:00,12.836666666666666,74.84,0.0,18.7654042,17,1,10
2024-10-29 18:00:00,15.568333333333333,72.5,0.0,18.8275413,18,1,10
2024-10-29 19:00:00,17.616666666666667,71.96,0.0,19.6353236,19,1,10
2024-10-29 20:00:00,18.148333333333333,72.5,0.0,20.7537914,20,1,10
2024-10-29 21:00:00,19.328333333333333,71.78,0.0,21.126614,21,1,10
2024-10-29 22:00:00,20.566666666666666,71.06,0.0,21.3130253,22,1,10
2024-10-29 23:00:00,21.703333333333333,70.16,0.0,21.250888200000002,23,1,10
2024-10-30 00:00:00,23.55666666666667,69.08,0.0,21.3751624,0,2,10
2024-10-30 01:00:00,23.34,68.36,0.0,21.623710799999998,1,2,10
2024-10-30 02:00:00,24.501666666666665,67.82,0.0,21.9343963,2,2,10
2024-10-30 03:00:00,25.636666666666667,67.64,0.0,21.9343963,3,2,10
2024-10-30 04:00:00,24.785,67.1,0.0,21.3751624,4,2,10
2024-10-30 05:00:00,22.72666666666667,66.92,0.0,20.7537914,5,2,10
2024-10-30 06:00:00,19.74833333333333,66.74000000000001,0.0,20.008146200000002,6,2,10
2024-10-30 07:00:00,17.16,66.38,0.0,20.0702833,7,2,10
2024-10-30 08:00:00,15.0,66.2,0.0,19.0760897,8,2,10
2024-10-30 09:00:00,15.566666666666668,68.54,0.0,18.8896784,9,2,10
2024-10-30 10:00:00,17.39,70.34,0.0,20.1324204,10,2,10
2024-10-30 11:00:00,17.843333333333334,71.78,0.0,21.4372995,11,2,10
2024-10-30 12:00:00,17.163333333333334,73.58,0.0,21.6858479,12,2,10
2024-10-30 13:00:00,17.048333333333336,75.2,0.0,20.815928500000002,13,2,10
2024-10-30 14:00:00,17.39,76.28,0.0,19.6974607,14,2,10
2024-10-30 15:00:00,15.561666666666667,76.64,0.0,18.64113,15,2,10
2024-10-30 16:00:00,13.408333333333333,75.92,0.0,18.0818961,16,2,10
2024-10-30 17:00:00,13.065,74.48,0.0,16.5906057,17,2,10
2024-10-30 18:00:00,15.181666666666667,72.14,0.0,15.534275000000001,18,2,10
2024-10-30 19:00:00,17.786666666666665,71.24000000000001,0.0,15.7206863,19,2,10
2024-10-30 20:00:00,17.616666666666667,71.42,0.0,19.2003639,20,2,10
2024-10-30 21:00:00,20.055,70.88,0.0,19.262501,21,2,10
2024-10-30 22:00:00,20.566666666666666,70.16,0.0,19.6974607,22,2,10
2024-10-30 23:00:00,22.41,69.8,0.0,19.7595978,23,2,10
2024-10-31 00:00:00,23.74,69.25999999999999,0.0,20.815928500000002,0,3,10
2024-10-31 01:00:00,25.75,68.9,0.0,21.3751624,1,3,10
2024-10-31 02:00:00,24.71666666666667,68.72,0.0,21.6858479,2,3,10
2024-10-31 03:00:00,25.455,68.54,0.0,22.6179044,3,3,10
2024-10-31 04:00:00,23.396666666666665,68.0,0.0,22.5557673,4,3,10
2024-10-31 05:00:00,21.820000000000004,68.0,0.0,22.4314931,5,3,10
2024-10-31 06:00:00,19.43166666666667,67.46,0.0,20.1324204,6,3,10
2024-10-31 07:00:00,16.591666666666665,65.3,0.4,13.3594765,7,3,10
2024-10-31 08:00:00,15.0,63.14,0.2,19.5110494,8,3,10
2024-10-31 09:00:00,16.593333333333334,62.6,2.0,19.8217349,9,3,10
2024-10-31 10:00:00,18.183333333333334,63.68,0.8,20.505243,10,3,10
2024-10-31 11:00:00,17.73,64.75999999999999,0.0,23.0528641,11,3,10
2024-10-31 12:00:00,17.39,63.32,0.8,24.1713319,12,3,10
2024-10-31 13:00:00,17.066666666666666,63.68,0.0,22.3072189,13,3,10
2024-10-31 14:00:00,17.616666666666667,65.12,0.0,23.7363722,14,3,10
2024-10-31 15:00:00,16.021666666666665,62.24,0.0,24.4820174,15,3,10
2024-10-31 16:00:00,14.318333333333333,60.26,0.0,24.3577432,16,3,10
2024-10-31 17:00:00,14.433333333333332,57.379999999999995,0.0,22.9285899,17,3,10
2024-10-31 18:00:00,16.363333333333333,53.6,0.0,22.369356,18,3,10
2024-10-31 19:00:00,18.296666666666667,51.26,0.0,20.2566946,19,3,10
2024-10-31 20:00:00,19.205000000000002,47.3,0.0,21.002339799999998,20,3,10
2024-10-31 21:00:00,20.226666666666667,45.86,0.0,20.5673801,21,3,10
2024-10-31 22:00:00,20.794999999999998,44.6,0.0,19.7595978,22,3,10
2024-10-31 23:00:00,21.93166666666667,43.879999999999995,0.0,17.646936399999998,23,3,10
2024-11-01 00:00:00,24.545,43.16,0.0,16.3420573,0,4,11
2024-11-01 01:00:00,24.203333333333333,42.620000000000005,0.0,15.5964121,1,4,11
2024-11-01 02:00:00,25.983333333333334,42.08,0.0,15.2857266,2,4,11
2024-11-01 03:00:00,30.18166666666667,41.72,0.0,14.291533,3,4,11
2024-11-01 04:00:00,29.66,41.72,0.0,13.670162,4,4,11
2024-11-01 05:00:00,23.295,41.36,0.0,13.048791,5,4,11
2024-11-01 06:00:00,19.885,41.36,0.0,12.365282899999999,6,4,11
2024-11-01 07:00:00,17.046666666666667,41.0,0.0,10.9982667,7,4,11
2024-11-01 08:00:00,14.773333333333333,39.38,0.0,9.1962908,8,4,11
2024-11-01 09:00:00,16.476666666666667,41.54,0.0,9.320565,9,4,11
2024-11-01 10:00:00,17.843333333333334,43.879999999999995,0.0,8.3885085,10,4,11
2024-11-01 11:00:00,17.956666666666667,46.04,0.0,6.027298699999999,11,4,11
2024-11-01 12:00:00,17.638333333333332,47.3,0.0,3.1689920999999996,12,4,11
2024-11-01 13:00:00,17.73,48.379999999999995,0.0,1.3670162000000001,13,4,11
2024-11-01 14:00:00,17.161666666666665,49.46,0.0,0.9320565000000001,14,4,11
2024-11-01 15:00:00,16.023333333333333,50.54,0.0,0.4970968,15,4,11
2024-11-01 16:00:00,15.0,50.72,0.0,2.6097582,16,4,11
2024-11-01 17:00:00,14.089999999999998,50.0,0.0,4.2874599,17,4,11
2024-11-01 18:00:00,15.795,47.48,0.0,7.2700407,18,4,11
2024-11-01 19:00:00,17.616666666666667,46.4,0.0,7.3321778,19,4,11
2024-11-01 20:00:00,17.956666666666667,45.14,0.0,6.7729439000000005,20,4,11
2024-11-01 21:00:00,19.43,43.879999999999995,0.0,5.7787503000000005,21,4,11
2024-11-01 22:00:00,20.341666666666665,43.16,0.0,6.2758471,22,4,11
2024-11-01 23:00:00,20.68166666666667,42.620000000000005,0.0,6.027298699999999,23,4,11
2024-11-02 00:00:00,22.386666666666667,42.260000000000005,0.0,6.0894358,0,5,11
2024-11-02 01:00:00,24.138333333333335,41.36,0.0,6.151572900000001,1,5,11
2024-11-02 02:00:00,24.209999999999997,40.46,0.0,6.027298699999999,2,5,11
2024-11-02 03:00:00,25.30666666666667,39.74,0.0,5.592339,3,5,11
2024-11-02 04:00:00,26.43166666666667,39.74,0.0,6.2758471,4,5,11
2024-11-02 05:00:00,24.09,39.92,0.0,7.2079036,5,5,11
2024-11-02 06:00:00,22.27333333333333,39.2,0.0,7.1457665,6,5,11
2024-11-02 07:00:00,21.021666666666665,39.02,0.0,7.2079036,7,5,11
2024-11-02 08:00:00,20.0,40.46,0.0,8.077823,8,5,11
2024-11-02 09:00:00,19.885,43.34,0.0,7.4564520000000005,9,5,11
2024-11-02 10:00:00,19.09,46.58,0.0,8.512782699999999,10,5,11
2024-11-02 11:00:00,18.41,49.46,0.0,10.2526215,11,5,11
2024-11-02 12:00:00,18.03,51.26,0.0,10.314758600000001,12,5,11
2024-11-02 13:00:00,17.843333333333334,52.7,0.0,8.699194,13,5,11
2024-11-02 14:00:00,17.048333333333336,53.42,0.0,8.699194,14,5,11
2024-11-02 15:00:00,16.25,54.14,0.0,8.823468199999999,15,5,11
2024-11-02 16:00:00,16.705000000000002,54.5,0.0,8.7613311,16,5,11
2024-11-02 17:00:00,16.82,53.6,0.0,7.5807262,17,5,11
2024-11-02 18:00:00,16.816666666666666,50.54,0.0,7.5807262,18,5,11
2024-11-02 19:00:00,17.39,50.0,0.0,8.5749198,19,5,11
2024-11-02 20:00:00,17.956666666666667,50.18,0.0,9.1962908,20,5,11
2024-11-02 21:00:00,19.285,50.54,0.0,10.3768957,21,5,11
2024-11-02 22:00:00,19.883333333333333,50.18,0.0,11.3089522,22,5,11
2024-11-02 23:00:00,21.044999999999998,49.64,0.0,11.371089300000001,23,5,11
2024-11-03 00:00:00,21.41,49.28,0.0,11.122540899999999,0,6,11
2024-11-03 01:00:00,23.77875,48.2,0.0,11.806049,1,6,11
2024-11-03 02:00:00,25.893333333333334,48.56,0.0,11.806049,2,6,11
2024-11-03 03:00:00,24.865,47.3,0.0,11.433226399999999,3,6,11
2024-11-03 04:00:00,23.638333333333335,48.02,0.0,10.8739925,4,6,11
2024-11-03 05:00:00,22.965,49.28,0.0,12.4895571,5,6,11
2024-11-03 06:00:00,21.34166666666667,48.92,0.0,12.924516800000001,6,6,11
2024-11-03 07:00:00,17.615,49.1,0.0,13.1109281,7,6,11
2024-11-03 08:00:00,19.41,50.18,0.0,15.2857266,8,6,11
2024-11-03 09:00:00,19.715,50.9,0.0,16.4663315,9,6,11
2024-11-03 10:00:00,19.316666666666666,51.8,0.0,16.2799202,10,6,11
2024-11-03 11:00:00,19.656666666666666,52.7,0.0,17.5847993,11,6,11
2024-11-03 12:00:00,19.25,55.76,0.0,16.5906057,12,6,11
2024-11-03 13:00:00,18.075,55.94,0.0,14.6022185,13,6,11
2024-11-03 14:00:00,18.011666666666667,58.82,0.0,16.404194399999998,14,6,11
2024-11-03 15:00:00,17.616666666666667,58.28,0.4,15.7206863,15,6,11
2024-11-03 16:00:00,18.07,58.64,0.1,16.3420573,16,6,11
2024-11-03 17:00:00,17.616666666666667,59.36,0.0,16.4663315,17,6,11
2024-11-03 18:00:00,18.00166666666667,60.26,0.0,16.652742800000002,18,6,11
2024-11-03 19:00:00,19.544999999999998,61.519999999999996,0.0,19.3867752,19,6,11
2024-11-03 20:00:00,19.419999999999998,60.440000000000005,0.0,16.031371800000002,20,6,11
2024-11-03 21:00:00,21.080000000000002,61.519999999999996,0.6,14.4158072,21,6,11
2024-11-03 22:00:00,21.47666666666667,62.42,0.0,15.0993153,22,6,11
2024-11-03 23:00:00,21.136666666666667,62.78,0.0,14.7886298,23,6,11
2024-11-04 00:00:00,23.066666666666666,63.32,0.6,13.7322991,0,0,11
2024-11-04 01:00:00,23.39,62.959999999999994,0.1,12.5516942,1,0,11
2024-11-04 02:00:00,24.481666666666666,62.78,0.1,11.992460300000001,2,0,11
2024-11-04 03:00:00,25.985,62.959999999999994,0.2,12.303145800000001,3,0,11
2024-11-04 04:00:00,23.926666666666666,62.78,0.6,13.3594765,4,0,11
2024-11-04 05:00:00,22.406666666666666,62.78,1.0,12.7381055,5,0,11
2024-11-04 06:00:00,19.771666666666665,62.24,1.0,11.184678,6,0,11
2024-11-04 07:00:00,16.703333333333333,62.059999999999995,0.7,11.743911899999999,7,0,11
2024-11-04 08:00:00,14.660000000000002,61.34,1.9,12.7381055,8,0,11
2024-11-04 09:00:00,15.0,61.88,0.2,14.2293959,9,0,11
2024-11-04 10:00:00,16.476666666666667,63.32,0.1,15.4721379,10,0,11
2024-11-04 11:00:00,16.935,65.66,0.0,17.274113800000002,11,0,11
2024-11-04 12:00:00,16.75,67.1,0.0,17.895484800000002,12,0,11
2024-11-04 13:00:00,17.076666666666668,69.08,0.0,21.8101221,13,0,11
2024-11-04 14:00:00,16.433333333333334,68.54,0.1,14.5400814,14,0,11
2024-11-04 15:00:00,15.796666666666667,67.64,0.2,14.1672588,15,0,11
2024-11-04 16:00:00,13.635,68.36,0.0,14.7886298,16,0,11
2024-11-04 17:00:00,12.838333333333333,67.1,0.0,12.5516942,17,0,11
2024-11-04 18:00:00,15.113333333333335,66.2,0.1,10.749718300000001,18,0,11
2024-11-04 19:00:00,16.82,66.02,0.3,13.545887800000001,19,0,11
2024-11-04 20:00:00,17.275000000000002,64.04,0.0,14.1672588,20,0,11
2024-11-04 21:00:00,18.41,63.68,0.0,13.1109281,21,0,11
2024-11-04 22:00:00,18.705000000000002,63.68,0.3,13.048791,22,0,11
2024-11-04 23:00:00,21.203333333333333,63.5,1.6,12.365282899999999,23,0,11
2024-11-05 00:00:00,22.295,63.68,3.4,16.4663315,0,1,11
2024-11-05 01:00:00,22.795,64.75999999999999,4.7,21.3130253,1,1,11
2024-11-05 02:00:00,23.548333333333332,64.22,3.8,20.2566946,2,1,11
2024-11-05 03:00:00,22.929999999999996,64.58,3.0,18.019759,3,1,11
2024-11-05 04:00:00,24.465,64.94,4.5,20.2566946,4,1,11
2024-11-05 05:00:00,21.558333333333334,64.58,2.1,21.747985,5,1,11
2024-11-05 06:00:00,19.544999999999998,64.04,2.0,23.7363722,6,1,11
2024-11-05 07:00:00,16.703333333333333,64.22,0.6,23.2392754,7,1,11
2024-11-05 08:00:00,14.660000000000002,63.5,0.5,18.64113,8,1,11
2024-11-05 09:00:00,15.339999999999998,63.5,0.0,17.9576219,9,1,11
2024-11-05 10:00:00,17.78,63.32,0.2,17.9576219,10,1,11
2024-11-05 11:00:00,17.503333333333334,64.75999999999999,0.0,17.895484800000002,11,1,11
2024-11-05 12:00:00,17.213333333333335,64.58,0.6,19.5110494,12,1,11
2024-11-05 13:00:00,17.503333333333334,66.56,0.0,19.0139526,13,1,11
2024-11-05 14:00:00,17.05,68.18,0.1,20.0702833,14,1,11
2024-11-05 15:00:00,14.660000000000002,66.92,0.5,22.369356,15,1,11
2024-11-05 16:00:00,12.839999999999998,65.3,1.0,18.64113,16,1,11
2024-11-05 17:00:00,11.703333333333333,64.75999999999999,1.2,18.516855800000002,17,1,11
2024-11-05 18:00:00,14.976666666666667,64.4,1.1,19.8217349,18,1,11
2024-11-05 19:00:00,17.161666666666665,64.22,0.5,20.194557500000002,19,1,11
2024-11-05 20:00:00,17.39,62.6,2.4,14.3536701,20,1,11
2024-11-05 21:00:00,18.523333333333333,62.059999999999995,0.1,11.806049,21,1,11
2024-11-05 22:00:00,20.338333333333335,60.440000000000005,0.0,10.9982667,22,1,11
2024-11-05 23:00:00,20.68166666666667,59.18,0.0,10.314758600000001,23,1,11
2024-11-06 00:00:00,22.49,58.64,0.0,9.8797989,0,2,11
2024-11-06 01:00:00,24.08,57.74,0.0,10.004073100000001,1,2,11
2024-11-06 02:00:00,23.535,57.02,0.0,9.4448392,2,2,11
2024-11-06 03:00:00,24.72666666666667,56.66,0.0,8.3885085,3,2,11
2024-11-06 04:00:00,25.426666666666666,56.66,0.0,6.835081,4,2,11
2024-11-06 05:00:00,23.636666666666667,55.04,0.0,6.8972181,5,2,11
2024-11-06 06:00:00,20.783333333333335,53.24,0.0,7.6428633,6,2,11
2024-11-06 07:00:00,17.5,51.620000000000005,0.0,8.077823,7,2,11
2024-11-06 08:00:00,15.226666666666667,51.26,0.0,9.5069763,8,2,11
2024-11-06 09:00:00,16.023333333333333,51.620000000000005,0.0,10.004073100000001,9,2,11
2024-11-06 10:00:00,17.956666666666667,52.16,0.0,8.637056900000001,10,2,11
2024-11-06 11:00:00,17.73,52.34,0.0,7.8292746,11,2,11
2024-11-06 12:00:00,17.276666666666667,52.7,0.0,7.0836294,12,2,11
2024-11-06 13:00:00,17.616666666666667,53.42,0.0,7.0214923,13,2,11
2024-11-06 14:00:00,17.163333333333334,53.96,0.0,7.4564520000000005,14,2,11
2024-11-06 15:00:00,16.023333333333333,54.68,0.0,7.1457665,15,2,11
2024-11-06 16:00:00,14.205,54.86,0.0,7.8914117,16,2,11
2024-11-06 17:00:00,12.838333333333333,54.32,0.0,8.3885085,17,2,11
2024-11-06 18:00:00,15.568333333333333,53.42,0.0,7.0836294,18,2,11
2024-11-06 19:00:00,17.276666666666667,53.24,0.0,6.21371,19,2,11
2024-11-06 20:00:00,17.956666666666667,51.26,0.0,8.637056900000001,20,2,11
2024-11-06 21:00:00,19.544999999999998,51.26,0.0,8.7613311,21,2,11
2024-11-06 22:00:00,20.566666666666666,51.26,0.0,9.258427900000001,22,2,11
2024-11-06 23:00:00,22.386666666666667,50.9,0.0,9.5069763,23,2,11
2024-11-07 00:00:00,23.58,50.36,0.0,9.258427900000001,0,3,11
2024-11-07 01:00:00,23.795,49.1,0.0,9.8176618,1,3,11
2024-11-07 02:00:00,25.255,47.84,0.0,9.7555247,2,3,11
2024-11-07 03:00:00,25.34166666666667,45.86,0.0,9.0098795,3,3,11
2024-11-07 04:00:00,26.08,44.239999999999995,0.0,8.8856053,4,3,11
2024-11-07 05:00:00,22.65833333333333,43.879999999999995,0.0,8.202097199999999,5,3,11
2024-11-07 06:00:00,20.111666666666668,43.34,0.0,8.1399601,6,3,11
2024-11-07 07:00:00,17.158333333333335,42.8,0.0,7.8292746,7,3,11
2024-11-07 08:00:00,15.453333333333333,44.239999999999995,0.0,6.7108068,8,3,11
2024-11-07 09:00:00,16.138333333333332,45.86,0.0,7.7671375000000005,9,3,11
2024-11-07 10:00:00,17.50166666666667,47.66,0.0,7.0836294,10,3,11
2024-11-07 11:00:00,17.388333333333332,49.1,0.0,4.7224196,11,3,11
2024-11-07 12:00:00,17.048333333333336,50.54,0.0,2.485484,12,3,11
2024-11-07 13:00:00,17.048333333333336,52.34,0.0,3.1689920999999996,13,3,11
2024-11-07 14:00:00,17.048333333333336,54.32,0.0,3.8525002,14,3,11
2024-11-07 15:00:00,15.568333333333333,55.76,0.0,4.9088309,15,3,11
2024-11-07 16:00:00,13.521666666666667,56.120000000000005,0.0,5.9030245,16,3,11
2024-11-07 17:00:00,12.043333333333331,54.5,0.0,6.027298699999999,17,3,11
2024-11-07 18:00:00,15.25,51.08,0.0,7.2079036,18,3,11
2024-11-07 19:00:00,17.161666666666665,49.1,0.0,7.7050004,19,3,11
2024-11-07 20:00:00,17.616666666666667,48.2,0.0,7.8292746,20,3,11
2024-11-07 21:00:00,19.636666666666667,47.120000000000005,0.0,7.9535488,21,3,11
2024-11-07 22:00:00,20.794999999999998,46.4,0.0,8.5749198,22,3,11
2024-11-07 23:00:00,21.48,45.68,0.0,8.7613311,23,3,11
2024-11-08 00:00:00,22.68166666666667,45.14,0.0,8.7613311,0,4,11
2024-11-08 01:00:00,22.863333333333333,44.78,0.0,9.0098795,1,4,11
2024-11-08 02:00:00,24.073333333333334,44.6,0.0,8.8856053,2,4,11
2024-11-08 03:00:00,23.83,44.42,0.0,9.5069763,3,4,11
2024-11-08 04:00:00,24.365,44.6,0.0,9.8176618,4,4,11
2024-11-08 05:00:00,22.615,44.42,0.0,9.7555247,5,4,11
2024-11-08 06:00:00,20.0,43.879999999999995,0.0,9.0720166,6,4,11
2024-11-08 07:00:00,17.386666666666667,43.16,0.0,8.947742400000001,7,4,11
2024-11-08 08:00:00,15.226666666666667,42.8,0.0,9.320565,8,4,11
2024-11-08 09:00:00,16.365,45.5,0.0,8.326371400000001,9,4,11
2024-11-08 10:00:00,18.296666666666667,48.74,0.0,9.4448392,10,4,11
2024-11-08 11:00:00,17.275000000000002,51.98,0.0,9.0720166,11,4,11
2024-11-08 12:00:00,17.485,55.04,0.0,10.0662102,12,4,11
2024-11-08 13:00:00,17.616666666666667,56.84,0.0,9.3827021,13,4,11
2024-11-08 14:00:00,17.276666666666667,58.1,0.0,9.8797989,14,4,11
2024-11-08 15:00:00,16.023333333333333,58.82,0.0,9.5069763,15,4,11
2024-11-08 16:00:00,13.635,58.459999999999994,0.0,8.3885085,16,4,11
2024-11-08 17:00:00,12.951666666666666,55.94,0.0,6.4622584000000005,17,4,11
2024-11-08 18:00:00,15.568333333333333,52.34,0.0,7.5185891,18,4,11
2024-11-08 19:00:00,17.616666666666667,51.8,0.0,9.7555247,19,4,11
2024-11-08 20:00:00,17.73,52.16,0.0,12.2410087,20,4,11
2024-11-08 21:00:00,18.875,51.44,0.0,12.1167345,21,4,11
2024-11-08 22:00:00,19.953333333333333,50.9,0.0,12.924516800000001,22,4,11
2024-11-08 23:00:00,21.168333333333333,50.72,0.0,12.42742,23,4,11
2024-11-09 00:00:00,22.896666666666665,50.18,0.0,12.365282899999999,0,5,11
2024-11-09 01:00:00,22.551666666666666,50.36,0.0,13.297339399999998,1,5,11
2024-11-09 02:00:00,23.69333333333333,50.0,0.0,12.5516942,2,5,11
2024-11-09 03:00:00,24.796666666666667,49.1,0.0,11.992460300000001,3,5,11
2024-11-09 04:00:00,24.795,47.84,0.0,12.5516942,4,5,11
2024-11-09 05:00:00,24.43166666666667,46.94,0.0,11.557500600000001,5,5,11
2024-11-09 06:00:00,23.18166666666667,46.4,0.0,11.806049,6,5,11
2024-11-09 07:00:00,21.955,46.4,0.0,11.992460300000001,7,5,11
2024-11-09 08:00:00,21.706666666666667,46.4,0.0,10.936129600000001,8,5,11
2024-11-09 09:00:00,20.226666666666667,47.84,0.0,11.4953635,9,5,11
2024-11-09 10:00:00,18.863333333333333,49.46,0.0,12.5516942,10,5,11
2024-11-09 11:00:00,18.523333333333333,50.9,0.0,11.371089300000001,11,5,11
2024-11-09 12:00:00,18.183333333333334,50.72,0.0,10.936129600000001,12,5,11
2024-11-09 13:00:00,17.843333333333334,51.620000000000005,0.0,10.314758600000001,13,5,11
2024-11-09 14:00:00,17.048333333333336,52.34,0.0,9.134153699999999,14,5,11
2024-11-09 15:00:00,16.476666666666667,53.42,0.0,10.8739925,15,5,11
2024-11-09 16:00:00,16.02,54.32,0.0,12.42742,16,5,11
2024-11-09 17:00:00,15.455,53.6,0.3,13.7944362,17,5,11
2024-11-09 18:00:00,16.933333333333334,53.6,0.0,13.608024899999998,18,5,11
2024-11-09 19:00:00,17.273333333333333,53.06,0.0,12.365282899999999,19,5,11
2024-11-09 20:00:00,18.17833333333333,51.98,0.0,11.4953635,20,5,11
2024-11-09 21:00:00,18.523333333333333,51.26,0.2,10.936129600000001,21,5,11
2024-11-09 22:00:00,18.976666666666667,51.08,0.1,12.8002426,22,5,11
2024-11-09 23:00:00,19.691666666666666,50.54,0.0,12.1788716,23,5,11
2024-11-10 00:00:00,20.84,50.36,0.0,12.986653899999999,0,6,11
2024-11-10 01:00:00,22.488333333333333,50.0,1.0,10.563307,1,6,11
2024-11-10 02:00:00,24.0,50.18,0.2,10.1283473,2,6,11
2024-11-10 03:00:00,24.575,50.72,2.3,10.0662102,3,6,11
2024-11-10 04:00:00,23.863333333333333,51.44,0.0,9.6312505,4,6,11
2024-11-10 05:00:00,23.17,51.98,0.0,9.5069763,5,6,11
2024-11-10 06:00:00,22.27333333333333,52.879999999999995,0.0,8.5749198,6,6,11
2024-11-10 07:00:00,21.638333333333335,53.96,0.0,8.637056900000001,7,6,11
2024-11-10 08:00:00,21.136666666666667,52.34,0.0,7.2079036,8,6,11
2024-11-10 09:00:00,20.34,53.78,0.0,9.5069763,9,6,11
2024-11-10 10:00:00,18.75,55.22,0.0,11.9303232,10,6,11
2024-11-10 11:00:00,18.558333333333334,58.28,0.0,15.6585492,11,6,11
2024-11-10 12:00:00,18.959999999999997,60.08,0.0,16.404194399999998,12,6,11
2024-11-10 13:00:00,18.41,61.519999999999996,0.1,19.5731865,13,6,11
2024-11-10 14:00:00,18.523333333333333,61.519999999999996,0.1,23.487823799999997,14,6,11
2024-11-10 15:00:00,17.048333333333336,60.440000000000005,0.1,24.1713319,15,6,11
2024-11-10 16:00:00,16.246666666666666,57.379999999999995,0.0,23.3014125,16,6,11
2024-11-10 17:00:00,17.048333333333336,54.68,0.0,19.9460091,17,6,11
2024-11-10 18:00:00,18.183333333333334,52.7,0.0,17.1498396,18,6,11
2024-11-10 19:00:00,18.716666666666665,51.620000000000005,0.0,15.6585492,19,6,11
2024-11-10 20:00:00,20.68166666666667,51.98,0.0,14.7886298,20,6,11
2024-11-10 21:00:00,20.80666666666667,52.34,0.0,14.4779443,21,6,11
2024-11-10 22:00:00,21.81833333333333,51.26,0.0,14.291533,22,6,11
2024-11-10 23:00:00,21.695000000000004,50.36,0.0,13.9808475,23,6,11
2024-11-11 00:00:00,23.705,49.64,0.0,13.1109281,0,0,11
2024-11-11 01:00:00,23.35166666666667,49.46,0.0,13.1730652,1,0,11
2024-11-11 02:00:00,24.988333333333333,50.0,0.0,13.235202300000001,2,0,11
2024-11-11 03:00:00,26.846666666666664,48.56,0.0,12.1167345,3,0,11
2024-11-11 04:00:00,25.296666666666667,48.379999999999995,0.0,12.7381055,4,0,11
2024-11-11 05:00:00,23.69333333333333,47.66,0.0,11.743911899999999,5,0,11
2024-11-11 06:00:00,19.816666666666666,47.3,0.0,12.8623797,6,0,11
2024-11-11 07:00:00,17.273333333333333,46.58,0.0,12.613831300000001,7,0,11
2024-11-11 08:00:00,15.57,48.379999999999995,0.0,13.235202300000001,8,0,11
2024-11-11 09:00:00,16.361666666666668,50.36,0.0,13.048791,9,0,11
2024-11-11 10:00:00,18.18166666666667,52.52,0.0,14.7264927,10,0,11
2024-11-11 11:00:00,17.503333333333334,54.68,0.0,19.1382268,11,0,11
2024-11-11 12:00:00,17.826666666666668,55.58,0.0,16.217783100000002,12,0,11
2024-11-11 13:00:00,17.503333333333334,55.94,0.0,16.3420573,13,0,11
2024-11-11 14:00:00,17.276666666666667,56.120000000000005,0.0,15.4721379,14,0,11
2024-11-11 15:00:00,16.021666666666665,53.96,0.0,16.777017,15,0,11
2024-11-11 16:00:00,14.433333333333332,50.0,0.0,16.7148799,16,0,11
2024-11-11 17:00:00,13.636666666666665,47.48,0.0,15.7206863,17,0,11
2024-11-11 18:00:00,16.135,46.22,0.0,13.048791,18,0,11
2024-11-11 19:00:00,17.616666666666667,45.32,0.0,13.7322991,19,0,11
2024-11-11 20:00:00,18.183333333333334,44.239999999999995,0.0,14.2293959,20,0,11
2024-11-11 21:00:00,19.56833333333333,44.6,0.0,16.0935089,21,0,11
2024-11-11 22:00:00,20.224999999999998,45.32,0.0,16.839154100000002,22,0,11
2024-11-11 23:00:00,21.706666666666667,45.86,0.0,16.9012912,23,0,11
2024-11-12 00:00:00,22.84166666666667,46.4,0.0,17.5847993,0,1,11
2024-11-12 01:00:00,24.256666666666664,46.58,0.0,16.652742800000002,1,1,11
2024-11-12 02:00:00,23.761666666666667,46.94,0.0,17.4605251,2,1,11
2024-11-12 03:00:00,23.735,47.120000000000005,0.0,15.9070976,3,1,11
2024-11-12 04:00:00,24.5,46.76,0.0,16.404194399999998,4,1,11
2024-11-12 05:00:00,23.635,46.58,0.0,16.217783100000002,5,1,11
2024-11-12 06:00:00,19.77,45.86,0.0,16.217783100000002,6,1,11
2024-11-12 07:00:00,17.615,45.32,0.0,14.3536701,7,1,11
2024-11-12 08:00:00,15.566666666666668,45.14,0.0,9.1962908,8,1,11
2024-11-12 09:00:00,15.798333333333334,44.96,0.0,10.4390328,9,1,11
2024-11-12 10:00:00,18.523333333333333,44.239999999999995,0.0,9.8176618,10,1,11
2024-11-12 11:00:00,17.956666666666667,44.6,0.0,8.637056900000001,11,1,11
2024-11-12 12:00:00,17.276666666666667,44.96,0.0,8.699194,12,1,11
2024-11-12 13:00:00,17.39,45.32,0.0,7.7671375000000005,13,1,11
2024-11-12 14:00:00,17.388333333333332,45.68,0.0,7.0214923,14,1,11
2024-11-12 15:00:00,15.455,46.22,0.0,7.5185891,15,1,11
2024-11-12 16:00:00,13.861666666666666,46.58,0.0,7.1457665,16,1,11
2024-11-12 17:00:00,12.156666666666666,46.4,0.0,6.4001213,17,1,11
2024-11-12 18:00:00,15.568333333333333,46.22,0.0,6.648669699999999,18,1,11
2024-11-12 19:00:00,17.73,46.58,0.0,8.077823,19,1,11
2024-11-12 20:00:00,18.07,46.58,0.0,8.2642343,20,1,11
2024-11-12 21:00:00,19.0,45.86,0.0,9.8797989,21,1,11
2024-11-12 22:00:00,20.226666666666667,45.14,0.0,10.936129600000001,22,1,11
2024-11-12 23:00:00,21.886666666666667,44.06,0.0,11.184678,23,1,11
2024-11-13 00:00:00,23.183333333333334,43.16,0.0,10.3768957,0,2,11
2024-11-13 01:00:00,23.903333333333336,42.08,0.0,9.258427900000001,1,2,11
2024-11-13 02:00:00,24.641666666666666,41.54,0.0,9.134153699999999,2,2,11
2024-11-13 03:00:00,25.421666666666667,41.36,0.0,9.1962908,3,2,11
2024-11-13 04:00:00,26.575,41.18,0.0,9.6312505,4,2,11
2024-11-13 05:00:00,22.715,41.0,0.0,9.0720166,5,2,11
2024-11-13 06:00:00,20.453333333333333,41.0,0.0,8.947742400000001,6,2,11
2024-11-13 07:00:00,17.388333333333332,41.0,0.0,8.8856053,7,2,11
2024-11-13 08:00:00,14.773333333333333,41.18,0.0,8.947742400000001,8,2,11
2024-11-13 09:00:00,15.908333333333333,41.9,0.0,9.0098795,9,2,11
2024-11-13 10:00:00,18.183333333333334,42.8,0.0,8.699194,10,2,11
2024-11-13 11:00:00,17.503333333333334,44.06,0.0,8.637056900000001,11,2,11
2024-11-13 12:00:00,17.23,45.68,0.0,8.326371400000001,12,2,11
2024-11-13 13:00:00,17.491666666666667,47.3,0.0,8.1399601,13,2,11
2024-11-13 14:00:00,16.93166666666667,48.379999999999995,0.0,7.3321778,14,2,11
2024-11-13 15:00:00,15.0,49.46,0.0,6.4001213,15,2,11
2024-11-13 16:00:00,13.066666666666668,50.0,0.0,6.8972181,16,2,11
2024-11-13 17:00:00,11.93,50.18,0.0,8.512782699999999,17,2,11
2024-11-13 18:00:00,14.32,50.36,0.3,9.5069763,18,2,11
2024-11-13 19:00:00,16.928333333333335,49.28,0.5,9.258427900000001,19,2,11
2024-11-13 20:00:00,17.39,48.379999999999995,2.6,8.823468199999999,20,2,11
2024-11-13 21:00:00,19.09,48.379999999999995,1.4,8.3885085,21,2,11
2024-11-13 22:00:00,19.658333333333335,48.56,1.5,9.5691134,22,2,11
2024-11-13 23:00:00,20.761666666666667,49.28,0.7,12.054597399999999,23,2,11
2024-11-14 00:00:00,22.388333333333335,50.18,0.1,9.6312505,0,3,11
2024-11-14 01:00:00,23.385,50.18,0.5,7.5807262,1,3,11
2024-11-14 02:00:00,24.805000000000003,50.36,0.5,6.21371,2,3,11
2024-11-14 03:00:00,23.34,50.18,0.5,5.3437906,3,3,11
2024-11-14 04:00:00,23.045,50.18,10.1,5.530201900000001,4,3,11
2024-11-14 05:00:00,22.046666666666667,50.0,0.5,2.2369356000000002,5,3,11
2024-11-14 06:00:00,19.544999999999998,50.18,0.1,3.8525002,6,3,11
2024-11-14 07:00:00,16.933333333333334,49.82,0.0,1.8641130000000001,7,3,11
2024-11-14 08:00:00,15.0,49.1,0.0,2.1126614,8,3,11
2024-11-14 09:00:00,15.793333333333331,51.08,0.0,4.7224196,9,3,11
2024-11-14 10:00:00,17.843333333333334,52.52,0.0,5.7787503000000005,10,3,11
2024-11-14 11:00:00,17.32166666666667,53.06,0.0,8.077823,11,3,11
2024-11-14 12:00:00,16.933333333333334,53.24,0.0,6.835081,12,3,11
2024-11-14 13:00:00,17.05,54.32,0.0,6.8972181,13,3,11
2024-11-14 14:00:00,17.163333333333334,55.76,0.0,7.9535488,14,3,11
2024-11-14 15:00:00,15.339999999999998,54.68,0.0,6.8972181,15,3,11
2024-11-14 16:00:00,13.635,53.96,0.2,5.9030245,16,3,11
2024-11-14 17:00:00,11.816666666666668,53.42,0.2,5.716613199999999,17,3,11
2024-11-14 18:00:00,14.773333333333333,52.7,0.2,5.9651616,18,3,11
2024-11-14 19:00:00,17.075,52.16,0.1,5.9651616,19,3,11
2024-11-14 20:00:00,17.39,49.82,0.0,7.2700407,20,3,11
2024-11-14 21:00:00,19.906666666666666,49.46,0.0,6.5243955,21,3,11
2024-11-14 22:00:00,19.861666666666668,49.1,0.0,6.4622584000000005,22,3,11
2024-11-14 23:00:00,21.34,48.92,0.0,6.21371,23,3,11
2024-11-15 00:00:00,22.92,48.56,0.0,6.2758471,0,4,11
2024-11-15 01:00:00,23.84,48.2,0.0,5.6544761,1,4,11
2024-11-15 02:00:00,25.745,48.2,0.0,5.716613199999999,2,4,11
2024-11-15 03:00:00,24.115,48.379999999999995,0.0,5.716613199999999,3,4,11
2024-11-15 04:00:00,25.945000000000004,48.2,0.0,5.530201900000001,4,4,11
2024-11-15 05:00:00,22.501666666666665,47.84,0.0,5.9030245,5,4,11
2024-11-15 06:00:00,19.885,48.02,0.0,6.4001213,6,4,11
2024-11-15 07:00:00,17.046666666666667,47.84,0.0,6.21371,7,4,11
2024-11-15 08:00:00,14.886666666666665,47.120000000000005,0.0,4.5360083,8,4,11
2024-11-15 09:00:00,16.136666666666667,47.66,0.0,4.5360083,9,4,11
2024-11-15 10:00:00,17.616666666666667,48.379999999999995,0.0,4.5360083,10,4,11
2024-11-15 11:00:00,17.615,49.64,0.0,5.0331051,11,4,11
2024-11-15 12:00:00,17.276666666666667,50.54,0.0,3.4796776,12,4,11
2024-11-15 13:00:00,17.39,51.8,0.1,3.9767744,13,4,11
2024-11-15 14:00:00,17.491666666666667,52.34,0.1,4.5360083,14,4,11
2024-11-15 15:00:00,15.683333333333332,52.52,0.0,3.7282260000000003,15,4,11
2024-11-15 16:00:00,13.998333333333333,52.52,0.0,2.6718953,16,4,11
2024-11-15 17:00:00,12.496666666666664,51.8,0.0,1.9883872,17,4,11
2024-11-15 18:00:00,15.0,49.82,0.0,3.4796776,18,4,11
2024-11-15 19:00:00,17.50166666666667,48.02,0.0,2.6097582,19,4,11
2024-11-15 20:00:00,17.956666666666667,46.94,0.0,2.7961695,20,4,11
2024-11-15 21:00:00,19.691666666666666,46.22,0.0,2.7961695,21,4,11
2024-11-15 22:00:00,20.226666666666667,45.14,0.0,2.7961695,22,4,11
2024-11-15 23:00:00,21.25166666666667,44.6,0.0,2.8583065999999997,23,4,11
2024-11-16 00:00:00,22.5,44.78,0.0,3.106855,0,5,11
2024-11-16 01:00:00,23.261666666666667,44.42,0.0,3.4796776,1,5,11
2024-11-16 02:00:00,25.42,44.06,0.0,3.3554034,2,5,11
2024-11-16 03:00:00,26.078333333333333,43.519999999999996,0.0,2.9204437000000003,3,5,11
2024-11-16 04:00:00,24.596666666666668,43.34,0.0,3.6660889,4,5,11
2024-11-16 05:00:00,23.49,43.519999999999996,0.0,3.6660889,5,5,11
2024-11-16 06:00:00,22.636666666666667,44.06,0.0,3.4796776,6,5,11
2024-11-16 07:00:00,20.905,43.879999999999995,0.0,3.7903631,7,5,11
2024-11-16 08:00:00,20.111666666666668,46.22,0.0,3.9146373,8,5,11
2024-11-16 09:00:00,18.863333333333333,47.66,0.0,4.8466938,9,5,11
2024-11-16 10:00:00,18.976666666666667,48.74,0.0,7.6428633,10,5,11
2024-11-16 11:00:00,18.330000000000002,49.28,0.0,8.823468199999999,11,5,11
2024-11-16 12:00:00,18.183333333333334,49.64,0.0,9.5691134,12,5,11
2024-11-16 13:00:00,17.39,50.36,0.0,10.1283473,13,5,11
2024-11-16 14:00:00,17.451666666666668,51.26,0.0,9.6933876,14,5,11
2024-11-16 15:00:00,15.453333333333333,52.16,0.0,8.699194,15,5,11
2024-11-16 16:00:00,16.361666666666668,51.620000000000005,0.0,8.1399601,16,5,11
2024-11-16 17:00:00,16.573333333333334,50.9,0.0,7.1457665,17,5,11
2024-11-16 18:00:00,16.771666666666665,50.18,0.0,6.8972181,18,5,11
2024-11-16 19:00:00,17.343333333333334,49.64,0.0,8.7613311,19,5,11
2024-11-16 20:00:00,18.976666666666667,48.379999999999995,0.0,10.2526215,20,5,11
2024-11-16 21:00:00,19.43166666666667,47.66,0.0,9.6312505,21,5,11
2024-11-16 22:00:00,19.669999999999998,47.120000000000005,0.0,9.1962908,22,5,11
2024-11-16 23:00:00,20.966666666666665,46.94,0.0,10.004073100000001,23,5,11
2024-11-17 00:00:00,21.59166666666667,46.76,0.3,9.8797989,0,6,11
2024-11-17 01:00:00,23.535,46.76,0.0,8.947742400000001,1,6,11
2024-11-17 02:00:00,26.683333333333334,46.4,0.0,8.2642343,2,6,11
2024-11-17 03:00:00,26.0,46.4,0.0,8.8856053,3,6,11
2024-11-17 04:00:00,24.669999999999998,46.4,0.0,8.5749198,4,6,11
2024-11-17 05:00:00,24.27333333333333,46.58,0.0,8.7613311,5,6,11
2024-11-17 06:00:00,22.67,46.58,0.0,8.823468199999999,6,6,11
2024-11-17 07:00:00,21.933333333333334,46.04,0.8,9.1962908,7,6,11
2024-11-17 08:00:00,21.169999999999998,46.94,0.1,7.8914117,8,6,11
2024-11-17 09:00:00,20.476666666666667,47.48,0.0,7.8914117,9,6,11
2024-11-17 10:00:00,18.863333333333333,49.28,0.0,6.2758471,10,6,11
2024-11-17 11:00:00,18.976666666666667,51.44,0.0,6.648669699999999,11,6,11
2024-11-17 12:00:00,18.636666666666667,53.78,0.0,7.5185891,12,6,11
2024-11-17 13:00:00,18.41,55.76,0.0,7.3321778,13,6,11
2024-11-17 14:00:00,18.07,57.379999999999995,0.0,7.3943149,14,6,11
2024-11-17 15:00:00,17.19,58.64,0.0,6.835081,15,6,11
2024-11-17 16:00:00,15.453333333333333,58.64,0.0,6.2758471,16,6,11
2024-11-17 17:00:00,17.048333333333336,57.56,0.0,4.970968,17,6,11
2024-11-17 18:00:00,17.763333333333332,56.3,0.0,3.6660889,18,6,11
2024-11-17 19:00:00,17.953333333333333,55.58,0.4,2.8583065999999997,19,6,11
2024-11-17 20:00:00,19.656666666666666,54.68,0.3,5.530201900000001,20,6,11
2024-11-17 21:00:00,20.226666666666667,54.14,0.1,5.840887400000001,21,6,11
2024-11-17 22:00:00,21.81833333333333,53.6,0.6,4.970968,22,6,11
2024-11-17 23:00:00,22.90833333333333,52.7,0.1,4.411734099999999,23,6,11
2024-11-18 00:00:00,23.251666666666665,50.54,0.0,3.0447179,0,0,11
2024-11-18 01:00:00,24.281666666666666,49.28,0.0,2.8583065999999997,1,0,11
2024-11-18 02:00:00,27.040000000000003,50.72,0.0,1.4291532999999998,2,0,11
2024-11-18 03:00:00,26.205,50.9,0.0,0.3106855,3,0,11
2024-11-18 04:00:00,24.66,50.9,0.0,1.5534275,4,0,11
2024-11-18 05:00:00,23.67,50.72,0.0,2.4233469,5,0,11
2024-11-18 06:00:00,20.56833333333333,50.72,0.0,2.7340324000000003,6,0,11
2024-11-18 07:00:00,17.161666666666665,51.08,0.0,4.7845567,7,0,11
2024-11-18 08:00:00,15.793333333333331,50.9,0.0,6.337984199999999,8,0,11
2024-11-18 09:00:00,16.363333333333333,51.8,0.0,6.9593552,9,0,11
2024-11-18 10:00:00,17.616666666666667,52.879999999999995,0.0,7.9535488,10,0,11
2024-11-18 11:00:00,17.05,53.06,0.0,7.3943149,11,0,11
2024-11-18 12:00:00,16.785,53.42,0.1,6.835081,12,0,11
2024-11-18 13:00:00,16.361666666666668,54.68,0.3,6.5243955,13,0,11
2024-11-18 14:00:00,16.241666666666664,53.96,1.7,7.8914117,14,0,11
2024-11-18 15:00:00,14.32,53.96,3.0,7.7050004,15,0,11
2024-11-18 16:00:00,13.066666666666668,54.5,2.8,9.320565,16,0,11
2024-11-18 17:00:00,11.589999999999998,55.04,1.2,9.3827021,17,0,11
2024-11-18 18:00:00,14.886666666666665,55.76,1.7,10.811855399999999,18,0,11
2024-11-18 19:00:00,17.163333333333334,56.3,0.1,12.924516800000001,19,0,11
2024-11-18 20:00:00,17.843333333333334,55.94,0.0,14.912904000000001,20,0,11
2024-11-18 21:00:00,19.544999999999998,56.48,0.0,14.8507669,21,0,11
2024-11-18 22:00:00,19.951666666666664,57.2,0.0,15.3478637,22,0,11
2024-11-18 23:00:00,21.25166666666667,57.74,0.0,16.031371800000002,23,0,11
2024-11-19 00:00:00,21.703333333333333,58.28,0.0,16.3420573,0,1,11
2024-11-19 01:00:00,24.346666666666668,58.64,0.6,15.0371782,1,1,11
2024-11-19 02:00:00,24.626666666666665,58.459999999999994,1.1,17.0877025,2,1,11
2024-11-19 03:00:00,25.293333333333333,58.64,0.2,17.0877025,3,1,11
2024-11-19 04:00:00,24.893333333333334,59.0,0.0,15.844960500000001,4,1,11
2024-11-19 05:00:00,22.42,59.72,0.1,15.0371782,5,1,11
2024-11-19 06:00:00,19.816666666666666,60.26,0.2,13.7944362,6,1,11
2024-11-19 07:00:00,16.81833333333333,60.62,0.0,12.7381055,7,1,11
2024-11-19 08:00:00,15.453333333333333,60.62,0.0,14.0429846,8,1,11
2024-11-19 09:00:00,15.910000000000002,59.72,0.0,13.1730652,9,1,11
2024-11-19 10:00:00,17.386666666666667,59.0,0.0,14.291533,10,1,11
2024-11-19 11:00:00,17.633333333333333,58.1,0.0,13.8565733,11,1,11
2024-11-19 12:00:00,17.163333333333334,58.459999999999994,0.0,15.9692347,12,1,11
2024-11-19 13:00:00,17.39,59.72,0.0,14.291533,13,1,11
2024-11-19 14:00:00,17.616666666666667,61.519999999999996,0.0,14.912904000000001,14,1,11
2024-11-19 15:00:00,15.568333333333333,62.42,0.0,12.365282899999999,15,1,11
2024-11-19 16:00:00,13.520000000000001,61.34,0.0,10.4390328,16,1,11
2024-11-19 17:00:00,12.496666666666664,59.72,0.0,8.512782699999999,17,1,11
2024-11-19 18:00:00,15.0,57.379999999999995,0.0,7.2700407,18,1,11
2024-11-19 19:00:00,17.39,55.58,0.0,6.4622584000000005,19,1,11
2024-11-19 20:00:00,18.183333333333334,53.78,0.0,6.7108068,20,1,11
2024-11-19 21:00:00,18.523333333333333,52.16,0.0,7.5185891,21,1,11
2024-11-19 22:00:00,20.34,50.54,0.0,7.3321778,22,1,11
2024-11-19 23:00:00,21.511666666666667,48.92,0.0,6.5243955,23,1,11
2024-11-20 00:00:00,23.75,47.48,0.0,6.4001213,0,2,11
2024-11-20 01:00:00,24.320000000000004,46.4,0.0,5.6544761,1,2,11
2024-11-20 02:00:00,24.005,45.86,0.0,3.9146373,2,2,11
2024-11-20 03:00:00,26.01,45.5,0.0,4.7845567,3,2,11
2024-11-20 04:00:00,24.3,45.14,0.0,5.4059276999999994,4,2,11
2024-11-20 05:00:00,22.68166666666667,44.42,0.0,6.0894358,5,2,11
2024-11-20 06:00:00,18.863333333333333,44.42,0.0,7.9535488,6,2,11
2024-11-20 07:00:00,16.476666666666667,44.06,0.1,11.433226399999999,7,2,11
2024-11-20 08:00:00,15.113333333333335,40.82,1.0,7.8292746,8,2,11
2024-11-20 09:00:00,15.685,40.82,0.2,6.151572900000001,9,2,11
2024-11-20 10:00:00,18.11,41.72,0.0,7.6428633,10,2,11
2024-11-20 11:00:00,17.73,44.239999999999995,0.1,9.6312505,11,2,11
2024-11-20 12:00:00,17.276666666666667,46.22,0.0,9.6933876,12,2,11
2024-11-20 13:00:00,17.276666666666667,47.3,0.0,13.608024899999998,13,2,11
2024-11-20 14:00:00,17.161666666666665,47.3,0.0,13.545887800000001,14,2,11
2024-11-20 15:00:00,15.341666666666667,46.58,0.0,15.0993153,15,2,11
2024-11-20 16:00:00,12.838333333333333,43.519999999999996,0.0,15.4100008,16,2,11
2024-11-20 17:00:00,11.703333333333333,40.28,0.1,13.8565733,17,2,11
2024-11-20 18:00:00,14.6,38.839999999999996,0.1,12.303145800000001,18,2,11
2024-11-20 19:00:00,16.82,37.22,0.3,12.986653899999999,19,2,11
2024-11-20 20:00:00,18.07,34.88,0.1,13.297339399999998,20,2,11
2024-11-20 21:00:00,19.316666666666666,34.52,0.1,11.992460300000001,21,2,11
2024-11-20 22:00:00,19.885,34.34,0.0,12.365282899999999,22,2,11
2024-11-20 23:00:00,21.703333333333333,34.34,0.0,12.365282899999999,23,2,11
2024-11-21 00:00:00,22.84,33.98,0.0,11.681774800000001,0,3,11
2024-11-21 01:00:00,23.513333333333335,33.44,0.0,11.433226399999999,1,3,11
2024-11-21 02:00:00,24.396666666666665,32.9,0.0,11.8681861,2,3,11
2024-11-21 03:00:00,24.94333333333333,32.72,0.1,11.184678,3,3,11
2024-11-21 04:00:00,25.513333333333335,32.18,0.1,10.314758600000001,4,3,11
2024-11-21 05:00:00,22.72666666666667,31.46,0.0,11.4953635,5,3,11
2024-11-21 06:00:00,20.281666666666666,31.28,0.0,11.9303232,6,3,11
2024-11-21 07:00:00,17.271666666666665,31.46,0.0,13.048791,7,3,11
2024-11-21 08:00:00,14.886666666666665,31.1,0.0,13.7322991,8,3,11
2024-11-21 09:00:00,13.978333333333333,31.28,0.1,13.8565733,9,3,11
2024-11-21 10:00:00,13.410000000000002,31.64,0.7,17.4605251,10,3,11
2024-11-21 11:00:00,12.5,32.0,2.6,16.5906057,11,3,11
2024-11-21 12:00:00,15.339999999999998,32.9,2.2,15.9692347,12,3,11
2024-11-21 13:00:00,15.908333333333333,34.16,1.6,16.7148799,13,3,11
2024-11-21 14:00:00,16.59,35.6,0.5,16.4663315,14,3,11
2024-11-21 15:00:00,14.886666666666665,37.04,0.2,17.025565399999998,15,3,11
2024-11-21 16:00:00,13.181666666666667,38.12,0.3,15.9692347,16,3,11
2024-11-21 17:00:00,11.93,38.839999999999996,0.3,17.895484800000002,17,3,11
2024-11-21 18:00:00,14.773333333333333,40.1,0.1,20.7537914,18,3,11
2024-11-21 19:00:00,16.476666666666667,40.82,0.1,18.019759,19,3,11
2024-11-21 20:00:00,17.16,40.64,0.1,14.8507669,20,3,11
2024-11-21 21:00:00,18.75,39.92,0.1,13.7944362,21,3,11
2024-11-21 22:00:00,19.5,38.660000000000004,0.2,12.303145800000001,22,3,11
2024-11-21 23:00:00,20.74833333333333,38.3,0.1,10.6875812,23,3,11
2024-11-22 00:00:00,22.045,38.3,0.0,9.8176618,0,4,11
2024-11-22 01:00:00,23.87,38.3,0.0,8.3885085,1,4,11
2024-11-22 02:00:00,23.948333333333334,37.04,0.0,9.0720166,2,4,11
2024-11-22 03:00:00,25.735,37.22,0.0,8.823468199999999,3,4,11
2024-11-22 04:00:00,26.045,38.3,0.0,9.4448392,4,4,11
2024-11-22 05:00:00,22.27333333333333,39.92,0.0,10.3768957,5,4,11
2024-11-22 06:00:00,19.771666666666665,40.46,0.0,10.6875812,6,4,11
2024-11-22 07:00:00,17.046666666666667,41.0,0.0,11.371089300000001,7,4,11
2024-11-22 08:00:00,15.681666666666667,41.36,0.0,11.3089522,8,4,11
2024-11-22 09:00:00,16.82,41.72,0.0,11.3089522,9,4,11
2024-11-22 10:00:00,17.275000000000002,42.260000000000005,0.0,10.4390328,10,4,11
2024-11-22 11:00:00,17.276666666666667,43.519999999999996,0.0,9.3827021,11,4,11
2024-11-22 12:00:00,16.82,44.239999999999995,0.0,10.3768957,12,4,11
2024-11-22 13:00:00,16.02,45.68,0.0,12.8002426,13,4,11
2024-11-22 14:00:00,16.133333333333333,46.04,0.0,10.0662102,14,4,11
2024-11-22 15:00:00,13.866666666666667,46.76,0.0,8.512782699999999,15,4,11
2024-11-22 16:00:00,11.021666666666667,47.120000000000005,0.0,8.699194,16,4,11
2024-11-22 17:00:00,9.174999999999999,46.4,0.0,8.512782699999999,17,4,11
2024-11-22 18:00:00,10.0,46.04,0.0,10.0662102,18,4,11
2024-11-22 19:00:00,8.861666666666666,45.68,0.0,10.0662102,19,4,11
2024-11-22 20:00:00,13.69,43.519999999999996,0.0,8.8856053,20,4,11
2024-11-22 21:00:00,16.363333333333333,42.980000000000004,0.0,9.258427900000001,21,4,11
2024-11-22 22:00:00,18.785,42.620000000000005,0.0,8.5749198,22,4,11
2024-11-22 23:00:00,21.97666666666667,42.08,0.0,9.134153699999999,23,4,11
2024-11-23 00:00:00,23.386666666666667,41.72,0.0,7.8914117,0,5,11
2024-11-23 01:00:00,23.93166666666667,41.36,0.0,8.947742400000001,1,5,11
2024-11-23 02:00:00,23.205,41.0,0.0,7.7671375000000005,2,5,11
2024-11-23 03:00:00,25.455,40.82,0.0,8.015685900000001,3,5,11
2024-11-23 04:00:00,24.42,40.64,0.0,7.8292746,4,5,11
2024-11-23 05:00:00,23.52333333333333,40.28,0.0,7.8292746,5,5,11
2024-11-23 06:00:00,22.5,39.74,0.0,7.3321778,6,5,11
2024-11-23 07:00:00,22.02333333333333,38.48,0.0,6.5865326,7,5,11
2024-11-23 08:00:00,21.023333333333333,38.3,0.0,5.9651616,8,5,11
2024-11-23 09:00:00,20.91,38.660000000000004,0.0,5.9030245,9,5,11
2024-11-23 10:00:00,18.75166666666667,39.38,0.0,6.648669699999999,10,5,11
2024-11-23 11:00:00,18.28,40.64,0.0,6.5243955,11,5,11
2024-11-23 12:00:00,17.883333333333333,41.36,0.0,7.4564520000000005,12,5,11
2024-11-23 13:00:00,17.161666666666665,42.44,0.0,8.1399601,13,5,11
2024-11-23 14:00:00,16.82,43.7,0.0,8.947742400000001,14,5,11
2024-11-23 15:00:00,15.566666666666668,43.7,0.0,8.3885085,15,5,11
2024-11-23 16:00:00,13.191666666666668,43.16,0.0,7.3943149,16,5,11
2024-11-23 17:00:00,9.773333333333333,42.260000000000005,0.0,6.4622584000000005,17,5,11
2024-11-23 18:00:00,8.181666666666667,41.36,0.0,4.7224196,18,5,11
2024-11-23 19:00:00,12.045,40.46,0.0,5.1573793000000006,19,5,11
2024-11-23 20:00:00,12.54,38.48,0.0,5.840887400000001,20,5,11
2024-11-23 21:00:00,15.638333333333334,38.12,0.0,5.7787503000000005,21,5,11
2024-11-23 22:00:00,16.736666666666668,37.76,0.0,5.6544761,22,5,11
2024-11-23 23:00:00,21.135,37.22,0.0,5.4059276999999994,23,5,11
2024-11-24 00:00:00,22.501666666666665,36.5,0.0,5.0952421999999995,0,6,11
2024-11-24 01:00:00,24.784999999999997,36.32,0.0,4.5360083,1,6,11
2024-11-24 02:00:00,27.671666666666667,36.14,0.0,4.9088309,2,6,11
2024-11-24 03:00:00,24.92,36.14,0.0,4.7845567,3,6,11
2024-11-24 04:00:00,24.096666666666668,35.96,0.0,4.2874599,4,6,11
2024-11-24 05:00:00,22.986666666666665,36.14,0.0,4.411734099999999,5,6,11
2024-11-24 06:00:00,22.715,36.14,0.0,4.0389115,6,6,11
2024-11-24 07:00:00,22.955,35.96,0.0,3.2311292000000003,7,6,11
2024-11-24 08:00:00,22.72666666666667,37.4,0.0,4.2874599,8,6,11
2024-11-24 09:00:00,20.68166666666667,38.660000000000004,0.0,5.1573793000000006,9,6,11
2024-11-24 10:00:00,19.091666666666665,40.28,0.0,6.4622584000000005,10,6,11
2024-11-24 11:00:00,18.41,41.9,0.0,5.592339,11,6,11
2024-11-24 12:00:00,19.09,43.519999999999996,0.0,5.3437906,12,6,11
2024-11-24 13:00:00,18.296666666666667,45.14,0.0,5.7787503000000005,13,6,11
2024-11-24 14:00:00,18.07,47.120000000000005,0.0,5.9030245,14,6,11
2024-11-24 15:00:00,17.161666666666665,48.379999999999995,0.0,5.840887400000001,15,6,11
2024-11-24 16:00:00,15.908333333333333,48.56,0.0,6.5243955,16,6,11
2024-11-24 17:00:00,16.24833333333333,48.2,0.0,6.9593552,17,6,11
2024-11-24 18:00:00,17.298333333333336,47.84,0.0,7.8292746,18,6,11
2024-11-24 19:00:00,18.408333333333335,48.2,0.0,8.512782699999999,19,6,11
2024-11-24 20:00:00,20.56833333333333,47.84,0.0,8.8856053,20,6,11
2024-11-24 21:00:00,20.908333333333335,47.48,0.0,7.7671375000000005,21,6,11
2024-11-24 22:00:00,22.546666666666667,47.66,0.0,7.4564520000000005,22,6,11
2024-11-24 23:00:00,22.386666666666667,48.56,0.0,7.5807262,23,6,11
2024-11-25 00:00:00,23.316666666666666,48.74,0.0,6.7729439000000005,0,0,11
2024-11-25 01:00:00,24.94333333333333,48.74,0.0,6.4001213,1,0,11
2024-11-25 02:00:00,26.461666666666662,48.56,0.1,5.4059276999999994,2,0,11
2024-11-25 03:00:00,26.365,48.56,0.0,4.0389115,3,0,11
2024-11-25 04:00:00,24.41333333333333,48.2,0.1,2.6097582,4,0,11
2024-11-25 05:00:00,22.203333333333333,47.66,0.0,2.2990727,5,0,11
2024-11-25 06:00:00,19.205000000000002,47.84,0.0,0.5592339000000001,6,0,11
2024-11-25 07:00:00,17.385,47.3,0.0,0.3106855,7,0,11
2024-11-25 08:00:00,14.660000000000002,47.48,0.1,0.5592339000000001,8,0,11
2024-11-25 09:00:00,16.25,47.48,0.1,3.4175405,9,0,11
2024-11-25 10:00:00,18.25166666666667,48.74,0.0,3.4175405,10,0,11
2024-11-25 11:00:00,17.276666666666667,50.36,0.0,3.7282260000000003,11,0,11
2024-11-25 12:00:00,17.503333333333334,51.98,0.0,7.7050004,12,0,11
2024-11-25 13:00:00,17.616666666666667,51.620000000000005,0.0,7.8914117,13,0,11
2024-11-25 14:00:00,17.39,51.8,0.0,7.3943149,14,0,11
2024-11-25 15:00:00,15.339999999999998,51.26,0.0,7.8914117,15,0,11
2024-11-25 16:00:00,13.748333333333333,50.0,0.0,9.0720166,16,0,11
2024-11-25 17:00:00,13.18,48.02,0.0,9.0098795,17,0,11
2024-11-25 18:00:00,15.795,46.76,0.0,9.6312505,18,0,11
2024-11-25 19:00:00,17.73,44.78,0.0,10.936129600000001,19,0,11
2024-11-25 20:00:00,18.296666666666667,41.54,0.0,11.433226399999999,20,0,11
2024-11-25 21:00:00,19.294999999999998,40.28,0.0,11.4953635,21,0,11
2024-11-25 22:00:00,20.566666666666666,39.56,0.1,12.365282899999999,22,0,11
2024-11-25 23:00:00,22.045,38.660000000000004,0.0,12.303145800000001,23,0,11
2024-11-26 00:00:00,23.293333333333333,37.4,0.0,12.365282899999999,0,1,11
2024-11-26 01:00:00,23.75,36.14,0.0,11.992460300000001,1,1,11
2024-11-26 02:00:00,26.456666666666667,34.52,0.0,11.806049,2,1,11
2024-11-26 03:00:00,23.978333333333335,32.36,0.0,11.433226399999999,3,1,11
2024-11-26 04:00:00,24.896666666666665,30.02,0.0,10.9982667,4,1,11
2024-11-26 05:00:00,23.39833333333333,28.580000000000002,0.0,10.004073100000001,5,1,11
2024-11-26 06:00:00,19.771666666666665,27.68,0.0,9.8797989,6,1,11
2024-11-26 07:00:00,17.50166666666667,26.96,0.0,9.258427900000001,7,1,11
2024-11-26 08:00:00,14.773333333333333,26.6,0.0,9.0720166,8,1,11
2024-11-26 09:00:00,16.265,27.14,0.0,8.637056900000001,9,1,11
2024-11-26 10:00:00,18.183333333333334,28.4,0.0,8.015685900000001,10,1,11
2024-11-26 11:00:00,18.296666666666667,30.2,0.0,7.7671375000000005,11,1,11
2024-11-26 12:00:00,17.73,32.36,0.0,7.3943149,12,1,11
2024-11-26 13:00:00,17.616666666666667,34.52,0.0,8.077823,13,1,11
2024-11-26 14:00:00,17.276666666666667,36.14,0.0,8.202097199999999,14,1,11
2024-11-26 15:00:00,15.68,37.22,0.0,7.7671375000000005,15,1,11
2024-11-26 16:00:00,13.635,37.22,0.0,8.077823,16,1,11
2024-11-26 17:00:00,12.836666666666666,36.32,0.0,7.3943149,17,1,11
2024-11-26 18:00:00,15.681666666666667,35.78,0.0,6.7729439000000005,18,1,11
2024-11-26 19:00:00,17.661666666666665,35.24,0.0,6.648669699999999,19,1,11
2024-11-26 20:00:00,18.415000000000003,34.7,0.0,6.151572900000001,20,1,11
2024-11-26 21:00:00,19.43166666666667,34.52,0.0,5.2816535,21,1,11
2024-11-26 22:00:00,20.875,34.52,0.0,4.411734099999999,22,1,11
2024-11-26 23:00:00,22.08,34.52,0.0,3.9767744,23,1,11
2024-11-27 00:00:00,23.521666666666665,34.34,0.0,3.2932663,0,2,11
2024-11-27 01:00:00,23.35166666666667,34.52,0.0,2.7961695,1,2,11
2024-11-27 02:00:00,25.221666666666668,34.52,0.0,2.485484,2,2,11
2024-11-27 03:00:00,25.238333333333333,34.7,0.0,2.1747985,3,2,11
2024-11-27 04:00:00,25.69333333333333,34.7,0.0,2.0505242999999997,4,2,11
2024-11-27 05:00:00,23.295,34.34,0.0,1.8019759,5,2,11
2024-11-27 06:00:00,20.226666666666667,34.88,0.0,2.3612098,6,2,11
2024-11-27 07:00:00,17.16,34.34,0.0,2.8583065999999997,7,2,11
2024-11-27 08:00:00,14.660000000000002,35.6,0.0,4.2253228,8,2,11
2024-11-27 09:00:00,16.66,36.5,0.0,4.411734099999999,9,2,11
2024-11-27 10:00:00,18.523333333333333,38.12,0.0,2.6718953,10,2,11
2024-11-27 11:00:00,17.73,39.56,0.0,2.4233469,11,2,11
2024-11-27 12:00:00,17.39,41.0,0.0,2.1747985,12,2,11
2024-11-27 13:00:00,17.388333333333332,41.36,0.0,2.1747985,13,2,11
2024-11-27 14:00:00,17.173333333333336,41.54,0.0,2.3612098,14,2,11
2024-11-27 15:00:00,15.339999999999998,41.18,0.0,2.6718953,15,2,11
2024-11-27 16:00:00,13.520000000000001,41.0,0.0,3.1689920999999996,16,2,11
2024-11-27 17:00:00,13.636666666666665,39.92,0.0,1.8019759,17,2,11
2024-11-27 18:00:00,15.908333333333333,38.839999999999996,0.0,1.7398388,18,2,11
2024-11-27 19:00:00,18.07,38.660000000000004,0.0,2.485484,19,2,11
2024-11-27 20:00:00,18.07,38.839999999999996,0.0,2.8583065999999997,20,2,11
2024-11-27 21:00:00,20.24833333333333,39.02,0.0,3.7282260000000003,21,2,11
2024-11-27 22:00:00,20.91,38.839999999999996,0.0,4.411734099999999,22,2,11
2024-11-27 23:00:00,22.955,38.48,0.0,6.5243955,23,2,11
2024-11-28 00:00:00,23.94333333333333,39.74,0.0,9.5069763,0,3,11
2024-11-28 01:00:00,24.778333333333336,39.56,0.1,11.681774800000001,1,3,11
2024-11-28 02:00:00,25.235,38.3,0.0,11.992460300000001,2,3,11
2024-11-28 03:00:00,28.915000000000003,34.88,0.0,10.9982667,3,3,11
2024-11-28 04:00:00,24.893333333333334,31.82,0.0,9.941936,4,3,11
2024-11-28 05:00:00,24.036666666666665,30.2,0.0,9.5069763,5,3,11
2024-11-28 06:00:00,22.886666666666667,28.580000000000002,0.0,9.7555247,6,3,11
2024-11-28 07:00:00,21.365,28.22,0.0,9.134153699999999,7,3,11
2024-11-28 08:00:00,22.048333333333332,28.22,0.0,8.7613311,8,3,11
2024-11-28 09:00:00,21.365,28.22,0.0,8.077823,9,3,11
2024-11-28 10:00:00,20.705000000000002,28.76,0.0,8.077823,10,3,11
2024-11-28 11:00:00,20.09,29.3,0.0,7.7050004,11,3,11
2024-11-28 12:00:00,19.996666666666666,30.02,0.0,8.8856053,12,3,11
2024-11-28 13:00:00,18.75,30.02,0.0,8.512782699999999,13,3,11
2024-11-28 14:00:00,18.75,30.38,0.0,8.7613311,14,3,11
2024-11-28 15:00:00,18.54,30.38,0.0,9.134153699999999,15,3,11
2024-11-28 16:00:00,18.636666666666667,29.66,0.0,9.6933876,16,3,11
2024-11-28 17:00:00,18.296666666666667,29.12,0.0,9.7555247,17,3,11
2024-11-28 18:00:00,19.43166666666667,28.76,0.0,10.563307,18,3,11
2024-11-28 19:00:00,20.453333333333333,28.76,0.0,11.246815100000001,19,3,11
2024-11-28 20:00:00,19.996666666666666,28.22,0.0,10.563307,20,3,11
2024-11-28 21:00:00,21.136666666666667,28.4,0.0,11.3089522,21,3,11
2024-11-28 22:00:00,22.5,28.94,0.0,11.681774800000001,22,3,11
2024-11-28 23:00:00,22.27333333333333,28.580000000000002,0.0,12.303145800000001,23,3,11
2024-11-29 00:00:00,23.69333333333333,27.86,0.0,11.557500600000001,0,4,11
2024-11-29 01:00:00,25.16,27.32,0.0,11.184678,1,4,11
2024-11-29 02:00:00,25.758333333333336,27.5,0.0,11.8681861,2,4,11
2024-11-29 03:00:00,26.488333333333333,27.68,0.0,12.1167345,3,4,11
2024-11-29 04:00:00,24.028333333333336,27.32,0.0,11.681774800000001,4,4,11
2024-11-29 05:00:00,23.296666666666667,26.78,0.0,11.743911899999999,5,4,11
2024-11-29 06:00:00,20.486666666666668,25.16,0.0,12.613831300000001,6,4,11
2024-11-29 07:00:00,17.50166666666667,24.62,0.0,12.365282899999999,7,4,11
2024-11-29 08:00:00,15.339999999999998,23.18,0.0,12.7381055,8,4,11
2024-11-29 09:00:00,16.933333333333334,22.46,0.0,12.42742,9,4,11
2024-11-29 10:00:00,18.523333333333333,22.64,0.0,12.8002426,10,4,11
2024-11-29 11:00:00,17.881666666666668,23.54,0.0,12.8623797,11,4,11
2024-11-29 12:00:00,17.503333333333334,24.26,0.0,13.235202300000001,12,4,11
2024-11-29 13:00:00,17.39,24.8,0.0,13.8565733,13,4,11
2024-11-29 14:00:00,17.275000000000002,25.16,0.0,13.297339399999998,14,4,11
2024-11-29 15:00:00,16.158333333333335,24.98,0.0,13.545887800000001,15,4,11
2024-11-29 16:00:00,13.18,24.62,0.0,13.3594765,16,4,11
2024-11-29 17:00:00,11.816666666666668,23.9,0.0,12.365282899999999,17,4,11
2024-11-29 18:00:00,14.431666666666667,23.18,0.0,11.557500600000001,18,4,11
2024-11-29 19:00:00,17.388333333333332,22.46,0.0,11.246815100000001,19,4,11
2024-11-29 20:00:00,18.976666666666667,22.82,0.0,12.365282899999999,20,4,11
2024-11-29 21:00:00,19.09,22.46,0.0,11.4953635,21,4,11
2024-11-29 22:00:00,20.294999999999998,22.28,0.0,11.246815100000001,22,4,11
2024-11-29 23:00:00,21.363333333333333,21.02,0.0,10.314758600000001,23,4,11
2024-11-30 00:00:00,23.40833333333333,20.12,0.0,9.941936,0,5,11
2024-11-30 01:00:00,25.406666666666666,19.22,0.0,9.5069763,1,5,11
2024-11-30 02:00:00,25.0,18.5,0.0,9.5069763,2,5,11
2024-11-30 03:00:00,25.67,18.14,0.0,9.5069763,3,5,11
2024-11-30 04:00:00,27.39833333333333,17.6,0.0,9.7555247,4,5,11
2024-11-30 05:00:00,23.56833333333333,17.06,0.0,9.6312505,5,5,11
2024-11-30 06:00:00,22.613333333333333,16.7,0.0,9.8797989,6,5,11
2024-11-30 07:00:00,22.15833333333333,16.34,0.0,9.5691134,7,5,11
2024-11-30 08:00:00,21.635,14.720000000000002,0.0,9.3827021,8,5,11
2024-11-30 09:00:00,19.363333333333333,15.259999999999998,0.0,9.8797989,9,5,11
2024-11-30 10:00:00,19.88,16.88,0.0,9.1962908,10,5,11
2024-11-30 11:00:00,18.75,19.22,0.0,9.0098795,11,5,11
2024-11-30 12:00:00,17.843333333333334,21.38,0.0,9.8797989,12,5,11
2024-11-30 13:00:00,17.503333333333334,23.36,0.0,10.190484399999999,13,5,11
2024-11-30 14:00:00,17.39,25.16,0.0,10.004073100000001,14,5,11
2024-11-30 15:00:00,16.706666666666667,26.240000000000002,0.0,10.190484399999999,15,5,11
2024-11-30 16:00:00,16.02,26.42,0.0,10.190484399999999,16,5,11
2024-11-30 17:00:00,16.82166666666667,25.7,0.0,9.3827021,17,5,11
2024-11-30 18:00:00,17.305,24.8,0.0,9.0098795,18,5,11
2024-11-30 19:00:00,17.503333333333334,24.26,0.0,9.258427900000001,19,5,11
2024-11-30 20:00:00,18.41,22.28,0.0,9.5691134,20,5,11
2024-11-30 21:00:00,19.783333333333335,21.92,0.0,9.6312505,21,5,11
2024-11-30 22:00:00,20.453333333333333,21.38,0.0,9.4448392,22,5,11
2024-11-30 23:00:00,21.353333333333335,20.84,0.0,9.5069763,23,5,11
2024-12-01 00:00:00,22.09,19.939999999999998,0.0,9.8176618,0,6,12
2024-12-01 01:00:00,24.488333333333333,19.04,0.0,9.7555247,1,6,12
2024-12-01 02:00:00,24.113333333333333,17.96,0.0,9.134153699999999,2,6,12
2024-12-01 03:00:00,26.558333333333334,17.240000000000002,0.0,8.637056900000001,3,6,12
2024-12-01 04:00:00,26.06833333333333,16.520000000000003,0.0,8.699194,4,6,12
2024-12-01 05:00:00,24.64833333333333,16.16,0.0,8.699194,5,6,12
2024-12-01 06:00:00,23.53333333333333,15.620000000000001,0.0,8.7613311,6,6,12
2024-12-01 07:00:00,22.84166666666667,15.440000000000001,0.0,8.8856053,7,6,12
2024-12-01 08:00:00,22.75,13.82,0.0,8.1399601,8,6,12
2024-12-01 09:00:00,22.72666666666667,14.54,0.0,8.2642343,9,6,12
2024-12-01 10:00:00,21.706666666666667,16.16,0.0,8.3885085,10,6,12
2024-12-01 11:00:00,20.908333333333335,18.68,0.0,7.2700407,11,6,12
2024-12-01 12:00:00,20.228333333333335,21.38,0.0,7.0214923,12,6,12
2024-12-01 13:00:00,18.636666666666667,23.72,0.0,7.2700407,13,6,12
2024-12-01 14:00:00,18.296666666666667,25.34,0.0,7.5807262,14,6,12
2024-12-01 15:00:00,18.296666666666667,26.060000000000002,0.0,7.7050004,15,6,12
2024-12-01 16:00:00,17.616666666666667,25.7,0.0,7.5185891,16,6,12
2024-12-01 17:00:00,17.39,24.439999999999998,0.0,6.5865326,17,6,12
2024-12-01 18:00:00,18.183333333333334,23.54,0.0,6.027298699999999,18,6,12
2024-12-01 19:00:00,19.084999999999997,23.18,0.0,6.151572900000001,19,6,12
2024-12-01 20:00:00,20.396666666666665,22.46,0.0,5.1573793000000006,20,6,12
2024-12-01 21:00:00,21.18166666666667,21.92,0.0,6.2758471,21,6,12
2024-12-01 22:00:00,22.113333333333333,19.939999999999998,0.0,6.8972181,22,6,12
2024-12-01 23:00:00,21.55666666666667,18.68,0.0,6.5865326,23,6,12
2024-12-02 00:00:00,22.84,17.96,0.0,6.21371,0,0,12
2024-12-02 01:00:00,24.88,17.42,0.0,5.9030245,1,0,12
2024-12-02 02:00:00,25.77333333333333,16.88,0.0,5.4680648000000005,2,0,12
2024-12-02 03:00:00,25.375,16.7,0.0,4.970968,3,0,12
2024-12-02 04:00:00,24.68166666666667,16.520000000000003,0.0,5.2195164,4,0,12
2024-12-02 05:00:00,23.863333333333333,16.34,0.0,5.4059276999999994,5,0,12
2024-12-02 06:00:00,20.726,16.16,0.0,5.716613199999999,6,0,12
2024-12-02 07:00:00,17.956666666666667,15.8,0.0,5.530201900000001,7,0,12
2024-12-02 08:00:00,15.910000000000002,16.520000000000003,0.0,4.7224196,8,0,12
2024-12-02 09:00:00,16.935,16.88,0.0,5.716613199999999,9,0,12
2024-12-02 10:00:00,18.540000000000003,19.58,0.0,3.9146373,10,0,12
2024-12-02 11:00:00,17.956666666666667,22.1,0.0,4.5981454,11,0,12
2024-12-02 12:00:00,17.843333333333334,23.9,0.0,4.1631857000000005,12,0,12
2024-12-02 13:00:00,17.503333333333334,25.880000000000003,0.0,5.2195164,13,0,12
2024-12-02 14:00:00,17.276666666666667,26.6,0.0,5.9651616,14,0,12
2024-12-02 15:00:00,16.136666666666667,26.96,0.0,6.0894358,15,0,12
2024-12-02 16:00:00,14.089999999999998,26.78,0.0,6.0894358,16,0,12
2024-12-02 17:00:00,12.666666666666666,26.060000000000002,0.0,6.5865326,17,0,12
2024-12-02 18:00:00,15.910000000000002,24.8,0.0,5.2195164,18,0,12
2024-12-02 19:00:00,17.843333333333334,24.26,0.0,6.4622584000000005,19,0,12
2024-12-02 20:00:00,18.183333333333334,22.82,0.0,6.7729439000000005,20,0,12
2024-12-02 21:00:00,20.455000000000002,22.46,0.0,6.7108068,21,0,12
2024-12-02 22:00:00,20.451666666666664,21.92,0.0,6.8972181,22,0,12
2024-12-02 23:00:00,22.271666666666665,21.38,0.0,7.3943149,23,0,12
2024-12-03 00:00:00,22.81833333333333,21.2,0.0,7.8292746,0,1,12
2024-12-03 01:00:00,24.925,21.2,0.0,8.1399601,1,1,12
2024-12-03 02:00:00,26.615,21.02,0.0,8.2642343,2,1,12
2024-12-03 03:00:00,23.30666666666667,21.02,0.0,8.077823,3,1,12
2024-12-03 04:00:00,24.5,21.02,0.0,8.202097199999999,4,1,12
2024-12-03 05:00:00,23.478333333333335,20.84,0.0,7.7050004,5,1,12
2024-12-03 06:00:00,20.224999999999998,20.66,0.0,7.5807262,6,1,12
2024-12-03 07:00:00,17.841666666666665,20.48,0.0,7.5185891,7,1,12
2024-12-03 08:00:00,15.339999999999998,18.32,0.0,7.3321778,8,1,12
2024-12-03 09:00:00,16.478333333333335,19.22,0.0,6.5865326,9,1,12
2024-12-03 10:00:00,17.73,21.560000000000002,0.0,6.5865326,10,1,12
2024-12-03 11:00:00,17.956666666666667,24.439999999999998,0.0,6.5243955,11,1,12
2024-12-03 12:00:00,17.73,27.68,0.0,6.4622584000000005,12,1,12
2024-12-03 13:00:00,17.73,29.48,0.0,7.9535488,13,1,12
2024-12-03 14:00:00,17.39,29.66,0.0,9.0098795,14,1,12
2024-12-03 15:00:00,16.16,29.12,0.0,9.320565,15,1,12
2024-12-03 16:00:00,13.861666666666666,28.22,0.0,9.5069763,16,1,12
2024-12-03 17:00:00,12.611666666666666,26.6,0.0,9.5691134,17,1,12
2024-12-03 18:00:00,15.228333333333333,25.34,0.0,9.6933876,18,1,12
2024-12-03 19:00:00,17.615,24.26,0.0,9.8797989,19,1,12
2024-12-03 20:00:00,18.183333333333334,24.26,0.0,11.9303232,20,1,12
2024-12-03 21:00:00,19.316666666666666,24.8,0.0,13.1109281,21,1,12
2024-12-03 22:00:00,21.158333333333335,23.9,0.0,12.42742,22,1,12
2024-12-03 23:00:00,22.90833333333333,22.82,0.0,12.054597399999999,23,1,12
2024-12-04 00:00:00,23.97666666666667,22.64,0.0,12.42742,0,2,12
2024-12-04 01:00:00,22.705,22.64,0.0,12.4895571,1,2,12
2024-12-04 02:00:00,23.511666666666667,23.36,0.0,13.3594765,2,2,12
2024-12-04 03:00:00,25.171666666666667,23.9,0.0,12.8623797,3,2,12
2024-12-04 04:00:00,24.58,24.439999999999998,0.0,12.7381055,4,2,12
2024-12-04 05:00:00,23.24,25.16,0.0,12.5516942,5,2,12
2024-12-04 06:00:00,20.111666666666668,26.060000000000002,0.0,13.297339399999998,6,2,12
2024-12-04 07:00:00,17.046666666666667,27.32,0.0,12.8623797,7,2,12
2024-12-04 08:00:00,15.339999999999998,27.14,0.0,11.681774800000001,8,2,12
2024-12-04 09:00:00,16.478333333333335,28.76,0.0,11.806049,9,2,12
2024-12-04 10:00:00,18.07,31.46,0.0,11.246815100000001,10,2,12
2024-12-04 11:00:00,17.39,34.7,0.0,12.1788716,11,2,12
2024-12-04 12:00:00,17.39,37.58,0.0,16.0935089,12,2,12
2024-12-04 13:00:00,17.503333333333334,38.12,0.0,16.031371800000002,13,2,12
2024-12-04 14:00:00,17.083333333333332,37.58,0.0,14.8507669,14,2,12
2024-12-04 15:00:00,15.908333333333333,37.22,0.0,13.4837507,15,2,12
2024-12-04 16:00:00,13.065,36.32,0.0,12.2410087,16,2,12
2024-12-04 17:00:00,12.156666666666666,35.78,0.1,13.670162,17,2,12
2024-12-04 18:00:00,15.111666666666666,35.24,0.2,15.534275000000001,18,2,12
2024-12-04 19:00:00,17.616666666666667,33.08,0.2,20.815928500000002,19,2,12
2024-12-04 20:00:00,17.956666666666667,29.48,0.0,19.262501,20,2,12
2024-12-04 21:00:00,19.31833333333333,25.880000000000003,0.0,18.7032671,21,2,12
2024-12-04 22:00:00,20.12333333333333,24.26,0.0,16.839154100000002,22,2,12
2024-12-04 23:00:00,21.785,23.0,0.0,18.2061703,23,2,12
2024-12-05 00:00:00,23.83,20.48,0.0,17.895484800000002,0,3,12
2024-12-05 01:00:00,23.97666666666667,19.04,0.0,16.2799202,1,3,12
2024-12-05 02:00:00,24.801666666666666,17.6,0.0,16.652742800000002,2,3,12
2024-12-05 03:00:00,24.94333333333333,15.8,0.0,16.155646,3,3,12
2024-12-05 04:00:00,23.731666666666666,13.82,0.0,16.031371800000002,4,3,12
2024-12-05 05:00:00,22.900000000000002,12.740000000000002,0.0,15.0993153,5,3,12
2024-12-05 06:00:00,19.543333333333333,12.379999999999999,0.0,15.3478637,6,3,12
2024-12-05 07:00:00,17.50166666666667,12.559999999999999,0.0,15.0371782,7,3,12
2024-12-05 08:00:00,15.339999999999998,12.020000000000003,0.0,15.0371782,8,3,12
2024-12-05 09:00:00,16.25166666666667,12.740000000000002,0.0,12.054597399999999,9,3,12
2024-12-05 10:00:00,18.296666666666667,15.259999999999998,0.0,12.42742,10,3,12
2024-12-05 11:00:00,17.843333333333334,18.14,0.0,12.365282899999999,11,3,12
2024-12-05 12:00:00,17.503333333333334,21.38,0.0,12.8002426,12,3,12
2024-12-05 13:00:00,17.39,24.439999999999998,0.0,12.303145800000001,13,3,12
2024-12-05 14:00:00,17.05,26.42,0.0,11.184678,14,3,12
2024-12-05 15:00:00,15.756666666666666,27.32,0.0,10.2526215,15,3,12
2024-12-05 16:00:00,13.408333333333333,29.12,0.0,9.8797989,16,3,12
2024-12-05 17:00:00,12.270000000000001,26.96,0.0,8.202097199999999,17,3,12
2024-12-05 18:00:00,14.660000000000002,26.060000000000002,0.0,7.0836294,18,3,12
2024-12-05 19:00:00,17.798333333333336,25.16,0.0,7.7671375000000005,19,3,12
2024-12-05 20:00:00,18.325,24.08,0.0,7.7050004,20,3,12
2024-12-05 21:00:00,20.226666666666667,23.0,0.0,7.9535488,21,3,12
2024-12-05 22:00:00,20.669999999999998,21.92,0.0,7.4564520000000005,22,3,12
2024-12-05 23:00:00,23.295,21.2,0.0,6.8972181,23,3,12
2024-12-06 00:00:00,24.616666666666664,20.3,0.0,6.4622584000000005,0,4,12
2024-12-06 01:00:00,28.228333333333335,19.58,0.0,5.9651616,1,4,12
2024-12-06 02:00:00,25.933333333333334,19.04,0.0,5.9030245,2,4,12
2024-12-06 03:00:00,24.97666666666667,18.32,0.0,5.840887400000001,3,4,12
2024-12-06 04:00:00,25.92,17.6,0.0,6.2758471,4,4,12
2024-12-06 05:00:00,23.521666666666665,17.06,0.0,6.7729439000000005,5,4,12
2024-12-06 06:00:00,20.226666666666667,16.34,0.0,6.9593552,6,4,12
2024-12-06 07:00:00,17.386666666666667,15.8,0.0,7.2700407,7,4,12
2024-12-06 08:00:00,15.228333333333333,14.0,0.0,7.5807262,8,4,12
2024-12-06 09:00:00,16.365,14.720000000000002,0.0,7.8914117,9,4,12
2024-12-06 10:00:00,18.183333333333334,17.06,0.0,8.202097199999999,10,4,12
2024-12-06 11:00:00,17.456666666666667,20.3,0.0,9.134153699999999,11,4,12
2024-12-06 12:00:00,17.276666666666667,23.36,0.0,9.5691134,12,4,12
2024-12-06 13:00:00,17.048333333333336,25.52,0.0,9.7555247,13,4,12
2024-12-06 14:00:00,17.163333333333334,27.5,0.0,9.1962908,14,4,12
2024-12-06 15:00:00,15.455,29.66,0.0,9.941936,15,4,12
2024-12-06 16:00:00,13.841666666666667,30.56,0.0,10.3768957,16,4,12
2024-12-06 17:00:00,12.836666666666666,30.2,0.0,10.314758600000001,17,4,12
2024-12-06 18:00:00,15.113333333333335,29.48,0.0,9.941936,18,4,12
2024-12-06 19:00:00,17.143333333333334,29.12,0.0,10.936129600000001,19,4,12
2024-12-06 20:00:00,17.843333333333334,29.66,0.0,10.811855399999999,20,4,12
2024-12-06 21:00:00,19.203333333333333,29.3,0.0,9.5069763,21,4,12
2024-12-06 22:00:00,19.99833333333333,28.580000000000002,0.0,8.326371400000001,22,4,12
2024-12-06 23:00:00,21.235,28.04,0.0,7.4564520000000005,23,4,12
2024-12-07 00:00:00,23.30666666666667,27.86,0.0,7.2079036,0,5,12
2024-12-07 01:00:00,22.978333333333335,27.5,0.0,6.8972181,1,5,12
2024-12-07 02:00:00,25.939999999999998,27.14,0.0,7.3321778,2,5,12
2024-12-07 03:00:00,25.865,26.42,0.0,6.835081,3,5,12
2024-12-07 04:00:00,27.13,25.880000000000003,0.0,6.2758471,4,5,12
2024-12-07 05:00:00,24.46666666666667,25.7,0.0,7.1457665,5,5,12
2024-12-07 06:00:00,23.453333333333333,25.880000000000003,0.0,7.7671375000000005,6,5,12
2024-12-07 07:00:00,22.85166666666667,25.7,0.0,7.4564520000000005,7,5,12
2024-12-07 08:00:00,21.48,23.54,0.0,7.9535488,8,5,12
2024-12-07 09:00:00,21.148333333333333,24.98,0.0,9.134153699999999,9,5,12
2024-12-07 10:00:00,18.976666666666667,27.5,0.0,9.134153699999999,10,5,12
2024-12-07 11:00:00,18.636666666666667,31.1,0.0,9.1962908,11,5,12
2024-12-07 12:00:00,17.956666666666667,35.78,0.0,10.1283473,12,5,12
2024-12-07 13:00:00,17.843333333333334,39.2,0.0,11.184678,13,5,12
2024-12-07 14:00:00,17.445,41.0,0.0,13.297339399999998,14,5,12
2024-12-07 15:00:00,16.935,42.44,0.0,14.8507669,15,5,12
2024-12-07 16:00:00,15.835,42.8,0.0,15.223589500000001,16,5,12
2024-12-07 17:00:00,16.625,42.620000000000005,0.0,14.4779443,17,5,12
2024-12-07 18:00:00,16.363333333333333,42.260000000000005,0.0,15.0371782,18,5,12
2024-12-07 19:00:00,16.826666666666668,42.08,0.0,15.0993153,19,5,12
2024-12-07 20:00:00,17.848333333333333,44.42,0.0,15.223589500000001,20,5,12
2024-12-07 21:00:00,17.673333333333336,44.06,0.0,14.7264927,21,5,12
2024-12-07 22:00:00,19.533333333333335,44.239999999999995,0.0,14.4779443,22,5,12
2024-12-07 23:00:00,21.215,44.42,0.0,13.9187104,23,5,12
2024-12-08 00:00:00,22.396666666666665,44.239999999999995,0.0,13.545887800000001,0,6,12
2024-12-08 01:00:00,22.385,43.879999999999995,0.0,13.297339399999998,1,6,12
2024-12-08 02:00:00,23.709999999999997,43.34,0.0,12.986653899999999,2,6,12
2024-12-08 03:00:00,26.203333333333333,42.620000000000005,0.0,12.365282899999999,3,6,12
2024-12-08 04:00:00,23.95,41.9,0.0,11.806049,4,6,12
2024-12-08 05:00:00,23.863333333333333,41.0,0.0,11.433226399999999,5,6,12
2024-12-08 06:00:00,22.953333333333333,39.92,0.0,10.811855399999999,6,6,12
2024-12-08 07:00:00,22.55666666666667,38.839999999999996,0.0,9.1962908,7,6,12
2024-12-08 08:00:00,22.386666666666667,38.839999999999996,0.0,8.326371400000001,8,6,12
2024-12-08 09:00:00,22.045,38.660000000000004,0.0,6.7729439000000005,9,6,12
2024-12-08 10:00:00,21.023333333333333,40.46,0.0,5.2195164,10,6,12
2024-12-08 11:00:00,20.68166666666667,42.980000000000004,0.0,3.7903631,11,6,12
2024-12-08 12:00:00,19.136666666666667,45.32,0.0,3.6039518,12,6,12
2024-12-08 13:00:00,18.45,47.3,0.0,3.7903631,13,6,12
2024-12-08 14:00:00,17.615,48.92,0.0,3.9146373,14,6,12
2024-12-08 15:00:00,17.276666666666667,49.82,0.0,5.2816535,15,6,12
2024-12-08 16:00:00,17.275000000000002,49.64,0.0,6.5243955,16,6,12
2024-12-08 17:00:00,17.276666666666667,48.56,0.0,7.3943149,17,6,12
2024-12-08 18:00:00,17.388333333333332,46.58,0.0,8.202097199999999,18,6,12
2024-12-08 19:00:00,19.578333333333333,45.68,0.0,8.823468199999999,19,6,12
2024-12-08 20:00:00,20.133333333333333,46.76,0.0,10.2526215,20,6,12
2024-12-08 21:00:00,20.771666666666665,47.3,0.0,11.433226399999999,21,6,12
2024-12-08 22:00:00,22.27333333333333,46.76,0.0,10.936129600000001,22,6,12
2024-12-08 23:00:00,22.656666666666666,45.68,0.0,10.501169899999999,23,6,12
2024-12-09 00:00:00,22.478333333333335,45.68,0.0,9.0720166,0,0,12
2024-12-09 01:00:00,24.745,46.04,0.0,10.1283473,1,0,12
2024-12-09 02:00:00,24.886666666666667,46.58,0.1,10.004073100000001,2,0,12
2024-12-09 03:00:00,25.881666666666664,46.76,0.0,10.501169899999999,3,0,12
2024-12-09 04:00:00,22.05333333333333,47.120000000000005,0.0,10.0662102,4,0,12
2024-12-09 05:00:00,22.865,47.3,0.0,10.811855399999999,5,0,12
2024-12-09 06:00:00,19.41,47.3,0.0,9.8797989,6,0,12
2024-12-09 07:00:00,17.158333333333335,46.58,0.0,10.1283473,7,0,12
2024-12-09 08:00:00,15.681666666666667,46.58,0.0,11.557500600000001,8,0,12
2024-12-09 09:00:00,16.816666666666666,44.06,0.0,11.6196377,9,0,12
2024-12-09 10:00:00,18.296666666666667,42.980000000000004,0.0,11.371089300000001,10,0,12
2024-12-09 11:00:00,17.73,43.7,0.0,10.501169899999999,11,0,12
2024-12-09 12:00:00,17.281666666666666,45.14,0.0,9.7555247,12,0,12
2024-12-09 13:00:00,17.683333333333334,46.58,0.0,8.326371400000001,13,0,12
2024-12-09 14:00:00,17.400000000000002,47.84,0.0,7.5807262,14,0,12
2024-12-09 15:00:00,15.453333333333333,47.84,0.0,7.4564520000000005,15,0,12
2024-12-09 16:00:00,14.771666666666667,47.120000000000005,0.0,8.823468199999999,16,0,12
2024-12-09 17:00:00,13.406666666666666,45.86,0.0,8.699194,17,0,12
2024-12-09 18:00:00,15.795,44.96,0.0,8.2642343,18,0,12
2024-12-09 19:00:00,17.843333333333334,44.239999999999995,0.0,8.202097199999999,19,0,12
2024-12-09 20:00:00,17.978333333333335,45.32,0.0,8.1399601,20,0,12
2024-12-09 21:00:00,18.865,44.06,0.0,7.8292746,21,0,12
2024-12-09 22:00:00,20.978333333333335,42.980000000000004,0.0,7.9535488,22,0,12
2024-12-09 23:00:00,22.320000000000004,42.44,0.0,7.9535488,23,0,12
2024-12-10 00:00:00,23.636666666666667,41.9,0.0,8.4506456,0,1,12
2024-12-10 01:00:00,22.828333333333333,40.64,0.0,7.0836294,1,1,12
2024-12-10 02:00:00,24.905,39.02,0.0,6.648669699999999,2,1,12
2024-12-10 03:00:00,25.045,37.4,0.0,6.9593552,3,1,12
2024-12-10 04:00:00,24.548333333333332,35.24,0.0,6.9593552,4,1,12
2024-12-10 05:00:00,23.295,33.44,0.0,7.1457665,5,1,12
2024-12-10 06:00:00,20.793333333333333,32.18,0.0,6.9593552,6,1,12
2024-12-10 07:00:00,17.728333333333335,31.28,0.0,6.7729439000000005,7,1,12
2024-12-10 08:00:00,15.910000000000002,32.36,0.0,6.151572900000001,8,1,12
2024-12-10 09:00:00,16.365,32.54,0.0,6.0894358,9,1,12
2024-12-10 10:00:00,18.75,32.9,0.0,6.0894358,10,1,12
2024-12-10 11:00:00,17.716666666666665,33.26,0.0,5.592339,11,1,12
2024-12-10 12:00:00,17.843333333333334,33.8,0.0,5.4680648000000005,12,1,12
2024-12-10 13:00:00,17.73,34.16,0.0,5.530201900000001,13,1,12
2024-12-10 14:00:00,17.276666666666667,34.34,0.0,6.2758471,14,1,12
2024-12-10 15:00:00,15.795,34.34,0.0,7.4564520000000005,15,1,12
2024-12-10 16:00:00,13.520000000000001,34.16,0.0,7.5185891,16,1,12
2024-12-10 17:00:00,13.065,33.98,0.0,6.5243955,17,1,12
2024-12-10 18:00:00,15.453333333333333,33.26,0.0,7.1457665,18,1,12
2024-12-10 19:00:00,17.956666666666667,32.72,0.0,7.3321778,19,1,12
2024-12-10 20:00:00,18.41,30.38,0.0,8.015685900000001,20,1,12
2024-12-10 21:00:00,19.646666666666665,29.84,0.0,6.9593552,21,1,12
2024-12-10 22:00:00,21.294999999999998,29.84,0.0,7.3321778,22,1,12
2024-12-10 23:00:00,22.40833333333333,29.66,0.0,7.3321778,23,1,12
2024-12-11 00:00:00,23.986666666666665,29.12,0.0,7.5185891,0,2,12
2024-12-11 01:00:00,24.668333333333333,28.4,0.0,6.7729439000000005,1,2,12
2024-12-11 02:00:00,22.85166666666667,28.22,0.0,6.648669699999999,2,2,12
2024-12-11 03:00:00,23.98,28.04,0.0,7.1457665,3,2,12
2024-12-11 04:00:00,24.084999999999997,28.04,0.0,7.0836294,4,2,12
2024-12-11 05:00:00,23.16,28.22,0.0,5.6544761,5,2,12
2024-12-11 06:00:00,20.738333333333333,27.32,0.0,6.027298699999999,6,2,12
2024-12-11 07:00:00,17.613333333333333,26.96,0.0,5.3437906,7,2,12
2024-12-11 08:00:00,15.226666666666667,27.32,0.0,5.530201900000001,8,2,12
2024-12-11 09:00:00,16.138333333333332,28.04,0.0,5.9651616,9,2,12
2024-12-11 10:00:00,18.183333333333334,29.66,0.0,6.0894358,10,2,12
2024-12-11 11:00:00,17.73,31.46,0.0,11.184678,11,2,12
2024-12-11 12:00:00,17.39,31.64,0.0,11.557500600000001,12,2,12
2024-12-11 13:00:00,17.39,32.36,0.0,10.3768957,13,2,12
2024-12-11 14:00:00,17.17833333333333,32.9,0.0,11.371089300000001,14,2,12
2024-12-11 15:00:00,15.339999999999998,31.1,0.2,11.557500600000001,15,2,12
2024-12-11 16:00:00,13.75,29.3,0.5,14.2293959,16,2,12
2024-12-11 17:00:00,12.723333333333334,26.6,0.0,16.2799202,17,2,12
2024-12-11 18:00:00,15.498333333333333,23.0,0.0,16.155646,18,2,12
2024-12-11 19:00:00,18.183333333333334,21.92,0.0,15.6585492,19,2,12
2024-12-11 20:00:00,18.183333333333334,21.38,0.0,16.777017,20,2,12
2024-12-11 21:00:00,20.11,20.66,0.0,15.9692347,21,2,12
2024-12-11 22:00:00,21.021666666666665,18.86,0.0,16.155646,22,2,12
2024-12-11 23:00:00,21.80666666666667,16.7,0.0,15.844960500000001,23,2,12
2024-12-12 00:00:00,23.978333333333335,14.54,0.0,15.9070976,0,3,12
2024-12-12 01:00:00,26.488333333333333,12.379999999999999,0.0,16.0935089,1,3,12
2024-12-12 02:00:00,26.28333333333333,10.399999999999999,0.0,15.4100008,2,3,12
2024-12-12 03:00:00,25.761666666666667,8.96,0.0,14.5400814,3,3,12
2024-12-12 04:00:00,42.593333333333334,7.34,0.0,12.675968399999999,4,3,12
2024-12-12 05:00:00,23.251666666666665,6.080000000000002,0.0,11.3089522,5,3,12
2024-12-12 06:00:00,19.99833333333333,5.540000000000003,0.0,10.936129600000001,6,3,12
2024-12-12 07:00:00,17.285,5.359999999999996,0.0,11.184678,7,3,12
2024-12-12 08:00:00,15.453333333333333,4.82,0.0,9.8797989,8,3,12
2024-12-12 09:00:00,15.910000000000002,5.359999999999996,0.0,9.320565,9,3,12
2024-12-12 10:00:00,18.636666666666667,6.800000000000001,0.0,9.6933876,10,3,12
2024-12-12 11:00:00,17.73,9.14,0.0,8.7613311,11,3,12
2024-12-12 12:00:00,17.503333333333334,11.3,0.0,8.2642343,12,3,12
2024-12-12 13:00:00,17.73,13.100000000000001,0.0,7.8914117,13,3,12
2024-12-12 14:00:00,17.276666666666667,14.720000000000002,0.0,7.3321778,14,3,12
2024-12-12 15:00:00,15.910000000000002,15.620000000000001,0.0,7.0214923,15,3,12
2024-12-12 16:00:00,13.636666666666665,15.8,0.0,6.21371,16,3,12
2024-12-12 17:00:00,12.725,15.8,0.0,5.530201900000001,17,3,12
2024-12-12 18:00:00,14.773333333333333,15.620000000000001,0.0,5.0331051,18,3,12
2024-12-12 19:00:00,17.275000000000002,15.620000000000001,0.0,4.8466938,19,3,12
2024-12-12 20:00:00,18.183333333333334,14.36,0.0,4.411734099999999,20,3,12
2024-12-12 21:00:00,20.008333333333333,14.18,0.0,4.1631857000000005,21,3,12
2024-12-12 22:00:00,20.076666666666664,14.36,0.0,4.411734099999999,22,3,12
2024-12-12 23:00:00,21.83,14.18,0.0,4.1631857000000005,23,3,12
2024-12-13 00:00:00,23.400000000000002,12.920000000000002,0.0,3.9767744,0,4,12
2024-12-13 01:00:00,23.486666666666665,12.2,0.0,5.0331051,1,4,12
2024-12-13 02:00:00,26.136666666666667,11.3,0.0,5.4680648000000005,2,4,12
2024-12-13 03:00:00,25.42,10.579999999999998,0.0,5.4059276999999994,3,4,12
2024-12-13 04:00:00,26.09,10.04,0.0,5.3437906,4,4,12
2024-12-13 05:00:00,22.613333333333333,9.86,0.0,5.592339,5,4,12
2024-12-13 06:00:00,20.224999999999998,10.759999999999998,0.0,4.5360083,6,4,12
2024-12-13 07:00:00,17.275000000000002,11.66,0.0,4.1010485999999995,7,4,12
2024-12-13 08:00:00,15.255,11.84,0.0,4.9088309,8,4,12
2024-12-13 09:00:00,16.478333333333335,12.920000000000002,0.0,4.2874599,9,4,12
2024-12-13 10:00:00,18.523333333333333,14.54,0.0,4.1010485999999995,10,4,12
2024-12-13 11:00:00,17.96166666666667,17.06,0.0,3.9767744,11,4,12
2024-12-13 12:00:00,17.50166666666667,18.86,0.0,3.6660889,12,4,12
2024-12-13 13:00:00,17.163333333333334,20.66,0.0,2.3612098,13,4,12
2024-12-13 14:00:00,17.616666666666667,22.1,0.0,0.3728226,14,4,12
2024-12-13 15:00:00,15.795,23.0,0.0,2.9825808,15,4,12
2024-12-13 16:00:00,14.32,23.72,0.0,5.6544761,16,4,12
2024-12-13 17:00:00,13.635,24.439999999999998,0.0,6.7729439000000005,17,4,12
2024-12-13 18:00:00,16.021666666666665,24.98,0.0,7.7671375000000005,18,4,12
2024-12-13 19:00:00,17.275000000000002,24.8,0.0,8.512782699999999,19,4,12
2024-12-13 20:00:00,18.103333333333335,25.7,0.0,9.320565,20,4,12
2024-12-13 21:00:00,19.171666666666667,25.52,0.0,9.5069763,21,4,12
2024-12-13 22:00:00,19.656666666666666,25.16,0.0,10.004073100000001,22,4,12
2024-12-13 23:00:00,21.705,24.8,0.0,9.6933876,23,4,12
2024-12-14 00:00:00,23.171666666666667,24.62,0.0,9.3827021,0,5,12
2024-12-14 01:00:00,24.875,24.62,0.0,9.258427900000001,1,5,12
2024-12-14 02:00:00,25.37,24.62,0.0,9.134153699999999,2,5,12
2024-12-14 03:00:00,24.861666666666665,24.98,0.0,9.0720166,3,5,12
2024-12-14 04:00:00,24.948333333333334,25.34,0.0,9.320565,4,5,12
2024-12-14 05:00:00,23.65833333333333,24.8,0.0,9.3827021,5,5,12
2024-12-14 06:00:00,22.955,25.52,0.0,10.1283473,6,5,12
2024-12-14 07:00:00,22.15833333333333,26.240000000000002,0.0,10.2526215,7,5,12
2024-12-14 08:00:00,21.365,26.78,0.0,9.320565,8,5,12
2024-12-14 09:00:00,19.488333333333333,27.32,0.0,9.134153699999999,9,5,12
2024-12-14 10:00:00,18.636666666666667,28.94,0.0,9.0098795,10,5,12
2024-12-14 11:00:00,18.55666666666667,30.56,0.0,10.1283473,11,5,12
2024-12-14 12:00:00,18.171666666666667,32.0,0.0,9.1962908,12,5,12
2024-12-14 13:00:00,17.768333333333334,33.62,0.0,7.3321778,13,5,12
2024-12-14 14:00:00,17.503333333333334,34.52,0.0,6.4001213,14,5,12
2024-12-14 15:00:00,17.076666666666668,35.42,0.0,7.3943149,15,5,12
2024-12-14 16:00:00,15.793333333333331,36.14,0.1,10.314758600000001,16,5,12
2024-12-14 17:00:00,15.908333333333333,36.68,0.2,11.743911899999999,17,5,12
2024-12-14 18:00:00,15.795,36.68,0.3,9.6933876,18,5,12
2024-12-14 19:00:00,16.135,36.86,1.1,11.246815100000001,19,5,12
2024-12-14 20:00:00,17.768333333333334,36.5,1.1,12.5516942,20,5,12
2024-12-14 21:00:00,18.976666666666667,36.5,1.1,13.297339399999998,21,5,12
2024-12-14 22:00:00,19.09,36.68,2.0,13.1730652,22,5,12
2024-12-14 23:00:00,20.224999999999998,36.86,1.2,14.291533,23,5,12
2024-12-15 00:00:00,20.566666666666666,37.4,1.3,14.9750411,0,6,12
2024-12-15 01:00:00,23.40833333333333,37.76,1.1,11.371089300000001,1,6,12
2024-12-15 02:00:00,27.125,38.839999999999996,0.3,11.371089300000001,2,6,12
2024-12-15 03:00:00,23.77333333333333,39.38,0.1,10.936129600000001,3,6,12
2024-12-15 04:00:00,24.478333333333335,39.02,0.1,10.0662102,4,6,12
2024-12-15 05:00:00,23.146666666666665,38.839999999999996,0.0,8.637056900000001,5,6,12
2024-12-15 06:00:00,22.853333333333335,38.839999999999996,0.0,8.077823,6,6,12
2024-12-15 07:00:00,21.478333333333335,39.02,0.1,6.2758471,7,6,12
2024-12-15 08:00:00,21.603333333333335,41.0,0.3,5.9651616,8,6,12
2024-12-15 09:00:00,21.626666666666665,40.64,0.1,4.5360083,9,6,12
2024-12-15 10:00:00,20.11,42.260000000000005,0.0,6.027298699999999,10,6,12
2024-12-15 11:00:00,19.656666666666666,44.06,0.0,6.21371,11,6,12
2024-12-15 12:00:00,18.55666666666667,45.68,0.0,6.8972181,12,6,12
2024-12-15 13:00:00,17.73,45.32,0.0,4.5981454,13,6,12
2024-12-15 14:00:00,17.616666666666667,45.86,0.0,5.4680648000000005,14,6,12
2024-12-15 15:00:00,17.386666666666667,45.86,0.0,4.970968,15,6,12
2024-12-15 16:00:00,16.705000000000002,44.78,0.0,5.0331051,16,6,12
2024-12-15 17:00:00,17.046666666666667,43.519999999999996,0.0,5.3437906,17,6,12
2024-12-15 18:00:00,17.616666666666667,42.260000000000005,0.0,5.9030245,18,6,12
2024-12-15 19:00:00,18.863333333333333,41.36,0.0,6.648669699999999,19,6,12
2024-12-15 20:00:00,20.111666666666668,41.9,0.0,7.7671375000000005,20,6,12
2024-12-15 21:00:00,20.37333333333333,41.72,0.0,6.7108068,21,6,12
2024-12-15 22:00:00,21.703333333333333,41.18,0.0,6.7108068,22,6,12
2024-12-15 23:00:00,21.933333333333334,40.64,0.0,6.337984199999999,23,6,12
2024-12-16 00:00:00,23.0,40.82,0.0,7.6428633,0,0,12
2024-12-16 01:00:00,23.808333333333334,40.1,0.0,8.202097199999999,1,0,12
2024-12-16 02:00:00,28.858333333333334,38.660000000000004,0.0,8.2642343,2,0,12
2024-12-16 03:00:00,25.845,37.94,0.0,8.3885085,3,0,12
2024-12-16 04:00:00,22.923333333333332,38.12,0.0,8.8856053,4,0,12
2024-12-16 05:00:00,22.72666666666667,38.839999999999996,0.7,8.077823,5,0,12
2024-12-16 06:00:00,19.885,40.28,0.6,9.3827021,6,0,12
2024-12-16 07:00:00,17.158333333333335,41.36,0.0,8.5749198,7,0,12
2024-12-16 08:00:00,15.226666666666667,45.14,0.1,7.6428633,8,0,12
2024-12-16 09:00:00,16.18166666666667,45.5,0.0,7.1457665,9,0,12
2024-12-16 10:00:00,17.933333333333334,46.04,0.0,7.1457665,10,0,12
2024-12-16 11:00:00,17.276666666666667,48.2,0.0,7.5185891,11,0,12
2024-12-16 12:00:00,17.503333333333334,49.46,0.0,8.1399601,12,0,12
2024-12-16 13:00:00,17.048333333333336,51.44,0.0,9.6312505,13,0,12
2024-12-16 14:00:00,17.048333333333336,52.16,0.0,9.5069763,14,0,12
2024-12-16 15:00:00,15.886666666666665,52.16,0.0,10.625444100000001,15,0,12
2024-12-16 16:00:00,14.089999999999998,50.36,0.0,13.1730652,16,0,12
2024-12-16 17:00:00,13.293333333333331,47.120000000000005,0.0,12.675968399999999,17,0,12
2024-12-16 18:00:00,15.568333333333333,44.06,0.0,12.8623797,18,0,12
2024-12-16 19:00:00,17.616666666666667,41.54,0.0,12.1167345,19,0,12
2024-12-16 20:00:00,17.73,38.839999999999996,0.0,13.4216136,20,0,12
2024-12-16 21:00:00,19.43166666666667,39.56,0.0,12.42742,21,0,12
2024-12-16 22:00:00,20.455000000000002,38.839999999999996,0.0,12.7381055,22,0,12
2024-12-16 23:00:00,22.25,38.48,0.0,12.5516942,23,0,12
2024-12-17 00:00:00,22.97666666666667,38.3,0.0,12.054597399999999,0,1,12
2024-12-17 01:00:00,24.386666666666667,37.94,0.0,10.811855399999999,1,1,12
2024-12-17 02:00:00,23.138333333333332,37.04,0.0,9.6312505,2,1,12
2024-12-17 03:00:00,25.198333333333334,35.96,0.0,8.326371400000001,3,1,12
2024-12-17 04:00:00,23.896666666666665,34.88,0.0,8.637056900000001,4,1,12
2024-12-17 05:00:00,23.97666666666667,33.98,0.0,8.699194,5,1,12
2024-12-17 06:00:00,19.901666666666667,33.26,0.0,8.3885085,6,1,12
2024-12-17 07:00:00,16.933333333333334,33.44,0.0,8.8856053,7,1,12
2024-12-17 08:00:00,15.566666666666668,34.16,0.0,8.4506456,8,1,12
2024-12-17 09:00:00,16.705000000000002,34.16,0.0,8.015685900000001,9,1,12
2024-12-17 10:00:00,18.386666666666667,34.88,0.0,9.258427900000001,10,1,12
2024-12-17 11:00:00,17.843333333333334,35.6,0.0,10.811855399999999,11,1,12
2024-12-17 12:00:00,17.616666666666667,36.68,0.0,10.4390328,12,1,12
2024-12-17 13:00:00,17.503333333333334,38.3,0.0,8.326371400000001,13,1,12
2024-12-17 14:00:00,17.276666666666667,39.56,0.0,5.840887400000001,14,1,12
2024-12-17 15:00:00,16.021666666666665,39.74,0.0,4.349597,15,1,12
2024-12-17 16:00:00,13.863333333333335,39.38,0.0,3.7903631,16,1,12
2024-12-17 17:00:00,12.61,38.12,0.0,1.3670162000000001,17,1,12
2024-12-17 18:00:00,15.115,36.68,0.0,1.4291532999999998,18,1,12
2024-12-17 19:00:00,17.616666666666667,35.96,0.0,1.6155646000000001,19,1,12
2024-12-17 20:00:00,17.956666666666667,34.7,0.0,1.0563307,20,1,12
2024-12-17 21:00:00,19.641666666666666,33.62,0.0,1.5534275,21,1,12
2024-12-17 22:00:00,20.341666666666665,32.54,0.0,0.9320565000000001,22,1,12
2024-12-17 23:00:00,21.625,32.18,0.0,1.4912904,23,1,12
2024-12-18 00:00:00,23.64833333333333,32.72,0.0,2.9204437000000003,0,2,12
2024-12-18 01:00:00,25.05666666666667,33.44,0.0,3.9146373,1,2,12
2024-12-18 02:00:00,27.7,33.8,0.0,4.7224196,2,2,12
2024-12-18 03:00:00,30.65833333333333,33.8,0.0,5.1573793000000006,3,2,12
2024-12-18 04:00:00,24.92833333333333,33.44,0.0,6.0894358,4,2,12
2024-12-18 05:00:00,23.615,32.72,0.2,6.648669699999999,5,2,12
2024-12-18 06:00:00,20.68,32.54,0.3,7.2079036,6,2,12
2024-12-18 07:00:00,17.161666666666665,32.36,0.1,6.7729439000000005,7,2,12
2024-12-18 08:00:00,15.339999999999998,31.46,0.0,7.2700407,8,2,12
2024-12-18 09:00:00,16.138333333333332,31.82,0.0,6.648669699999999,9,2,12
2024-12-18 10:00:00,18.273333333333333,32.36,0.0,6.7729439000000005,10,2,12
2024-12-18 11:00:00,17.718333333333334,33.08,0.0,6.9593552,11,2,12
2024-12-18 12:00:00,17.275000000000002,33.98,0.0,7.8292746,12,2,12
2024-12-18 13:00:00,17.345000000000002,34.16,0.0,9.0098795,13,2,12
2024-12-18 14:00:00,17.161666666666665,33.26,0.0,8.637056900000001,14,2,12
2024-12-18 15:00:00,15.681666666666667,31.46,0.0,8.512782699999999,15,2,12
2024-12-18 16:00:00,13.523333333333333,30.92,0.0,8.512782699999999,16,2,12
2024-12-18 17:00:00,12.611666666666666,30.02,0.0,9.0720166,17,2,12
2024-12-18 18:00:00,15.228333333333333,29.12,0.0,8.823468199999999,18,2,12
2024-12-18 19:00:00,17.616666666666667,28.580000000000002,0.0,8.823468199999999,19,2,12
2024-12-18 20:00:00,17.616666666666667,27.68,0.0,7.5807262,20,2,12
2024-12-18 21:00:00,19.203333333333333,26.96,0.0,7.0214923,21,2,12
2024-12-18 22:00:00,20.94333333333333,26.6,0.0,5.592339,22,2,12
2024-12-18 23:00:00,21.81833333333333,26.42,0.0,4.349597,23,2,12
2024-12-19 00:00:00,23.613333333333333,26.240000000000002,0.0,2.9825808,0,3,12
2024-12-19 01:00:00,24.238333333333333,26.240000000000002,0.0,2.2369356000000002,1,3,12
2024-12-19 02:00:00,25.584999999999997,26.240000000000002,0.0,2.0505242999999997,2,3,12
2024-12-19 03:00:00,26.62,26.240000000000002,0.0,1.7398388,3,3,12
2024-12-19 04:00:00,24.99,26.42,0.0,3.106855,4,3,12
2024-12-19 05:00:00,23.021666666666665,26.240000000000002,0.0,4.0389115,5,3,12
2024-12-19 06:00:00,19.77,26.240000000000002,0.0,4.0389115,6,3,12
2024-12-19 07:00:00,17.388333333333332,26.240000000000002,0.0,3.5418147,7,3,12
2024-12-19 08:00:00,15.795,26.42,0.0,2.6718953,8,3,12
2024-12-19 09:00:00,17.161666666666665,26.96,0.0,2.9825808,9,3,12
2024-12-19 10:00:00,18.28,27.68,0.0,3.8525002,10,3,12
2024-12-19 11:00:00,18.183333333333334,28.04,0.0,5.1573793000000006,11,3,12
2024-12-19 12:00:00,18.07,29.48,0.0,7.8914117,12,3,12
2024-12-19 13:00:00,17.73,29.66,0.0,7.7671375000000005,13,3,12
2024-12-19 14:00:00,17.616666666666667,29.84,0.1,9.3827021,14,3,12
2024-12-19 15:00:00,16.365,30.92,0.0,8.637056900000001,15,3,12
2024-12-19 16:00:00,14.205,31.82,0.0,9.258427900000001,16,3,12
2024-12-19 17:00:00,12.270000000000001,31.28,0.0,9.941936,17,3,12
2024-12-19 18:00:00,14.32,31.1,0.4,8.947742400000001,18,3,12
2024-12-19 19:00:00,16.365,31.64,0.0,7.3321778,19,3,12
2024-12-19 20:00:00,17.615,31.64,0.4,7.3321778,20,3,12
2024-12-19 21:00:00,19.77,31.64,0.5,6.8972181,21,3,12
2024-12-19 22:00:00,19.316666666666666,31.82,0.4,6.835081,22,3,12
2024-12-19 23:00:00,21.138333333333332,32.36,0.2,5.840887400000001,23,3,12
2024-12-20 00:00:00,22.738333333333333,32.72,0.0,5.4680648000000005,0,4,12
2024-12-20 01:00:00,23.215,32.54,0.1,3.7282260000000003,1,4,12
2024-12-20 02:00:00,25.308333333333334,31.64,0.0,0.9941936,2,4,12
2024-12-20 03:00:00,24.495,31.46,0.0,1.4912904,3,4,12
2024-12-20 04:00:00,24.503333333333334,32.0,0.0,2.9825808,4,4,12
2024-12-20 05:00:00,22.375,32.54,0.2,5.716613199999999,5,4,12
2024-12-20 06:00:00,20.113333333333333,32.9,0.4,9.320565,6,4,12
2024-12-20 07:00:00,17.273333333333333,33.62,0.5,10.563307,7,4,12
2024-12-20 08:00:00,15.339999999999998,33.8,0.2,15.844960500000001,8,4,12
2024-12-20 09:00:00,16.363333333333333,33.8,0.1,16.839154100000002,9,4,12
2024-12-20 10:00:00,17.843333333333334,33.8,0.1,17.274113800000002,10,4,12
2024-12-20 11:00:00,17.50166666666667,33.8,0.1,16.9012912,11,4,12
2024-12-20 12:00:00,17.163333333333334,33.98,0.0,16.652742800000002,12,4,12
2024-12-20 13:00:00,17.275000000000002,33.26,0.1,14.6022185,13,4,12
2024-12-20 14:00:00,17.956666666666667,30.02,0.2,14.3536701,14,4,12
2024-12-20 15:00:00,15.908333333333333,28.4,0.1,12.613831300000001,15,4,12
2024-12-20 16:00:00,14.546666666666667,27.68,0.0,11.6196377,16,4,12
2024-12-20 17:00:00,14.32,27.5,0.0,13.9808475,17,4,12
2024-12-20 18:00:00,16.075,26.96,0.1,13.3594765,18,4,12
2024-12-20 19:00:00,17.39,27.14,0.2,12.924516800000001,19,4,12
2024-12-20 20:00:00,18.75,26.060000000000002,0.0,11.246815100000001,20,4,12
2024-12-20 21:00:00,19.316666666666666,25.52,0.0,11.806049,21,4,12
2024-12-20 22:00:00,19.883333333333333,24.439999999999998,0.0,11.4953635,22,4,12
2024-12-20 23:00:00,21.365,23.72,0.0,10.3768957,23,4,12
2024-12-21 00:00:00,22.885,22.82,0.0,9.7555247,0,5,12
2024-12-21 01:00:00,24.386666666666667,22.28,0.0,9.3827021,1,5,12
2024-12-21 02:00:00,23.25,21.92,0.0,9.134153699999999,2,5,12
2024-12-21 03:00:00,26.876666666666665,20.84,0.0,9.134153699999999,3,5,12
2024-12-21 04:00:00,27.12,19.58,0.0,9.0720166,4,5,12
2024-12-21 05:00:00,25.05666666666667,19.4,0.0,8.5749198,5,5,12
2024-12-21 06:00:00,22.785,19.04,0.0,8.3885085,6,5,12
2024-12-21 07:00:00,22.89833333333333,17.6,0.0,7.6428633,7,5,12
2024-12-21 08:00:00,22.295,16.7,0.0,7.1457665,8,5,12
2024-12-21 09:00:00,21.706666666666667,15.620000000000001,0.0,6.5865326,9,5,12
2024-12-21 10:00:00,20.226666666666667,16.34,0.0,5.9030245,10,5,12
2024-12-21 11:00:00,19.203333333333333,17.240000000000002,0.0,5.840887400000001,11,5,12
2024-12-21 12:00:00,18.183333333333334,19.04,0.0,5.2816535,12,5,12
2024-12-21 13:00:00,18.07,20.3,0.0,4.6602825,13,5,12
2024-12-21 14:00:00,17.616666666666667,21.2,0.0,4.411734099999999,14,5,12
2024-12-21 15:00:00,16.706666666666667,21.38,0.0,3.7903631,15,5,12
2024-12-21 18:00:00,17.0475,19.22,0.0,2.9825808,18,5,12
2024-12-21 19:00:00,17.73,18.32,0.0,3.0447179,19,5,12
2024-12-21 20:00:00,19.033333333333335,21.2,0.0,3.106855,20,5,12
2024-12-21 21:00:00,20.111666666666668,20.66,0.0,3.2311292000000003,21,5,12
2024-12-21 22:00:00,20.34,20.3,0.0,3.2311292000000003,22,5,12
2024-12-21 23:00:00,21.47666666666667,19.939999999999998,0.0,2.7340324000000003,23,5,12
2024-12-22 00:00:00,22.72666666666667,20.12,0.0,2.5476210999999997,0,6,12
2024-12-22 01:00:00,24.718333333333334,19.22,0.0,2.485484,1,6,12
2024-12-22 02:00:00,27.02333333333333,17.240000000000002,0.0,2.6097582,2,6,12
2024-12-22 03:00:00,23.33666666666667,16.7,0.0,2.9204437000000003,3,6,12
2024-12-22 04:00:00,23.224999999999998,15.8,0.0,2.9204437000000003,4,6,12
2024-12-22 05:00:00,24.46666666666667,14.54,0.0,3.2932663,5,6,12
2024-12-22 06:00:00,22.27333333333333,16.7,0.0,4.0389115,6,6,12
2024-12-22 07:00:00,22.64833333333333,17.779999999999998,0.0,3.7903631,7,6,12
2024-12-22 08:00:00,22.56833333333333,18.68,0.0,5.716613199999999,8,6,12
2024-12-22 09:00:00,22.24,20.12,0.0,6.2758471,9,6,12
2024-12-22 10:00:00,19.523333333333333,21.560000000000002,0.0,6.5865326,10,6,12
2024-12-22 11:00:00,19.203333333333333,23.72,0.0,7.3943149,11,6,12
2024-12-22 12:00:00,18.523333333333333,26.060000000000002,0.0,7.5185891,12,6,12
2024-12-22 13:00:00,18.978333333333335,28.04,0.0,7.2700407,13,6,12
2024-12-22 14:00:00,18.03,30.02,0.0,7.3321778,14,6,12
2024-12-22 15:00:00,16.023333333333333,31.1,0.0,8.202097199999999,15,6,12
2024-12-22 16:00:00,15.455,31.64,0.0,8.7613311,16,6,12
2024-12-22 17:00:00,16.135,30.92,0.0,8.8856053,17,6,12
2024-12-22 18:00:00,17.956666666666667,31.1,0.0,10.004073100000001,18,6,12
2024-12-22 19:00:00,18.965,31.1,0.0,10.563307,19,6,12
2024-12-22 20:00:00,21.0,30.92,0.0,11.246815100000001,20,6,12
2024-12-22 21:00:00,21.136666666666667,30.92,0.0,12.303145800000001,21,6,12
2024-12-22 22:00:00,21.945000000000004,31.46,0.0,12.1788716,22,6,12
2024-12-22 23:00:00,23.525000000000002,31.64,0.0,12.5516942,23,6,12
2024-12-23 00:00:00,23.238333333333333,31.28,0.0,12.7381055,0,0,12
2024-12-23 01:00:00,24.973333333333333,30.56,0.0,12.1788716,1,0,12
2024-12-23 02:00:00,25.125,30.56,0.0,11.433226399999999,2,0,12
2024-12-23 03:00:00,28.084999999999997,30.2,0.0,11.806049,3,0,12
2024-12-23 04:00:00,26.97666666666667,30.2,0.0,11.681774800000001,4,0,12
2024-12-23 05:00:00,23.298333333333332,30.56,0.0,11.992460300000001,5,0,12
2024-12-23 06:00:00,19.99833333333333,31.1,0.0,12.1167345,6,0,12
2024-12-23 07:00:00,17.048333333333336,32.0,0.0,11.371089300000001,7,0,12
2024-12-23 08:00:00,14.546666666666667,33.62,0.0,9.8797989,8,0,12
2024-12-23 09:00:00,15.953333333333333,33.98,0.0,10.1283473,9,0,12
2024-12-23 10:00:00,17.843333333333334,34.7,0.0,9.258427900000001,10,0,12
2024-12-23 11:00:00,17.73,35.6,0.0,8.637056900000001,11,0,12
2024-12-23 12:00:00,17.276666666666667,36.32,0.0,8.823468199999999,12,0,12
2024-12-23 13:00:00,17.276666666666667,36.86,0.0,8.2642343,13,0,12
2024-12-23 14:00:00,17.163333333333334,37.76,0.0,7.8914117,14,0,12
2024-12-23 15:00:00,15.226666666666667,38.660000000000004,0.0,7.0836294,15,0,12
2024-12-23 16:00:00,13.521666666666667,39.56,0.0,6.5243955,16,0,12
2024-12-23 17:00:00,12.270000000000001,39.02,0.1,5.2816535,17,0,12
2024-12-23 18:00:00,14.998333333333333,38.3,0.0,4.411734099999999,18,0,12
2024-12-23 19:00:00,17.616666666666667,37.94,0.0,2.7340324000000003,19,0,12
2024-12-23 20:00:00,18.55333333333333,35.6,0.6,6.9593552,20,0,12
2024-12-23 21:00:00,19.885,35.6,0.0,5.592339,21,0,12
2024-12-23 22:00:00,21.135,35.06,0.0,5.9651616,22,0,12
2024-12-23 23:00:00,22.238333333333333,35.06,0.0,6.4622584000000005,23,0,12
2024-12-24 00:00:00,23.808333333333334,33.98,0.0,7.4564520000000005,0,1,12
2024-12-24 01:00:00,24.93166666666667,33.8,0.0,7.0214923,1,1,12
2024-12-24 02:00:00,26.618333333333336,33.98,0.0,8.1399601,2,1,12
2024-12-24 03:00:00,27.346666666666668,34.16,0.0,7.2079036,3,1,12
2024-12-24 04:00:00,26.81833333333333,34.34,0.0,5.2195164,4,1,12
2024-12-24 05:00:00,22.955,34.16,0.0,4.5360083,5,1,12
2024-12-24 06:00:00,20.451666666666664,33.98,0.0,5.0952421999999995,6,1,12
2024-12-24 07:00:00,17.275000000000002,34.7,0.0,6.337984199999999,7,1,12
2024-12-24 08:00:00,14.660000000000002,35.42,0.0,7.2700407,8,1,12
2024-12-24 09:00:00,16.533333333333335,35.42,0.0,7.3943149,9,1,12
2024-12-24 10:00:00,17.961666666666666,35.96,0.0,7.2700407,10,1,12
2024-12-24 11:00:00,18.07,35.96,0.0,6.0894358,11,1,12
2024-12-24 12:00:00,17.73,36.86,0.0,7.7050004,12,1,12
2024-12-24 13:00:00,17.843333333333334,36.14,0.0,7.6428633,13,1,12
2024-12-24 14:00:00,17.39,36.32,0.0,5.840887400000001,14,1,12
2024-12-24 15:00:00,15.793333333333331,35.96,0.0,4.7224196,15,1,12
2024-12-24 16:00:00,14.775,35.6,0.0,4.6602825,16,1,12
2024-12-24 17:00:00,13.181666666666667,34.88,0.0,5.1573793000000006,17,1,12
2024-12-24 18:00:00,15.566666666666668,33.62,0.0,4.1010485999999995,18,1,12
2024-12-24 19:00:00,17.843333333333334,33.44,0.0,3.9146373,19,1,12
2024-12-24 20:00:00,18.953333333333333,33.8,0.0,1.7398388,20,1,12
2024-12-24 21:00:00,19.316666666666666,33.98,0.0,0.4970968,21,1,12
2024-12-24 22:00:00,21.021666666666665,33.44,0.0,1.9262501,22,1,12
2024-12-24 23:00:00,22.578333333333333,32.54,0.0,1.5534275,23,1,12
2024-12-25 00:00:00,23.103333333333335,32.18,0.0,0.2485484,0,2,12
2024-12-25 01:00:00,24.320000000000004,31.1,0.0,1.1806049,1,2,12
2024-12-25 02:00:00,22.188333333333333,30.92,0.0,0.8699194,2,2,12
2024-12-25 03:00:00,29.88,30.56,0.0,0.3728226,3,2,12
2024-12-25 04:00:00,25.683333333333334,31.1,0.0,3.1689920999999996,4,2,12
2024-12-25 05:00:00,24.888333333333335,31.28,0.0,2.7961695,5,2,12
2024-12-25 06:00:00,22.72666666666667,31.28,0.0,2.0505242999999997,6,2,12
2024-12-25 07:00:00,22.84166666666667,32.36,0.0,2.2990727,7,2,12
2024-12-25 08:00:00,23.298333333333332,32.9,0.0,2.9825808,8,2,12
2024-12-25 09:00:00,22.49,34.16,0.0,3.9767744,9,2,12
2024-12-25 10:00:00,21.820000000000004,35.6,0.0,4.5981454,10,2,12
2024-12-25 11:00:00,20.34,36.5,0.0,5.530201900000001,11,2,12
2024-12-25 12:00:00,20.113333333333333,37.04,0.0,6.7108068,12,2,12
2024-12-25 13:00:00,18.976666666666667,36.68,0.0,6.4001213,13,2,12
2024-12-25 14:00:00,18.863333333333333,36.68,0.0,6.027298699999999,14,2,12
2024-12-25 15:00:00,18.183333333333334,36.68,0.0,5.0331051,15,2,12
2024-12-25 16:00:00,17.956666666666667,36.32,0.0,4.5981454,16,2,12
2024-12-25 17:00:00,17.388333333333332,35.78,0.0,4.6602825,17,2,12
2024-12-25 18:00:00,17.956666666666667,35.78,0.0,4.411734099999999,18,2,12
2024-12-25 19:00:00,19.76,36.14,0.0,4.4738712000000005,19,2,12
2024-12-25 20:00:00,19.656666666666666,36.5,0.0,5.0331051,20,2,12
2024-12-25 21:00:00,20.705000000000002,36.68,0.0,5.592339,21,2,12
2024-12-25 22:00:00,22.15833333333333,36.86,0.0,5.716613199999999,22,2,12
2024-12-25 23:00:00,21.56833333333333,36.68,0.0,5.4059276999999994,23,2,12
2024-12-26 00:00:00,22.045,36.5,0.0,5.0331051,0,3,12
2024-12-26 01:00:00,23.125,36.5,0.0,5.0331051,1,3,12
2024-12-26 02:00:00,25.535,36.68,0.0,4.970968,2,3,12
2024-12-26 03:00:00,29.728333333333335,36.86,0.0,4.6602825,3,3,12
2024-12-26 04:00:00,24.261666666666667,37.22,0.0,4.5360083,4,3,12
2024-12-26 05:00:00,23.41,37.04,0.0,4.0389115,5,3,12
2024-12-26 06:00:00,20.68,36.68,0.0,4.411734099999999,6,3,12
2024-12-26 07:00:00,16.933333333333334,36.5,0.0,4.7224196,7,3,12
2024-12-26 08:00:00,14.546666666666667,39.2,0.0,5.592339,8,3,12
2024-12-26 09:00:00,16.021666666666665,39.02,0.0,6.0894358,9,3,12
2024-12-26 10:00:00,17.775000000000002,40.1,0.0,6.4622584000000005,10,3,12
2024-12-26 11:00:00,18.07,41.72,0.0,6.7108068,11,3,12
2024-12-26 12:00:00,17.163333333333334,43.16,0.0,6.8972181,12,3,12
2024-12-26 13:00:00,17.048333333333336,43.519999999999996,0.0,6.9593552,13,3,12
2024-12-26 14:00:00,17.225,45.32,0.0,7.6428633,14,3,12
2024-12-26 15:00:00,15.0,46.22,0.0,5.840887400000001,15,3,12
2024-12-26 16:00:00,13.520000000000001,46.76,0.0,6.0894358,16,3,12
2024-12-26 17:00:00,12.270000000000001,46.4,0.0,6.4622584000000005,17,3,12
2024-12-26 18:00:00,15.0,45.68,0.0,7.5807262,18,3,12
2024-12-26 19:00:00,16.476666666666667,44.6,0.0,8.1399601,19,3,12
2024-12-26 20:00:00,17.956666666666667,43.519999999999996,0.2,9.0720166,20,3,12
2024-12-26 21:00:00,18.716666666666665,43.519999999999996,0.2,9.0720166,21,3,12
2024-12-26 22:00:00,19.771666666666665,43.34,0.1,8.699194,22,3,12
2024-12-26 23:00:00,20.455000000000002,43.16,0.5,8.699194,23,3,12
2024-12-27 00:00:00,22.40833333333333,42.980000000000004,0.2,7.8914117,0,4,12
2024-12-27 01:00:00,23.011666666666667,42.8,0.0,8.015685900000001,1,4,12
2024-12-27 02:00:00,25.06833333333333,42.44,0.0,7.4564520000000005,2,4,12
2024-12-27 03:00:00,25.77333333333333,42.08,0.0,6.9593552,3,4,12
2024-12-27 04:00:00,25.583333333333332,41.9,0.0,8.077823,4,4,12
2024-12-27 05:00:00,23.488333333333333,42.260000000000005,0.0,9.0098795,5,4,12
2024-12-27 06:00:00,19.886666666666667,41.9,0.6,8.699194,6,4,12
2024-12-27 07:00:00,17.388333333333332,41.54,0.3,8.699194,7,4,12
2024-12-27 08:00:00,14.546666666666667,43.16,0.1,10.0662102,8,4,12
2024-12-27 09:00:00,15.795,43.34,0.0,9.8176618,9,4,12
2024-12-27 10:00:00,18.183333333333334,43.7,0.0,10.3768957,10,4,12
2024-12-27 11:00:00,17.616666666666667,44.06,0.1,9.134153699999999,11,4,12
2024-12-27 12:00:00,17.161666666666665,44.42,0.3,9.1962908,12,4,12
2024-12-27 13:00:00,16.933333333333334,44.06,1.0,9.8176618,13,4,12
2024-12-27 14:00:00,17.275000000000002,44.42,1.0,8.5749198,14,4,12
2024-12-27 15:00:00,15.339999999999998,45.86,0.3,10.1283473,15,4,12
2024-12-27 16:00:00,13.406666666666666,46.58,0.1,10.0662102,16,4,12
2024-12-27 17:00:00,12.838333333333333,46.94,0.2,9.941936,17,4,12
2024-12-27 18:00:00,15.0,47.3,0.1,10.314758600000001,18,4,12
2024-12-27 19:00:00,16.705000000000002,47.84,0.1,10.8739925,19,4,12
2024-12-27 20:00:00,17.786666666666665,48.02,0.1,10.6875812,20,4,12
2024-12-27 21:00:00,18.976666666666667,48.379999999999995,0.3,11.060403800000001,21,4,12
2024-12-27 22:00:00,20.11,48.92,0.2,11.6196377,22,4,12
2024-12-27 23:00:00,21.25166666666667,49.46,0.8,11.681774800000001,23,4,12
2024-12-28 00:00:00,23.06833333333333,49.28,0.8,12.8623797,0,5,12
2024-12-28 01:00:00,23.52333333333333,49.64,0.1,15.0371782,1,5,12
2024-12-28 02:00:00,21.573333333333334,49.1,0.0,14.4779443,2,5,12
2024-12-28 03:00:00,26.723333333333333,48.92,0.0,13.297339399999998,3,5,12
2024-12-28 04:00:00,25.186666666666667,48.74,0.1,12.8002426,4,5,12
2024-12-28 05:00:00,23.75,48.56,0.0,13.1730652,5,5,12
2024-12-28 06:00:00,21.93166666666667,47.84,0.0,13.608024899999998,6,5,12
2024-12-28 07:00:00,21.808333333333334,47.3,0.1,12.42742,7,5,12
2024-12-28 08:00:00,20.34,47.66,0.0,11.743911899999999,8,5,12
2024-12-28 09:00:00,18.865,47.120000000000005,0.0,11.9303232,9,5,12
2024-12-28 10:00:00,17.723333333333333,46.94,0.0,11.371089300000001,10,5,12
2024-12-28 11:00:00,17.843333333333334,46.94,0.0,10.625444100000001,11,5,12
2024-12-28 12:00:00,17.616666666666667,46.94,0.0,10.936129600000001,12,5,12
2024-12-28 13:00:00,17.616666666666667,47.66,0.0,10.4390328,13,5,12
2024-12-28 14:00:00,16.935,49.1,0.0,9.941936,14,5,12
2024-12-28 15:00:00,16.705000000000002,49.28,0.0,8.699194,15,5,12
2024-12-28 16:00:00,16.363333333333333,49.82,0.0,6.835081,16,5,12
2024-12-28 17:00:00,16.25,48.92,0.0,4.9088309,17,5,12
2024-12-28 18:00:00,16.825,46.4,0.0,3.4796776,18,5,12
2024-12-28 19:00:00,17.275000000000002,45.14,0.0,2.3612098,19,5,12
2024-12-28 20:00:00,18.12666666666667,45.32,0.0,0.8077823000000001,20,5,12
2024-12-28 21:00:00,19.135,44.6,0.0,4.970968,21,5,12
2024-12-28 22:00:00,18.863333333333333,43.879999999999995,0.0,2.7340324000000003,22,5,12
2024-12-28 23:00:00,20.908333333333335,43.16,0.0,2.1747985,23,5,12
2024-12-29 00:00:00,22.386666666666667,43.519999999999996,0.0,3.106855,0,6,12
2024-12-29 01:00:00,22.941666666666666,42.980000000000004,0.0,3.7282260000000003,1,6,12
2024-12-29 02:00:00,23.876666666666665,42.260000000000005,0.0,5.2816535,2,6,12
2024-12-29 03:00:00,26.05666666666667,42.08,0.2,6.648669699999999,3,6,12
2024-12-29 04:00:00,23.795,42.260000000000005,0.4,8.637056900000001,4,6,12
2024-12-29 05:00:00,23.141666666666666,42.260000000000005,0.8,10.314758600000001,5,6,12
2024-12-29 06:00:00,22.066666666666666,41.72,0.9,11.371089300000001,6,6,12
2024-12-29 07:00:00,22.27333333333333,41.54,1.3,10.6875812,7,6,12
2024-12-29 08:00:00,21.128333333333334,42.08,0.6,9.3827021,8,6,12
2024-12-29 09:00:00,20.91,41.72,0.7,8.512782699999999,9,6,12
2024-12-29 10:00:00,20.145,42.260000000000005,0.8,7.2079036,10,6,12
2024-12-29 11:00:00,19.09,42.260000000000005,1.4,9.7555247,11,6,12
2024-12-29 12:00:00,18.976666666666667,41.72,1.2,10.314758600000001,12,6,12
2024-12-29 13:00:00,18.183333333333334,40.46,0.7,11.557500600000001,13,6,12
2024-12-29 14:00:00,17.275000000000002,39.38,1.1,12.2410087,14,6,12
2024-12-29 15:00:00,17.39,38.660000000000004,1.4,11.743911899999999,15,6,12
2024-12-29 16:00:00,17.048333333333336,38.48,1.4,12.986653899999999,16,6,12
2024-12-29 17:00:00,16.805,38.660000000000004,1.0,12.2410087,17,6,12
2024-12-29 18:00:00,18.07,38.48,0.4,10.314758600000001,18,6,12
2024-12-29 19:00:00,18.976666666666667,38.12,0.1,10.625444100000001,19,6,12
2024-12-29 20:00:00,20.794999999999998,38.839999999999996,0.1,9.0720166,20,6,12
2024-12-29 21:00:00,20.68,37.76,0.0,8.512782699999999,21,6,12
2024-12-29 22:00:00,20.68166666666667,37.04,0.0,8.4506456,22,6,12
2024-12-29 23:00:00,22.55666666666667,36.32,0.0,8.015685900000001,23,6,12
2024-12-30 00:00:00,23.31833333333333,35.96,0.0,8.326371400000001,0,0,12
2024-12-30 01:00:00,24.554999999999996,35.96,0.0,8.5749198,1,0,12
2024-12-30 02:00:00,26.790000000000003,35.78,0.0,7.5807262,2,0,12
2024-12-30 03:00:00,26.228333333333335,35.78,0.0,6.5243955,3,0,12
2024-12-30 04:00:00,27.02333333333333,35.6,0.0,6.8972181,4,0,12
2024-12-30 05:00:00,23.365,34.52,0.0,7.3321778,5,0,12
2024-12-30 06:00:00,20.111666666666668,33.44,0.0,6.5865326,6,0,12
2024-12-30 07:00:00,16.935,32.54,0.0,7.3321778,7,0,12
2024-12-30 08:00:00,14.660000000000002,33.26,0.0,7.7050004,8,0,12
2024-12-30 09:00:00,16.25166666666667,32.72,0.0,5.840887400000001,9,0,12
2024-12-30 10:00:00,17.50166666666667,33.44,0.0,5.6544761,10,0,12
2024-12-30 11:00:00,17.73,35.24,0.0,6.7108068,11,0,12
2024-12-30 12:00:00,17.275000000000002,37.04,0.0,7.4564520000000005,12,0,12
2024-12-30 13:00:00,17.186,39.02,0.0,6.151572900000001,13,0,12
2024-12-30 14:00:00,17.161666666666665,40.82,0.0,6.0894358,14,0,12
2024-12-30 15:00:00,15.818000000000001,41.9,0.0,4.2874599,15,0,12
2024-12-30 16:00:00,13.293333333333331,42.260000000000005,0.0,3.106855,16,0,12
2024-12-30 17:00:00,12.544,41.0,0.0,0.9320565000000001,17,0,12
2024-12-30 18:00:00,15.566666666666668,38.839999999999996,0.0,2.6097582,18,0,12
2024-12-30 19:00:00,17.161666666666665,37.94,0.0,3.4796776,19,0,12
2024-12-30 20:00:00,18.75,38.12,0.0,4.8466938,20,0,12
2024-12-30 21:00:00,20.396666666666665,38.660000000000004,0.0,4.9088309,21,0,12
2024-12-30 22:00:00,19.771666666666665,38.48,0.0,4.2874599,22,0,12
2024-12-30 23:00:00,21.25,38.660000000000004,0.0,4.970968,23,0,12
2024-12-31 00:00:00,22.671666666666667,38.48,0.1,6.2758471,0,1,12
2024-12-31 01:00:00,23.06833333333333,38.48,0.1,7.3321778,1,1,12
2024-12-31 02:00:00,24.993333333333336,38.660000000000004,0.2,8.015685900000001,2,1,12
2024-12-31 03:00:00,24.703333333333333,38.660000000000004,0.2,10.1283473,3,1,12
2024-12-31 04:00:00,19.811666666666667,38.660000000000004,0.1,12.613831300000001,4,1,12
2024-12-31 05:00:00,22.295,38.660000000000004,0.1,14.912904000000001,5,1,12
2024-12-31 06:00:00,19.203333333333333,38.839999999999996,0.3,16.652742800000002,6,1,12
2024-12-31 07:00:00,16.706666666666667,39.02,0.1,17.025565399999998,7,1,12
2024-12-31 08:00:00,14.32,40.28,0.5,16.155646,8,1,12
2024-12-31 09:00:00,15.953999999999999,40.1,0.6,16.5906057,9,1,12
2024-12-31 10:00:00,17.322,38.3,1.0,15.7206863,10,1,12
2024-12-31 11:00:00,17.161666666666665,36.5,1.2,13.235202300000001,11,1,12
2024-12-31 12:00:00,16.8775,37.76,0.9,14.4158072,12,1,12
2024-12-31 13:00:00,17.048333333333336,37.76,0.4,14.7886298,13,1,12
2024-12-31 14:00:00,17.163333333333334,36.86,0.5,13.4837507,14,1,12
2024-12-31 15:00:00,15.68,35.96,0.5,13.1109281,15,1,12
2024-12-31 16:00:00,13.861666666666666,35.78,0.3,13.3594765,16,1,12
2024-12-31 17:00:00,13.291666666666666,35.96,0.1,13.048791,17,1,12
2024-12-31 18:00:00,15.0,35.42,0.1,11.433226399999999,18,1,12
2024-12-31 19:00:00,17.616666666666667,34.16,0.1,10.811855399999999,19,1,12
2024-12-31 20:00:00,17.791666666666668,34.16,0.1,9.5691134,20,1,12
2024-12-31 21:00:00,18.08666666666667,33.8,0.0,9.5069763,21,1,12
2024-12-31 22:00:00,20.0,33.62,0.0,9.134153699999999,22,1,12
2024-12-31 23:00:00,19.206666666666667,33.26,0.0,8.2642343,23,1,12
